date,spy_close,tlt_close,gld_close,yield_spread_10y_2y
2010-01-04,84.79639434814453,56.13517761230469,109.80000305175781,2.76
2010-01-05,84.79639434814453,56.13517761230469,109.80000305175781,2.76
2010-01-05,85.02082824707031,56.497718811035156,109.69999694824219,2.76
2010-01-06,85.02082824707031,56.497718811035156,109.69999694824219,2.84
2010-01-06,85.08071899414062,55.74144744873047,111.51000213623047,2.84
2010-01-07,85.08071899414062,55.74144744873047,111.51000213623047,2.82
2010-01-07,85.43986511230469,55.83514404296875,110.81999969482422,2.82
2010-01-08,85.43986511230469,55.83514404296875,110.81999969482422,2.87
2010-01-08,85.72416687011719,55.810150146484375,111.37000274658203,2.87
2010-01-11,85.72416687011719,55.810150146484375,111.37000274658203,2.9
2010-01-11,85.84387969970703,55.503875732421875,112.8499984741211,2.9
2010-01-12,85.84387969970703,55.503875732421875,112.8499984741211,2.82
2010-01-12,85.04326629638672,56.453922271728516,110.48999786376953,2.82
2010-01-13,85.04326629638672,56.453922271728516,110.48999786376953,2.83
2010-01-13,85.76158142089844,55.79762268066406,111.54000091552734,2.83
2010-01-14,85.76158142089844,55.79762268066406,111.54000091552734,2.82
2010-01-14,85.99354553222656,56.57895278930664,112.02999877929688,2.82
2010-01-15,85.99354553222656,56.57895278930664,112.02999877929688,2.81
2010-01-15,85.02832794189453,56.92897033691406,110.86000061035156,2.81
2010-01-19,85.02832794189453,56.92897033691406,110.86000061035156,2.8
2010-01-19,86.09080505371094,56.7664909362793,111.5199966430664,2.8
2010-01-20,86.09080505371094,56.7664909362793,111.5199966430664,2.76
2010-01-20,85.21537780761719,57.34156036376953,108.94000244140625,2.76
2010-01-21,85.21537780761719,57.34156036376953,108.94000244140625,2.75
2010-01-21,83.57675170898438,57.60403823852539,107.37000274658203,2.75
2010-01-22,83.57675170898438,57.60403823852539,107.37000274658203,2.78
2010-01-22,81.71371459960938,57.50404739379883,107.16999816894531,2.78
2010-01-25,81.71371459960938,57.50404739379883,107.16999816894531,2.8
2010-01-25,82.1326904296875,57.241485595703125,107.4800033569336,2.8
2010-01-26,82.1326904296875,57.241485595703125,107.4800033569336,2.78
2010-01-26,81.78849792480469,57.260223388671875,107.55999755859375,2.78
2010-01-27,81.78849792480469,57.260223388671875,107.55999755859375,2.76
2010-01-27,82.17757415771484,57.228981018066406,106.52999877929688,2.76
2010-01-28,82.17757415771484,57.228981018066406,106.52999877929688,2.81
2010-01-28,81.2348403930664,57.19776153564453,106.4800033569336,2.81
2010-01-29,81.2348403930664,57.19776153564453,106.4800033569336,2.81
2010-01-29,80.35189819335938,57.69778823852539,105.95999908447266,2.81
2010-02-01,80.35189819335938,57.69778823852539,105.95999908447266,2.82
2010-02-01,81.6014404296875,57.174034118652344,108.3499984741211,2.82
2010-02-02,81.6014404296875,57.174034118652344,108.3499984741211,2.81
2010-02-02,82.5890884399414,57.33708572387695,109.12999725341797,2.81
2010-02-03,82.5890884399414,57.33708572387695,109.12999725341797,2.85
2010-02-03,82.17757415771484,56.672264099121094,108.69999694824219,2.85
2010-02-04,82.17757415771484,56.672264099121094,108.69999694824219,2.82
2010-02-04,79.64111328125,57.569217681884766,104.37000274658203,2.82
2010-02-05,79.64111328125,57.569217681884766,104.37000274658203,2.82
2010-02-05,79.80572509765625,57.69463348388672,104.68000030517578,2.82
2010-02-08,79.80572509765625,57.69463348388672,104.68000030517578,2.83
2010-02-08,79.22955322265625,57.769935607910156,104.04000091552734,2.83
2010-02-09,79.22955322265625,57.769935607910156,104.04000091552734,2.83
2010-02-09,80.22472381591797,57.192840576171875,105.41000366210938,2.83
2010-02-10,80.22472381591797,57.192840576171875,105.41000366210938,2.81
2010-02-10,80.0676040649414,56.64714050292969,105.12000274658203,2.81
2010-02-11,80.0676040649414,56.64714050292969,105.12000274658203,2.82
2010-02-11,80.90559387207031,56.33979415893555,107.12999725341797,2.82
2010-02-12,80.90559387207031,56.33979415893555,107.12999725341797,2.85
2010-02-12,80.8382568359375,56.5718879699707,107.04000091552734,2.85
2010-02-16,80.8382568359375,56.5718879699707,107.04000091552734,2.84
2010-02-16,82.1102294921875,56.67848587036133,109.62000274658203,2.84
2010-02-17,82.1102294921875,56.67848587036133,109.62000274658203,2.87
2010-02-17,82.49932861328125,56.03242874145508,109.25,2.87
2010-02-18,82.49932861328125,56.03242874145508,109.25,2.89
2010-02-18,82.98566436767578,55.80661392211914,109.9800033569336,2.89
2010-02-19,82.98566436767578,55.80661392211914,109.9800033569336,2.83
2010-02-19,83.15775299072266,56.10770034790039,109.47000122070312,2.83
2010-02-22,83.15775299072266,56.10770034790039,109.47000122070312,2.89
2010-02-22,83.17274475097656,55.875614166259766,109.06999969482422,2.89
2010-02-23,83.17274475097656,55.875614166259766,109.06999969482422,2.82
2010-02-23,82.16262817382812,56.747493743896484,107.88999938964844,2.82
2010-02-24,82.16262817382812,56.747493743896484,107.88999938964844,2.83
2010-02-24,82.91834259033203,56.88548278808594,107.36000061035156,2.83
2010-02-25,82.91834259033203,56.88548278808594,107.36000061035156,2.82
2010-02-25,82.80608367919922,57.20539855957031,108.30999755859375,2.82
2010-02-26,82.80608367919922,57.20539855957031,108.30999755859375,2.8
2010-02-26,82.85846710205078,57.50021743774414,109.43000030517578,2.8
2010-03-01,82.85846710205078,57.50021743774414,109.43000030517578,2.81
2010-03-01,83.71891784667969,57.475040435791016,109.43000030517578,2.81
2010-03-02,83.71891784667969,57.475040435791016,109.43000030517578,2.82
2010-03-02,83.95086669921875,57.399539947509766,111.0199966430664,2.82
2010-03-03,83.95086669921875,57.399539947509766,111.0199966430664,2.81
2010-03-03,84.02569580078125,57.25479507446289,111.62999725341797,2.81
2010-03-04,84.02569580078125,57.25479507446289,111.62999725341797,2.75
2010-03-04,84.28007507324219,57.55685043334961,110.83000183105469,2.75
2010-03-05,84.28007507324219,57.55685043334961,110.83000183105469,2.78
2010-03-05,85.48473358154297,56.80172348022461,110.80999755859375,2.78
2010-03-08,85.48473358154297,56.80172348022461,110.80999755859375,2.82
2010-03-08,85.49969482421875,56.506011962890625,109.87999725341797,2.82
2010-03-09,85.49969482421875,56.506011962890625,109.87999725341797,2.82
2010-03-09,85.64183807373047,56.51859664916992,109.72000122070312,2.82
2010-03-10,85.64183807373047,56.51859664916992,109.72000122070312,2.81
2010-03-10,86.02346801757812,56.37384796142578,108.47000122070312,2.81
2010-03-11,86.02346801757812,56.37384796142578,108.47000122070312,2.76
2010-03-11,86.38261413574219,56.58148956298828,108.5999984741211,2.76
2010-03-12,86.38261413574219,56.58148956298828,108.5999984741211,2.74
2010-03-12,86.39009094238281,56.93391418457031,107.94999694824219,2.74
2010-03-15,86.39009094238281,56.93391418457031,107.94999694824219,2.75
2010-03-15,86.41252899169922,56.858360290527344,108.36000061035156,2.75
2010-03-16,86.41252899169922,56.858360290527344,108.36000061035156,2.73
2010-03-16,87.10094451904297,57.31142044067383,110.4000015258789,2.73
2010-03-17,87.10094451904297,57.31142044067383,110.4000015258789,2.7
2010-03-17,87.61720275878906,57.55685043334961,109.58999633789062,2.7
2010-03-18,87.61720275878906,57.55685043334961,109.58999633789062,2.7
2010-03-18,87.57229614257812,57.36802673339844,110.33999633789062,2.7
2010-03-19,87.57229614257812,57.36802673339844,110.33999633789062,2.68
2010-03-19,87.12901306152344,57.42470932006836,108.27999877929688,2.68
2010-03-22,87.12901306152344,57.42470932006836,108.27999877929688,2.66
2010-03-22,87.59484100341797,57.48761749267578,107.75,2.66
2010-03-23,87.59484100341797,57.48761749267578,107.75,2.67
2010-03-23,88.21089935302734,57.21701431274414,108.31999969482422,2.67
2010-03-24,88.21089935302734,57.21701431274414,108.31999969482422,2.76
2010-03-24,87.78266906738281,56.172462463378906,106.30000305175781,2.76
2010-03-25,87.78266906738281,56.172462463378906,106.30000305175781,2.81
2010-03-25,87.639892578125,55.813838958740234,106.77999877929688,2.81
2010-03-26,87.639892578125,55.813838958740234,106.77999877929688,2.82
2010-03-26,87.58729553222656,55.97111129760742,108.58999633789062,2.82
2010-03-29,87.58729553222656,55.97111129760742,108.58999633789062,2.84
2010-03-29,88.1432876586914,55.7572021484375,108.75,2.84
2010-03-30,88.1432876586914,55.7572021484375,108.75,2.82
2010-03-30,88.20339965820312,55.93335723876953,107.97000122070312,2.82
2010-03-31,88.20339965820312,55.93335723876953,107.97000122070312,2.82
2010-03-31,87.9028549194336,56.31721496582031,108.94999694824219,2.82
2010-04-01,87.9028549194336,56.31721496582031,108.94999694824219,2.84
2010-04-01,88.50393676757812,56.17951202392578,110.26000213623047,2.84
2010-04-02,88.50393676757812,56.17951202392578,110.26000213623047,2.85
2010-04-05,88.50393676757812,56.17951202392578,110.26000213623047,2.83
2010-04-05,89.22517395019531,55.24479293823242,110.88999938964844,2.83
2010-04-06,89.22517395019531,55.24479293823242,110.88999938964844,2.84
2010-04-06,89.43555450439453,55.33322525024414,111.02999877929688,2.84
2010-04-07,89.43555450439453,55.33322525024414,111.02999877929688,2.83
2010-04-07,88.92462158203125,56.040611267089844,112.48999786376953,2.83
2010-04-08,88.92462158203125,56.040611267089844,112.48999786376953,2.82
2010-04-08,89.232666015625,56.065834045410156,112.6500015258789,2.82
2010-04-09,89.232666015625,56.065834045410156,112.6500015258789,2.82
2010-04-09,89.81867980957031,56.198490142822266,113.63999938964844,2.82
2010-04-12,89.81867980957031,56.198490142822266,113.63999938964844,2.8
2010-04-12,89.96141815185547,56.49532699584961,113.01000213623047,2.8
2010-04-13,89.96141815185547,56.49532699584961,113.01000213623047,2.77
2010-04-13,90.02908325195312,56.678524017333984,112.69000244140625,2.77
2010-04-14,90.02908325195312,56.678524017333984,112.69000244140625,2.81
2010-04-14,91.05084991455078,56.28055191040039,113.02999877929688,2.81
2010-04-15,91.05084991455078,56.28055191040039,113.02999877929688,2.82
2010-04-15,91.1259765625,56.34372329711914,113.6500015258789,2.82
2010-04-16,91.1259765625,56.34372329711914,113.6500015258789,2.81
2010-04-16,89.67594909667969,56.75428771972656,111.23999786376953,2.81
2010-04-19,89.67594909667969,56.75428771972656,111.23999786376953,2.82
2010-04-19,90.0140380859375,56.61532974243164,111.1500015258789,2.82
2010-04-20,90.0140380859375,56.61532974243164,111.1500015258789,2.77
2010-04-20,90.81793975830078,56.81745910644531,111.45999908447266,2.77
2010-04-21,90.81793975830078,56.81745910644531,111.45999908447266,2.74
2010-04-21,90.65264129638672,57.284847259521484,112.30999755859375,2.74
2010-04-22,90.65264129638672,57.284847259521484,112.30999755859375,2.73
2010-04-22,90.92311096191406,57.1142692565918,111.83999633789062,2.73
2010-04-23,90.92311096191406,57.1142692565918,111.83999633789062,2.74
2010-04-23,91.51666259765625,56.91216278076172,113.19000244140625,2.74
2010-04-26,91.51666259765625,56.91216278076172,113.19000244140625,2.74
2010-04-26,91.17103576660156,56.975345611572266,112.75,2.74
2010-04-27,91.17103576660156,56.975345611572266,112.75,2.68
2010-04-27,89.0147933959961,57.77741241455078,114.62999725341797,2.68
2010-04-28,89.0147933959961,57.77741241455078,114.62999725341797,2.77
2010-04-28,89.69098663330078,57.284847259521484,114.30999755859375,2.77
2010-04-29,89.69098663330078,57.284847259521484,114.30999755859375,2.75
2010-04-29,90.80290985107422,57.524803161621094,114.27999877929688,2.75
2010-04-30,90.80290985107422,57.524803161621094,114.27999877929688,2.72
2010-04-30,89.26273345947266,58.18803024291992,115.36000061035156,2.72
2010-05-03,89.26273345947266,58.18803024291992,115.36000061035156,2.72
2010-05-03,90.41972351074219,58.11191940307617,115.7300033569336,2.72
2010-05-04,90.41972351074219,58.11191940307617,115.7300033569336,2.67
2010-05-04,88.29354858398438,59.157691955566406,114.87000274658203,2.67
2010-05-05,88.29354858398438,59.157691955566406,114.87000274658203,2.7
2010-05-05,87.76764678955078,59.50623321533203,115.08999633789062,2.7
2010-05-06,87.76764678955078,59.50623321533203,115.08999633789062,2.66
2010-05-06,84.8525390625,61.34421920776367,118.48999786376953,2.66
2010-05-07,84.8525390625,61.34421920776367,118.48999786376953,2.62
2010-05-07,83.59037780761719,60.57737731933594,118.2699966430664,2.62
2010-05-10,83.59037780761719,60.57737731933594,118.2699966430664,2.7
2010-05-10,87.27177429199219,59.32246017456055,117.56999969482422,2.7
2010-05-11,87.27177429199219,59.32246017456055,117.56999969482422,2.71
2010-05-11,87.0238037109375,59.17036437988281,120.66000366210938,2.71
2010-05-12,87.0238037109375,59.17036437988281,120.66000366210938,2.67
2010-05-12,88.24095153808594,58.72037124633789,121.4000015258789,2.67
2010-05-13,88.24095153808594,58.72037124633789,121.4000015258789,2.68
2010-05-13,87.14403533935547,59.1069450378418,120.55999755859375,2.68
2010-05-14,87.14403533935547,59.1069450378418,120.55999755859375,2.65
2010-05-14,85.5663070678711,60.13373947143555,120.37000274658203,2.65
2010-05-17,85.5663070678711,60.13373947143555,120.37000274658203,2.66
2010-05-17,85.61137390136719,59.91191864013672,119.36000061035156,2.66
2010-05-18,85.61137390136719,59.91191864013672,119.36000061035156,2.62
2010-05-18,84.44686126708984,60.830841064453125,119.48999786376953,2.62
2010-05-19,84.44686126708984,60.830841064453125,119.48999786376953,2.56
2010-05-19,83.9660415649414,61.03365707397461,116.62999725341797,2.56
2010-05-20,83.9660415649414,61.03365707397461,116.62999725341797,2.49
2010-05-20,80.79550170898438,62.32027816772461,115.83999633789062,2.49
2010-05-21,80.79550170898438,62.32027816772461,115.83999633789062,2.44
2010-05-21,81.97502899169922,62.38365936279297,115.22000122070312,2.44
2010-05-24,81.97502899169922,62.38365936279297,115.22000122070312,2.46
2010-05-24,80.92322540283203,62.16817855834961,116.83999633789062,2.46
2010-05-25,80.92322540283203,62.16817855834961,116.83999633789062,2.37
2010-05-25,81.00589752197266,62.472389221191406,117.36000061035156,2.37
2010-05-26,81.00589752197266,62.472389221191406,117.36000061035156,2.39
2010-05-26,80.51753234863281,62.294898986816406,118.47000122070312,2.39
2010-05-27,80.51753234863281,62.294898986816406,118.47000122070312,2.47
2010-05-27,83.21472930908203,60.881568908691406,118.69000244140625,2.47
2010-05-28,83.21472930908203,60.881568908691406,118.69000244140625,2.55
2010-05-28,82.1703872680664,61.16043472290039,118.87999725341797,2.55
2010-06-01,82.1703872680664,61.16043472290039,118.87999725341797,2.51
2010-06-01,80.78797149658203,61.59031295776367,119.91000366210938,2.51
2010-06-02,80.78797149658203,61.59031295776367,119.91000366210938,2.53
2010-06-02,82.89164733886719,61.005287170410156,119.77999877929688,2.53
2010-06-03,82.89164733886719,61.005287170410156,119.77999877929688,2.57
2010-06-03,83.1771469116211,60.560142517089844,117.95999908447266,2.57
2010-06-04,83.1771469116211,60.560142517089844,117.95999908447266,2.48
2010-06-04,80.25455474853516,62.18812561035156,119.19000244140625,2.48
2010-06-07,80.25455474853516,62.18812561035156,119.19000244140625,2.43
2010-06-07,79.25533294677734,62.66504669189453,121.48999786376953,2.43
2010-06-08,79.25533294677734,62.66504669189453,121.48999786376953,2.44
2010-06-08,80.10432434082031,62.353519439697266,121.0,2.44
2010-06-09,80.10432434082031,62.353519439697266,121.0,2.46
2010-06-09,79.67606353759766,62.28351974487305,120.55999755859375,2.46
2010-06-10,79.67606353759766,62.28351974487305,120.55999755859375,2.54
2010-06-10,82.00511169433594,61.17059326171875,118.97000122070312,2.54
2010-06-11,82.00511169433594,61.17059326171875,118.97000122070312,2.49
2010-06-11,82.4032974243164,61.94644546508789,120.01000213623047,2.49
2010-06-14,82.4032974243164,61.94644546508789,120.01000213623047,2.51
2010-06-14,82.27557373046875,61.62851333618164,119.5999984741211,2.51
2010-06-15,82.27557373046875,61.62851333618164,119.5999984741211,2.53
2010-06-15,84.14632415771484,61.37409210205078,120.98999786376953,2.53
2010-06-16,84.14632415771484,61.37409210205078,120.98999786376953,2.52
2010-06-16,84.11630249023438,61.7238655090332,120.33000183105469,2.52
2010-06-17,84.11630249023438,61.7238655090332,120.33000183105469,2.49
2010-06-17,84.25151824951172,62.22627639770508,121.9000015258789,2.49
2010-06-18,84.25151824951172,62.22627639770508,121.9000015258789,2.5
2010-06-18,84.34288787841797,62.12453842163086,122.83000183105469,2.5
2010-06-21,84.34288787841797,62.12453842163086,122.83000183105469,2.52
2010-06-21,84.1012954711914,61.94644546508789,120.38999938964844,2.52
2010-06-22,84.1012954711914,61.94644546508789,120.38999938964844,2.47
2010-06-22,82.71231842041016,62.684146881103516,121.44999694824219,2.47
2010-06-23,82.71231842041016,62.684146881103516,121.44999694824219,2.47
2010-06-23,82.45565795898438,63.11022186279297,120.94999694824219,2.47
2010-06-24,82.45565795898438,63.11022186279297,120.94999694824219,2.47
2010-06-24,81.08932495117188,62.735015869140625,121.30000305175781,2.47
2010-06-25,81.08932495117188,62.735015869140625,121.30000305175781,2.47
2010-06-25,81.42902374267578,62.9893798828125,122.76000213623047,2.47
2010-06-28,81.42902374267578,62.9893798828125,122.76000213623047,2.43
2010-06-28,81.1723403930664,63.58083724975586,121.08999633789062,2.43
2010-06-29,81.1723403930664,63.58083724975586,121.08999633789062,2.36
2010-06-29,78.66613006591797,64.27397918701172,121.2699966430664,2.36
2010-06-30,78.66613006591797,64.27397918701172,121.2699966430664,2.36
2010-06-30,77.91881561279297,64.70643615722656,121.68000030517578,2.36
2010-07-01,77.91881561279297,64.70643615722656,121.68000030517578,2.33
2010-07-01,77.57157135009766,64.8084716796875,117.04000091552734,2.33
2010-07-02,77.57157135009766,64.8084716796875,117.04000091552734,2.37
2010-07-02,77.14886474609375,64.29178619384766,118.48999786376953,2.37
2010-07-06,77.14886474609375,64.29178619384766,118.48999786376953,2.33
2010-07-06,77.65463256835938,64.82125091552734,116.51000213623047,2.33
2010-07-07,77.65463256835938,64.82125091552734,116.51000213623047,2.37
2010-07-07,80.10043334960938,64.06214141845703,117.7300033569336,2.37
2010-07-08,80.10043334960938,64.06214141845703,117.7300033569336,2.41
2010-07-08,80.89306640625,63.65394592285156,117.20999908447266,2.41
2010-07-09,80.89306640625,63.65394592285156,117.20999908447266,2.44
2010-07-09,81.49693298339844,63.29026794433594,118.36000061035156,2.44
2010-07-12,81.49693298339844,63.29026794433594,118.36000061035156,2.43
2010-07-12,81.54978942871094,63.26485061645508,117.33999633789062,2.43
2010-07-13,81.54978942871094,63.26485061645508,117.33999633789062,2.48
2010-07-13,82.78023529052734,62.72260284423828,118.36000061035156,2.48
2010-07-14,82.78023529052734,62.72260284423828,118.36000061035156,2.45
2010-07-14,82.77268981933594,63.3541259765625,118.30000305175781,2.45
2010-07-15,82.77268981933594,63.3541259765625,118.30000305175781,2.39
2010-07-15,82.79534912109375,63.98560333251953,118.2300033569336,2.39
2010-07-16,82.79534912109375,63.98560333251953,118.2300033569336,2.35
2010-07-16,80.51561737060547,64.29814910888672,116.66999816894531,2.35
2010-07-19,80.51561737060547,64.29814910888672,116.66999816894531,2.38
2010-07-19,80.99121856689453,63.902713775634766,115.7300033569336,2.38
2010-07-20,80.99121856689453,63.902713775634766,115.7300033569336,2.37
2010-07-20,81.88951110839844,63.99833679199219,116.6500015258789,2.37
2010-07-21,81.88951110839844,63.99833679199219,116.6500015258789,2.32
2010-07-21,80.82511138916016,65.082763671875,115.8499984741211,2.32
2010-07-22,80.82511138916016,65.082763671875,115.8499984741211,2.36
2010-07-22,82.62925720214844,64.33011627197266,116.86000061035156,2.36
2010-07-23,82.62925720214844,64.33011627197266,116.86000061035156,2.42
2010-07-23,83.346435546875,63.64752197265625,116.08999633789062,2.42
2010-07-26,83.346435546875,63.64752197265625,116.08999633789062,2.41
2010-07-26,84.21452331542969,63.539085388183594,115.5199966430664,2.41
2010-07-27,84.21452331542969,63.539085388183594,115.5199966430664,2.43
2010-07-27,84.20699310302734,62.9267578125,113.51000213623047,2.43
2010-07-28,84.20699310302734,62.9267578125,113.51000213623047,2.42
2010-07-28,83.66345977783203,63.13080596923828,113.77999877929688,2.42
2010-07-29,83.66345977783203,63.13080596923828,113.77999877929688,2.44
2010-07-29,83.25582122802734,63.111717224121094,114.29000091552734,2.44
2010-07-30,83.25582122802734,63.111717224121094,114.29000091552734,2.39
2010-07-30,83.24072265625,64.09403991699219,115.48999786376953,2.39
2010-08-02,83.24072265625,64.09403991699219,115.48999786376953,2.43
2010-08-02,85.1203842163086,63.19430160522461,115.54000091552734,2.43
2010-08-03,85.1203842163086,63.19430160522461,115.54000091552734,2.41
2010-08-03,84.71273803710938,63.559051513671875,115.98999786376953,2.41
2010-08-04,84.71273803710938,63.559051513671875,115.98999786376953,2.42
2010-08-04,85.27889251708984,63.07271957397461,116.72000122070312,2.42
2010-08-05,85.27889251708984,63.07271957397461,116.72000122070312,2.41
2010-08-05,85.18831634521484,63.367061614990234,116.9800033569336,2.41
2010-08-06,85.18831634521484,63.367061614990234,116.9800033569336,2.36
2010-08-06,84.84109497070312,64.05818939208984,117.83999633789062,2.36
2010-08-09,84.84109497070312,64.05818939208984,117.83999633789062,2.32
2010-08-09,85.29399871826172,63.82141876220703,117.4000015258789,2.32
2010-08-10,85.29399871826172,63.82141876220703,117.4000015258789,2.27
2010-08-10,84.83350372314453,63.95582580566406,117.7300033569336,2.27
2010-08-11,84.83350372314453,63.95582580566406,117.7300033569336,2.18
2010-08-11,82.50849914550781,64.8133544921875,117.33999633789062,2.18
2010-08-12,82.50849914550781,64.8133544921875,117.33999633789062,2.19
2010-08-12,82.002685546875,64.6534194946289,118.7699966430664,2.19
2010-08-13,82.002685546875,64.6534194946289,118.7699966430664,2.14
2010-08-13,81.76119232177734,65.45970916748047,118.73999786376953,2.14
2010-08-16,81.76119232177734,65.45970916748047,118.73999786376953,2.07
2010-08-16,81.72344970703125,67.09794616699219,119.7300033569336,2.07
2010-08-17,81.72344970703125,67.09794616699219,119.7300033569336,2.12
2010-08-17,82.7273941040039,66.71397399902344,119.75,2.12
2010-08-18,82.7273941040039,66.71397399902344,119.75,2.13
2010-08-18,82.87838745117188,66.89317321777344,120.22000122070312,2.13
2010-08-19,82.87838745117188,66.89317321777344,120.22000122070312,2.09
2010-08-19,81.43656921386719,67.93627166748047,120.38999938964844,2.09
2010-08-20,81.43656921386719,67.93627166748047,120.38999938964844,2.13
2010-08-20,81.1723403930664,67.85948944091797,119.97000122070312,2.13
2010-08-23,81.1723403930664,67.85948944091797,119.97000122070312,2.11
2010-08-23,80.86284637451172,67.87227630615234,119.77999877929688,2.11
2010-08-24,80.86284637451172,67.87227630615234,119.77999877929688,2.0
2010-08-24,79.66259765625,68.96017456054688,120.36000061035156,2.0
2010-08-25,79.66259765625,68.96017456054688,120.36000061035156,2.01
2010-08-25,79.9720687866211,68.7362060546875,121.36000061035156,2.01
2010-08-26,79.9720687866211,68.7362060546875,121.36000061035156,1.99
2010-08-26,79.43614196777344,69.3825454711914,120.95999908447266,1.99
2010-08-27,79.43614196777344,69.3825454711914,120.95999908447266,2.1
2010-08-27,80.66659545898438,67.41796112060547,121.01000213623047,2.1
2010-08-30,80.66659545898438,67.41796112060547,121.01000213623047,2.04
2010-08-30,79.49651336669922,68.71060180664062,120.91000366210938,2.04
2010-08-31,79.49651336669922,68.71060180664062,120.91000366210938,2.0
2010-08-31,79.49651336669922,69.47210693359375,122.08000183105469,2.0
2010-09-01,79.49651336669922,69.47210693359375,122.08000183105469,2.08
2010-09-01,81.8743896484375,68.03565216064453,121.69000244140625,2.08
2010-09-02,81.8743896484375,68.03565216064453,121.69000244140625,2.13
2010-09-02,82.63683319091797,67.31682586669922,122.29000091552734,2.13
2010-09-03,82.63683319091797,67.31682586669922,122.29000091552734,2.2
2010-09-03,83.70877075195312,66.4824447631836,121.86000061035156,2.2
2010-09-07,83.70877075195312,66.4824447631836,121.86000061035156,2.12
2010-09-07,82.76517486572266,67.8431167602539,122.69999694824219,2.12
2010-09-08,82.76517486572266,67.8431167602539,122.69999694824219,2.14
2010-09-08,83.346435546875,67.303955078125,122.70999908447266,2.14
2010-09-09,83.346435546875,67.303955078125,122.70999908447266,2.2
2010-09-09,83.73139190673828,65.97537994384766,121.55999755859375,2.2
2010-09-10,83.73139190673828,65.97537994384766,121.55999755859375,2.23
2010-09-10,84.15414428710938,65.67364501953125,121.7300033569336,2.23
2010-09-13,84.15414428710938,65.67364501953125,121.7300033569336,2.21
2010-09-13,85.09019470214844,65.99455261230469,121.62000274658203,2.21
2010-09-14,85.09019470214844,65.99455261230469,121.62000274658203,2.18
2010-09-14,85.03736114501953,66.63005065917969,124.0199966430664,2.18
2010-09-15,85.03736114501953,66.63005065917969,124.0199966430664,2.24
2010-09-15,85.36197662353516,65.64160919189453,123.94000244140625,2.24
2010-09-16,85.36197662353516,65.64160919189453,123.94000244140625,2.29
2010-09-16,85.33929443359375,64.99337768554688,124.62999725341797,2.29
2010-09-17,85.33929443359375,64.99337768554688,124.62999725341797,2.27
2010-09-17,85.37117767333984,65.25648498535156,124.54000091552734,2.27
2010-09-20,85.37117767333984,65.25648498535156,124.54000091552734,2.25
2010-09-20,86.67652130126953,65.63520812988281,124.87000274658203,2.25
2010-09-21,86.67652130126953,65.63520812988281,124.87000274658203,2.18
2010-09-21,86.50199890136719,66.54661560058594,126.01000213623047,2.18
2010-09-22,86.50199890136719,66.54661560058594,126.01000213623047,2.12
2010-09-22,86.07694244384766,67.14352416992188,126.19999694824219,2.12
2010-09-23,86.07694244384766,67.14352416992188,126.19999694824219,2.11
2010-09-23,85.37874603271484,67.33607482910156,126.30000305175781,2.11
2010-09-24,85.37874603271484,67.33607482910156,126.30000305175781,2.17
2010-09-24,87.13944244384766,66.43107604980469,126.69000244140625,2.17
2010-09-27,87.13944244384766,66.43107604980469,126.69000244140625,2.1
2010-09-27,86.72206115722656,67.5864028930664,126.72000122070312,2.1
2010-09-28,86.72206115722656,67.5864028930664,126.72000122070312,2.11
2010-09-28,87.0256118774414,68.04854583740234,127.8499984741211,2.11
2010-09-29,87.0256118774414,68.04854583740234,127.8499984741211,2.08
2010-09-29,86.87382507324219,67.76609802246094,127.94999694824219,2.08
2010-09-30,86.87382507324219,67.76609802246094,127.94999694824219,2.11
2010-09-30,86.61581420898438,67.72115325927734,127.91000366210938,2.11
2010-10-01,86.61581420898438,67.72115325927734,127.91000366210938,2.12
2010-10-01,86.9800796508789,67.39385223388672,128.91000366210938,2.12
2010-10-04,86.9800796508789,67.39385223388672,128.91000366210938,2.09
2010-10-04,86.3273696899414,67.56782531738281,128.4600067138672,2.09
2010-10-05,86.3273696899414,67.56782531738281,128.4600067138672,2.09
2010-10-05,88.06534576416016,67.16194152832031,130.99000549316406,2.09
2010-10-06,88.06534576416016,67.16194152832031,130.99000549316406,2.03
2010-10-06,88.05775451660156,68.00598907470703,131.80999755859375,2.03
2010-10-07,88.05775451660156,68.00598907470703,131.80999755859375,2.05
2010-10-07,87.95152282714844,67.43901062011719,130.3699951171875,2.05
2010-10-08,87.95152282714844,67.43901062011719,130.3699951171875,2.06
2010-10-08,88.44478607177734,67.14266204833984,131.66000366210938,2.06
2010-10-11,88.52826690673828,67.15550231933594,132.2899932861328,2.06
2010-10-12,88.52826690673828,67.15550231933594,132.2899932861328,2.07
2010-10-12,88.80149841308594,66.49201965332031,131.9600067138672,2.07
2010-10-13,88.80149841308594,66.49201965332031,131.9600067138672,2.09
2010-10-13,89.49213409423828,66.38894653320312,134.07000732421875,2.09
2010-10-14,89.49213409423828,66.38894653320312,134.07000732421875,2.14
2010-10-14,89.14301300048828,65.3967514038086,134.75,2.14
2010-10-15,89.14301300048828,65.3967514038086,134.75,2.22
2010-10-15,89.32516479492188,64.59789276123047,133.67999267578125,2.22
2010-10-18,89.32516479492188,64.59789276123047,133.67999267578125,2.14
2010-10-18,89.76535034179688,65.11970520019531,134.27999877929688,2.14
2010-10-19,89.76535034179688,65.11970520019531,134.27999877929688,2.13
2010-10-19,88.58902740478516,65.51270294189453,130.11000061035156,2.13
2010-10-20,88.58902740478516,65.51270294189453,130.11000061035156,2.16
2010-10-20,89.45417022705078,65.65445709228516,131.32000732421875,2.16
2010-10-21,89.45417022705078,65.65445709228516,131.32000732421875,2.2
2010-10-21,89.65149688720703,64.87490844726562,129.47000122070312,2.2
2010-10-22,89.65149688720703,64.87490844726562,129.47000122070312,2.24
2010-10-22,89.81845092773438,65.31298065185547,129.72999572753906,2.24
2010-10-25,89.81845092773438,65.31298065185547,129.72999572753906,2.22
2010-10-25,90.0840835571289,65.49983215332031,130.85000610351562,2.22
2010-10-26,90.0840835571289,65.49983215332031,130.85000610351562,2.27
2010-10-26,90.09925842285156,64.48839569091797,130.8800048828125,2.27
2010-10-27,90.09925842285156,64.48839569091797,130.8800048828125,2.35
2010-10-27,89.84123229980469,63.921424865722656,129.52000427246094,2.35
2010-10-28,89.84123229980469,63.921424865722656,129.52000427246094,2.32
2010-10-28,89.85639953613281,64.09544372558594,131.24000549316406,2.32
2010-10-29,89.85639953613281,64.09544372558594,131.24000549316406,2.29
2010-10-29,89.92472839355469,64.69451904296875,132.6199951171875,2.29
2010-11-01,89.92472839355469,64.69451904296875,132.6199951171875,2.32
2010-11-01,89.95507049560547,64.41593933105469,131.9199981689453,2.32
2010-11-02,89.95507049560547,64.41593933105469,131.9199981689453,2.29
2010-11-02,90.66844940185547,65.26264190673828,132.49000549316406,2.29
2010-11-03,90.66844940185547,65.26264190673828,132.49000549316406,2.33
2010-11-03,91.03276062011719,63.931243896484375,131.57000732421875,2.33
2010-11-04,91.03276062011719,63.931243896484375,131.57000732421875,2.2
2010-11-04,92.78582000732422,64.42890930175781,136.02999877929688,2.2
2010-11-05,92.78582000732422,64.42890930175781,136.02999877929688,2.2
2010-11-05,93.13497161865234,63.32378005981445,136.3800048828125,2.2
2010-11-08,93.13497161865234,63.32378005981445,136.3800048828125,2.19
2010-11-08,92.96038818359375,63.608150482177734,137.77999877929688,2.19
2010-11-09,92.96038818359375,63.608150482177734,137.77999877929688,2.26
2010-11-09,92.29253387451172,62.2056884765625,135.58999633789062,2.26
2010-11-10,92.29253387451172,62.2056884765625,135.58999633789062,2.21
2010-11-10,92.6644058227539,62.2896728515625,137.24000549316406,2.21
2010-11-11,92.31531524658203,62.25733947753906,137.66000366210938,2.21
2010-11-12,92.31531524658203,62.25733947753906,137.66000366210938,2.25
2010-11-12,91.22246551513672,61.92129135131836,133.69000244140625,2.25
2010-11-15,91.22246551513672,61.92129135131836,133.69000244140625,2.39
2010-11-15,91.09345245361328,60.62872314453125,132.4199981689453,2.39
2010-11-16,91.09345245361328,60.62872314453125,132.4199981689453,2.34
2010-11-16,89.67424774169922,62.13455581665039,130.97000122070312,2.34
2010-11-17,89.67424774169922,62.13455581665039,130.97000122070312,2.39
2010-11-17,89.71977996826172,61.792049407958984,130.3800048828125,2.39
2010-11-18,89.71977996826172,61.792049407958984,130.3800048828125,2.38
2010-11-18,91.04031372070312,62.04412078857422,132.08999633789062,2.38
2010-11-19,91.04031372070312,62.04412078857422,132.08999633789062,2.36
2010-11-19,91.29074096679688,62.42539978027344,132.1999969482422,2.36
2010-11-22,91.29074096679688,62.42539978027344,132.1999969482422,2.31
2010-11-22,91.21489715576172,62.690364837646484,133.47999572753906,2.31
2010-11-23,91.21489715576172,62.690364837646484,133.47999572753906,2.32
2010-11-23,89.89437103271484,63.000587463378906,134.41000366210938,2.32
2010-11-24,89.89437103271484,63.000587463378906,134.41000366210938,2.4
2010-11-24,91.22246551513672,61.876060485839844,134.17999267578125,2.4
2010-11-26,91.22246551513672,61.876060485839844,134.17999267578125,2.36
2010-11-26,90.15998840332031,62.73561477661133,133.11000061035156,2.36
2010-11-29,90.15998840332031,62.73561477661133,133.11000061035156,2.32
2010-11-29,90.43319702148438,63.27203369140625,133.50999450683594,2.32
2010-11-30,90.43319702148438,63.27203369140625,133.50999450683594,2.36
2010-11-30,89.92472839355469,63.6016845703125,135.4199981689453,2.36
2010-12-01,89.92472839355469,63.6016845703125,135.4199981689453,2.44
2010-12-01,91.83720397949219,62.18783950805664,135.3800048828125,2.44
2010-12-02,91.83720397949219,62.18783950805664,135.3800048828125,2.46
2010-12-02,93.01353454589844,62.025733947753906,135.1999969482422,2.46
2010-12-03,93.01353454589844,62.025733947753906,135.1999969482422,2.54
2010-12-03,93.26396942138672,61.53929138183594,138.07000732421875,2.54
2010-12-06,93.26396942138672,61.53929138183594,138.07000732421875,2.53
2010-12-06,93.16531372070312,62.40834426879883,139.11000061035156,2.53
2010-12-07,93.16531372070312,62.40834426879883,139.11000061035156,2.61
2010-12-07,93.21843719482422,61.07239532470703,136.5,2.61
2010-12-08,93.21843719482422,61.07239532470703,136.5,2.63
2010-12-08,93.55994415283203,60.48219680786133,134.7899932861328,2.63
2010-12-09,93.55994415283203,60.48219680786133,134.7899932861328,2.59
2010-12-09,93.92420959472656,60.780479431152344,135.3699951171875,2.59
2010-12-10,93.92420959472656,60.780479431152344,135.3699951171875,2.68
2010-12-10,94.47065734863281,60.41084671020508,135.41000366210938,2.68
2010-12-13,94.47065734863281,60.41084671020508,135.41000366210938,2.68
2010-12-13,94.53138732910156,60.637821197509766,136.0500030517578,2.68
2010-12-14,94.53138732910156,60.637821197509766,136.0500030517578,2.83
2010-12-14,94.61486053466797,59.7558479309082,136.17999267578125,2.83
2010-12-15,94.61486053466797,59.7558479309082,136.17999267578125,2.85
2010-12-15,94.1822738647461,58.977622985839844,134.6999969482422,2.85
2010-12-16,94.1822738647461,58.977622985839844,134.6999969482422,2.81
2010-12-16,94.72869110107422,59.38618850708008,133.80999755859375,2.81
2010-12-17,94.72869110107422,59.38618850708008,133.80999755859375,2.72
2010-12-17,94.83016967773438,60.46921920776367,134.1999969482422,2.72
2010-12-20,94.83016967773438,60.46921920776367,134.1999969482422,2.74
2010-12-20,95.05903625488281,60.4044075012207,135.11000061035156,2.74
2010-12-21,95.05903625488281,60.4044075012207,135.11000061035156,2.72
2010-12-21,95.6617202758789,60.82587432861328,135.32000732421875,2.72
2010-12-22,95.6617202758789,60.82587432861328,135.32000732421875,2.71
2010-12-22,95.95925903320312,60.39144515991211,135.0500030517578,2.71
2010-12-23,95.95925903320312,60.39144515991211,135.0500030517578,2.74
2010-12-23,95.82194519042969,60.26818084716797,134.66000366210938,2.74
2010-12-27,95.82194519042969,60.26818084716797,134.66000366210938,2.65
2010-12-27,95.8600845336914,60.806461334228516,135.02000427246094,2.65
2010-12-28,95.8600845336914,60.806461334228516,135.02000427246094,2.75
2010-12-28,95.99738311767578,59.615577697753906,137.22000122070312,2.75
2010-12-29,95.99738311767578,59.615577697753906,137.22000122070312,2.71
2010-12-29,96.06607818603516,60.6242790222168,137.7100067138672,2.71
2010-12-30,96.06607818603516,60.6242790222168,137.7100067138672,2.72
2010-12-30,95.91350555419922,60.57868957519531,137.02999877929688,2.72
2010-12-31,95.91350555419922,60.57868957519531,137.02999877929688,2.69
2010-12-31,95.9363784790039,61.24897003173828,138.72000122070312,2.69
2011-01-03,95.9363784790039,61.24897003173828,138.72000122070312,2.75
2011-01-03,96.92819213867188,60.7869758605957,138.0,2.75
2011-01-04,96.92819213867188,60.7869758605957,138.0,2.73
2011-01-04,96.87480926513672,60.85857391357422,134.75,2.73
2011-01-05,96.87480926513672,60.85857391357422,134.75,2.79
2011-01-05,97.3782730102539,59.51797866821289,134.3699951171875,2.79
2011-01-06,97.3782730102539,59.51797866821289,134.3699951171875,2.76
2011-01-06,97.18756866455078,59.77825164794922,133.8300018310547,2.76
2011-01-07,97.18756866455078,59.77825164794922,133.8300018310547,2.74
2011-01-07,96.99684143066406,60.097137451171875,133.5800018310547,2.74
2011-01-10,96.99684143066406,60.097137451171875,133.5800018310547,2.73
2011-01-10,96.87480926513672,60.42254638671875,134.1199951171875,2.73
2011-01-11,96.87480926513672,60.42254638671875,134.1199951171875,2.77
2011-01-11,97.21807098388672,60.08414077758789,134.91000366210938,2.77
2011-01-12,97.21807098388672,60.08414077758789,134.91000366210938,2.79
2011-01-12,98.09542846679688,59.615577697753906,135.4600067138672,2.79
2011-01-13,98.09542846679688,59.615577697753906,135.4600067138672,2.75
2011-01-13,97.9352035522461,60.14920425415039,134.0500030517578,2.75
2011-01-14,97.9352035522461,60.14920425415039,134.0500030517578,2.76
2011-01-14,98.64471435546875,59.765228271484375,132.69000244140625,2.76
2011-01-18,98.64471435546875,59.765228271484375,132.69000244140625,2.79
2011-01-18,98.81256866455078,59.48544692993164,133.42999267578125,2.79
2011-01-19,98.81256866455078,59.48544692993164,133.42999267578125,2.77
2011-01-19,97.84366607666016,59.91495895385742,133.72000122070312,2.77
2011-01-20,97.84366607666016,59.91495895385742,133.72000122070312,2.82
2011-01-20,97.71398162841797,59.0885009765625,131.1999969482422,2.82
2011-01-21,97.71398162841797,59.0885009765625,131.1999969482422,2.81
2011-01-21,97.9352035522461,59.55699920654297,131.02999877929688,2.81
2011-01-24,97.9352035522461,59.55699920654297,131.02999877929688,2.78
2011-01-24,98.49214935302734,59.583065032958984,130.36000061035156,2.78
2011-01-25,98.49214935302734,59.583065032958984,130.36000061035156,2.73
2011-01-25,98.54556274414062,60.14920425415039,130.10000610351562,2.73
2011-01-26,98.54556274414062,60.14920425415039,130.10000610351562,2.83
2011-01-26,98.92699432373047,59.23817443847656,131.16000366210938,2.83
2011-01-27,98.92699432373047,59.23817443847656,131.16000366210938,2.83
2011-01-27,99.171142578125,59.504940032958984,127.93000030517578,2.83
2011-01-28,99.171142578125,59.504940032958984,127.93000030517578,2.82
2011-01-28,97.43932342529297,59.81732177734375,130.27999877929688,2.82
2011-01-31,97.43932342529297,59.81732177734375,130.27999877929688,2.84
2011-01-31,98.17170715332031,59.36178970336914,129.8699951171875,2.84
2011-02-01,98.17170715332031,59.36178970336914,129.8699951171875,2.87
2011-02-01,99.74333190917969,59.067909240722656,130.8000030517578,2.87
2011-02-02,99.74333190917969,59.067909240722656,130.8000030517578,2.85
2011-02-02,99.55258178710938,59.08097457885742,130.4499969482422,2.85
2011-02-03,99.55258178710938,59.08097457885742,130.4499969482422,2.87
2011-02-03,99.77383422851562,58.59122848510742,132.1999969482422,2.87
2011-02-04,99.77383422851562,58.59122848510742,132.1999969482422,2.91
2011-02-04,100.0561294555664,57.996986389160156,131.66000366210938,2.91
2011-02-07,100.0561294555664,57.996986389160156,131.66000366210938,2.9
2011-02-07,100.68171691894531,58.29739761352539,131.67999267578125,2.9
2011-02-08,100.68171691894531,58.29739761352539,131.67999267578125,2.89
2011-02-08,101.13947296142578,57.76183319091797,133.13999938964844,2.89
2011-02-09,101.13947296142578,57.76183319091797,133.13999938964844,2.84
2011-02-09,100.91059112548828,58.26469421386719,133.07000732421875,2.84
2011-02-10,100.91059112548828,58.26469421386719,133.07000732421875,2.85
2011-02-10,100.94873046875,57.592037200927734,132.85000610351562,2.85
2011-02-11,100.94873046875,57.592037200927734,132.85000610351562,2.79
2011-02-11,101.55142211914062,58.42139434814453,132.32000732421875,2.79
2011-02-14,101.55142211914062,58.42139434814453,132.32000732421875,2.75
2011-02-14,101.79557800292969,58.46059036254883,132.9499969482422,2.75
2011-02-15,101.79557800292969,58.46059036254883,132.9499969482422,2.77
2011-02-15,101.47516632080078,58.721778869628906,133.97000122070312,2.77
2011-02-16,101.47516632080078,58.721778869628906,133.97000122070312,2.76
2011-02-16,102.11599731445312,58.53244400024414,134.10000610351562,2.76
2011-02-17,102.11599731445312,58.53244400024414,134.10000610351562,2.78
2011-02-17,102.42115020751953,58.623863220214844,135.0399932861328,2.78
2011-02-18,102.42115020751953,58.623863220214844,135.0399932861328,2.81
2011-02-18,102.634765625,58.440975189208984,135.41000366210938,2.81
2011-02-22,102.634765625,58.440975189208984,135.41000366210938,2.72
2011-02-22,100.57491302490234,59.31608963012695,136.2899932861328,2.72
2011-02-23,100.57491302490234,59.31608963012695,136.2899932861328,2.75
2011-02-23,99.9569091796875,59.531620025634766,137.50999450683594,2.75
2011-02-24,99.9569091796875,59.531620025634766,137.50999450683594,2.73
2011-02-24,99.88827514648438,59.91033935546875,136.47999572753906,2.73
2011-02-25,99.88827514648438,59.91033935546875,136.47999572753906,2.7
2011-02-25,100.95635986328125,60.262977600097656,137.3800048828125,2.7
2011-02-28,100.95635986328125,60.262977600097656,137.3800048828125,2.73
2011-02-28,101.5819320678711,60.34137725830078,137.66000366210938,2.73
2011-03-01,101.5819320678711,60.34137725830078,137.66000366210938,2.75
2011-03-01,99.88827514648438,60.51631164550781,140.02999877929688,2.75
2011-03-02,99.88827514648438,60.51631164550781,140.02999877929688,2.77
2011-03-02,100.1019058227539,59.58592224121094,139.9199981689453,2.77
2011-03-03,100.1019058227539,59.58592224121094,139.9199981689453,2.79
2011-03-03,101.82605743408203,59.002899169921875,138.08999633789062,2.79
2011-03-04,101.82605743408203,59.002899169921875,138.08999633789062,2.81
2011-03-04,101.06317138671875,59.49428176879883,139.35000610351562,2.81
2011-03-07,101.06317138671875,59.49428176879883,139.35000610351562,2.81
2011-03-07,100.26972198486328,59.114288330078125,139.72000122070312,2.81
2011-03-08,100.26972198486328,59.114288330078125,139.72000122070312,2.83
2011-03-08,101.14706420898438,58.75391387939453,139.36000061035156,2.83
2011-03-09,101.14706420898438,58.75391387939453,139.36000061035156,2.78
2011-03-09,101.00211334228516,59.32394027709961,139.41000366210938,2.78
2011-03-10,101.00211334228516,59.32394027709961,139.41000366210938,2.72
2011-03-10,99.13299560546875,60.31972122192383,137.77000427246094,2.72
2011-03-11,99.13299560546875,60.31972122192383,137.77000427246094,2.76
2011-03-11,99.81959533691406,59.97904968261719,138.22000122070312,2.76
2011-03-14,99.81959533691406,59.97904968261719,138.22000122070312,2.75
2011-03-14,99.21688079833984,59.95286178588867,138.86000061035156,2.75
2011-03-15,99.21688079833984,59.95286178588867,138.86000061035156,2.7
2011-03-15,98.08016204833984,60.850460052490234,136.27000427246094,2.7
2011-03-16,98.08016204833984,60.850460052490234,136.27000427246094,2.64
2011-03-16,96.26444244384766,61.538307189941406,136.24000549316406,2.64
2011-03-17,96.26444244384766,61.538307189941406,136.24000549316406,2.65
2011-03-17,97.53848266601562,61.066654205322266,136.97000122070312,2.65
2011-03-18,97.53848266601562,61.066654205322266,136.97000122070312,2.67
2011-03-18,97.89324951171875,61.230403900146484,138.3699951171875,2.67
2011-03-21,97.89324951171875,61.230403900146484,138.3699951171875,2.67
2011-03-21,99.41039276123047,60.87004852294922,139.13999938964844,2.67
2011-03-22,99.41039276123047,60.87004852294922,139.13999938964844,2.66
2011-03-22,99.06556701660156,61.073177337646484,139.0500030517578,2.66
2011-03-23,99.06556701660156,61.073177337646484,139.0500030517578,2.67
2011-03-23,99.34911346435547,60.99457550048828,140.33999633789062,2.67
2011-03-24,99.34911346435547,60.99457550048828,140.33999633789062,2.7
2011-03-24,100.2992172241211,60.53593444824219,139.22000122070312,2.7
2011-03-25,100.2992172241211,60.53593444824219,139.22000122070312,2.67
2011-03-25,100.60572814941406,60.38526153564453,139.25999450683594,2.67
2011-03-28,100.60572814941406,60.38526153564453,139.25999450683594,2.66
2011-03-28,100.36050415039062,60.47044372558594,138.5399932861328,2.66
2011-03-29,100.36050415039062,60.47044372558594,138.5399932861328,2.69
2011-03-29,101.03480529785156,60.005306243896484,138.2100067138672,2.69
2011-03-30,101.03480529785156,60.005306243896484,138.2100067138672,2.67
2011-03-30,101.73207092285156,60.48349380493164,138.6699981689453,2.67
2011-03-31,101.73207092285156,60.48349380493164,138.6699981689453,2.67
2011-03-31,101.59413146972656,60.35905838012695,139.86000061035156,2.67
2011-04-01,101.59413146972656,60.35905838012695,139.86000061035156,2.66
2011-04-01,102.02324676513672,60.65245819091797,139.1999969482422,2.66
2011-04-04,102.02324676513672,60.65245819091797,139.1999969482422,2.68
2011-04-04,102.10750579833984,60.71831512451172,139.83999633789062,2.68
2011-04-05,102.10750579833984,60.71831512451172,139.83999633789062,2.66
2011-04-05,102.09220886230469,60.474876403808594,142.0500030517578,2.66
2011-04-06,102.09220886230469,60.474876403808594,142.0500030517578,2.71
2011-04-06,102.41401672363281,59.566925048828125,142.3800048828125,2.71
2011-04-07,102.41401672363281,59.566925048828125,142.3800048828125,2.77
2011-04-07,102.15348815917969,59.4484748840332,142.50999450683594,2.77
2011-04-08,102.15348815917969,59.4484748840332,142.50999450683594,2.76
2011-04-08,101.801025390625,59.13271713256836,143.66000366210938,2.76
2011-04-11,101.801025390625,59.13271713256836,143.66000366210938,2.74
2011-04-11,101.4945297241211,59.18537139892578,142.63999938964844,2.74
2011-04-12,101.4945297241211,59.18537139892578,142.63999938964844,2.75
2011-04-12,100.73597717285156,59.82353973388672,141.61000061035156,2.75
2011-04-13,100.73597717285156,59.82353973388672,141.61000061035156,2.74
2011-04-13,100.72830200195312,60.198516845703125,141.89999389648438,2.74
2011-04-14,100.72830200195312,60.198516845703125,141.89999389648438,2.74
2011-04-14,100.80494689941406,60.15245056152344,143.80999755859375,2.74
2011-04-15,100.80494689941406,60.15245056152344,143.80999755859375,2.72
2011-04-15,101.17269897460938,60.9682731628418,145.0500030517578,2.72
2011-04-18,101.17269897460938,60.9682731628418,145.0500030517578,2.71
2011-04-18,100.03871154785156,61.1064453125,145.92999267578125,2.71
2011-04-19,100.03871154785156,61.1064453125,145.92999267578125,2.71
2011-04-19,100.6133804321289,61.36957931518555,145.92999267578125,2.71
2011-04-20,100.6133804321289,61.36957931518555,145.92999267578125,2.74
2011-04-20,101.98493957519531,60.97486114501953,146.5,2.74
2011-04-21,101.98493957519531,60.97486114501953,146.5,2.74
2011-04-21,102.50594329833984,60.92222595214844,146.74000549316406,2.74
2011-04-25,102.50594329833984,60.92222595214844,146.74000549316406,2.72
2011-04-25,102.39867401123047,61.15254211425781,146.8699951171875,2.72
2011-04-26,102.39867401123047,61.15254211425781,146.8699951171875,2.69
2011-04-26,103.27983856201172,61.7446174621582,146.3800048828125,2.69
2011-04-27,103.27983856201172,61.7446174621582,146.3800048828125,2.74
2011-04-27,103.9541015625,61.113037109375,149.1999969482422,2.74
2011-04-28,103.9541015625,61.113037109375,149.1999969482422,2.72
2011-04-28,104.29124450683594,61.58012008666992,149.82000732421875,2.72
2011-04-29,104.29124450683594,61.58012008666992,149.82000732421875,2.71
2011-04-29,104.53645324707031,61.770938873291016,152.3699951171875,2.71
2011-05-02,104.53645324707031,61.770938873291016,152.3699951171875,2.7
2011-05-02,104.37556457519531,61.87003707885742,150.41000366210938,2.7
2011-05-03,104.37556457519531,61.87003707885742,150.41000366210938,2.67
2011-05-03,104.00007629394531,62.2202262878418,149.8800048828125,2.67
2011-05-04,104.00007629394531,62.2202262878418,149.8800048828125,2.65
2011-05-04,103.31047058105469,62.497718811035156,147.72999572753906,2.65
2011-05-05,103.31047058105469,62.497718811035156,147.72999572753906,2.6
2011-05-05,102.37571716308594,63.092376708984375,143.47000122070312,2.6
2011-05-06,102.37571716308594,63.092376708984375,143.47000122070312,2.62
2011-05-06,102.82775115966797,62.81488037109375,145.3000030517578,2.62
2011-05-09,102.82775115966797,62.81488037109375,145.3000030517578,2.6
2011-05-09,103.22623443603516,62.748836517333984,147.3800048828125,2.6
2011-05-10,103.22623443603516,62.748836517333984,147.3800048828125,2.64
2011-05-10,104.10734558105469,62.29949951171875,147.89999389648438,2.64
2011-05-11,104.10734558105469,62.29949951171875,147.89999389648438,2.63
2011-05-11,103.01167297363281,62.65626525878906,146.5399932861328,2.63
2011-05-12,103.01167297363281,62.65626525878906,146.5399932861328,2.65
2011-05-12,103.50209045410156,62.25986099243164,146.58999633789062,2.65
2011-05-13,103.50209045410156,62.25986099243164,146.58999633789062,2.61
2011-05-13,102.70518493652344,62.821475982666016,145.6300048828125,2.61
2011-05-16,102.70518493652344,62.821475982666016,145.6300048828125,2.61
2011-05-16,102.05387115478516,63.17164611816406,145.3699951171875,2.61
2011-05-17,102.05387115478516,63.17164611816406,145.3699951171875,2.57
2011-05-17,102.0385971069336,63.81911087036133,144.74000549316406,2.57
2011-05-18,102.0385971069336,63.81911087036133,144.74000549316406,2.6
2011-05-18,102.95034790039062,62.97344970703125,145.60000610351562,2.6
2011-05-19,102.95034790039062,62.97344970703125,145.60000610351562,2.62
2011-05-19,103.19556427001953,62.946990966796875,145.64999389648438,2.62
2011-05-20,103.19556427001953,62.946990966796875,145.64999389648438,2.6
2011-05-20,102.37571716308594,62.98002243041992,147.49000549316406,2.6
2011-05-23,102.37571716308594,62.98002243041992,147.49000549316406,2.58
2011-05-23,101.18807983398438,63.283973693847656,147.8300018310547,2.58
2011-05-24,101.18807983398438,63.283973693847656,147.8300018310547,2.56
2011-05-24,101.103759765625,63.52183532714844,148.58999633789062,2.56
2011-05-25,101.103759765625,63.52183532714844,148.58999633789062,2.59
2011-05-25,101.44088745117188,63.22454833984375,148.5800018310547,2.59
2011-05-26,101.44088745117188,63.22454833984375,148.5800018310547,2.59
2011-05-26,101.9083023071289,63.766300201416016,148.22000122070312,2.59
2011-05-27,101.9083023071289,63.766300201416016,148.22000122070312,2.59
2011-05-27,102.29907989501953,63.73987579345703,149.6999969482422,2.59
2011-05-31,102.29907989501953,63.73987579345703,149.6999969482422,2.6
2011-05-31,103.36412048339844,63.88524627685547,149.63999938964844,2.6
2011-06-01,103.36412048339844,63.88524627685547,149.63999938964844,2.52
2011-06-01,101.04243469238281,64.74860382080078,149.91000366210938,2.52
2011-06-02,101.04243469238281,64.74860382080078,149.91000366210938,2.59
2011-06-02,100.93516540527344,63.515235900878906,149.5,2.59
2011-06-03,100.93516540527344,63.515235900878906,149.5,2.57
2011-06-03,99.9314193725586,63.879913330078125,150.22000122070312,2.57
2011-06-06,99.9314193725586,63.879913330078125,150.22000122070312,2.58
2011-06-06,98.87403869628906,63.3958625793457,150.47999572753906,2.58
2011-06-07,98.87403869628906,63.3958625793457,150.47999572753906,2.62
2011-06-07,98.81275939941406,63.687618255615234,150.4199981689453,2.62
2011-06-08,98.81275939941406,63.687618255615234,150.4199981689453,2.59
2011-06-08,98.39897155761719,64.18498229980469,149.80999755859375,2.59
2011-06-09,98.39897155761719,64.18498229980469,149.80999755859375,2.58
2011-06-09,99.14988708496094,63.926334381103516,150.55999755859375,2.58
2011-06-10,99.14988708496094,63.926334381103516,150.55999755859375,2.58
2011-06-10,97.77066040039062,64.41710662841797,149.24000549316406,2.58
2011-06-13,97.77066040039062,64.41710662841797,149.24000549316406,2.6
2011-06-13,97.84729766845703,64.09213256835938,147.77000427246094,2.6
2011-06-14,97.84729766845703,64.09213256835938,147.77000427246094,2.66
2011-06-14,99.0886001586914,63.12394714355469,148.6699981689453,2.66
2011-06-15,99.0886001586914,63.12394714355469,148.6699981689453,2.6
2011-06-15,97.32626342773438,64.27116394042969,149.1199951171875,2.6
2011-06-16,97.32626342773438,64.27116394042969,149.1199951171875,2.55
2011-06-16,97.5407943725586,64.56293487548828,148.97000122070312,2.55
2011-06-17,97.5407943725586,64.56293487548828,148.97000122070312,2.56
2011-06-17,97.83186340332031,64.25789642333984,149.94000244140625,2.56
2011-06-20,97.83186340332031,64.25789642333984,149.94000244140625,2.59
2011-06-20,98.33238983154297,64.33747863769531,150.02999877929688,2.59
2011-06-21,98.33238983154297,64.33747863769531,150.02999877929688,2.59
2011-06-21,99.67993927001953,64.05236053466797,150.75999450683594,2.59
2011-06-22,99.67993927001953,64.05236053466797,150.75999450683594,2.62
2011-06-22,99.0793228149414,64.09213256835938,150.99000549316406,2.62
2011-06-23,99.0793228149414,64.09213256835938,150.99000549316406,2.58
2011-06-23,98.79443359375,64.5828857421875,148.33999633789062,2.58
2011-06-24,98.79443359375,64.5828857421875,148.33999633789062,2.53
2011-06-24,97.64704895019531,64.31095886230469,146.25999450683594,2.53
2011-06-27,97.64704895019531,64.31095886230469,146.25999450683594,2.54
2011-06-27,98.51720428466797,63.429012298583984,145.72999572753906,2.54
2011-06-28,98.51720428466797,63.429012298583984,145.72999572753906,2.57
2011-06-28,99.80310821533203,62.91843795776367,146.24000549316406,2.57
2011-06-29,99.80310821533203,62.91843795776367,146.24000549316406,2.67
2011-06-29,100.65787506103516,62.50057601928711,147.17999267578125,2.67
2011-06-30,100.65787506103516,62.50057601928711,147.17999267578125,2.73
2011-06-30,101.62042236328125,62.40113830566406,146.0,2.73
2011-07-01,101.62042236328125,62.40113830566406,146.0,2.72
2011-07-01,103.12196350097656,62.30135726928711,144.92999267578125,2.72
2011-07-05,103.12196350097656,62.30135726928711,144.92999267578125,2.72
2011-07-05,103.03727722167969,62.441062927246094,147.6300048828125,2.72
2011-07-06,103.03727722167969,62.441062927246094,147.6300048828125,2.69
2011-07-06,103.16043853759766,62.760433197021484,148.91000366210938,2.69
2011-07-07,103.16043853759766,62.760433197021484,148.91000366210938,2.68
2011-07-07,104.23081970214844,62.574134826660156,149.14999389648438,2.68
2011-07-08,104.23081970214844,62.574134826660156,149.14999389648438,2.63
2011-07-08,103.49154663085938,63.45912170410156,150.25,2.63
2011-07-11,103.49154663085938,63.45912170410156,150.25,2.57
2011-07-11,101.62042236328125,64.41065216064453,151.58999633789062,2.57
2011-07-12,101.62042236328125,64.41065216064453,151.58999633789062,2.55
2011-07-12,101.18145751953125,64.63026428222656,152.77000427246094,2.55
2011-07-13,101.18145751953125,64.63026428222656,152.77000427246094,2.55
2011-07-13,101.52027893066406,64.80984497070312,154.13999938964844,2.55
2011-07-14,101.52027893066406,64.80984497070312,154.13999938964844,2.6
2011-07-14,100.81957244873047,63.88495635986328,154.5399932861328,2.6
2011-07-15,100.81957244873047,63.88495635986328,154.5399932861328,2.57
2011-07-15,101.40480041503906,63.991424560546875,155.1999969482422,2.57
2011-07-18,101.40480041503906,63.991424560546875,155.1999969482422,2.57
2011-07-18,100.57315826416016,63.372623443603516,156.57000732421875,2.57
2011-07-19,100.57315826416016,63.372623443603516,156.57000732421875,2.52
2011-07-19,102.20561218261719,64.69013977050781,154.66000366210938,2.52
2011-07-20,102.20561218261719,64.69013977050781,154.66000366210938,2.56
2011-07-20,102.1440200805664,63.924903869628906,156.02000427246094,2.56
2011-07-21,102.1440200805664,63.924903869628906,156.02000427246094,2.63
2011-07-21,103.56085205078125,63.43248748779297,154.8300018310547,2.63
2011-07-22,103.56085205078125,63.43248748779297,154.8300018310547,2.59
2011-07-22,103.63021850585938,63.91156768798828,156.1199951171875,2.59
2011-07-25,103.63021850585938,63.91156768798828,156.1199951171875,2.61
2011-07-25,103.05264282226562,63.212913513183594,157.33999633789062,2.61
2011-07-26,103.05264282226562,63.212913513183594,157.33999633789062,2.58
2011-07-26,102.66764068603516,63.64545440673828,157.77000427246094,2.58
2011-07-27,102.66764068603516,63.64545440673828,157.77000427246094,2.57
2011-07-27,100.56548309326172,63.65207290649414,157.19000244140625,2.57
2011-07-28,100.56548309326172,63.65207290649414,157.19000244140625,2.56
2011-07-28,100.27284240722656,63.89161682128906,157.32000732421875,2.56
2011-07-29,100.27284240722656,63.89161682128906,157.32000732421875,2.46
2011-07-29,99.5875473022461,65.15586853027344,158.2899932861328,2.46
2011-08-01,99.5875473022461,65.15586853027344,158.2899932861328,2.39
2011-08-01,99.16401672363281,65.81348419189453,157.72000122070312,2.39
2011-08-02,99.16401672363281,65.81348419189453,157.72000122070312,2.33
2011-08-02,96.63063049316406,67.78961944580078,161.52000427246094,2.33
2011-08-03,96.63063049316406,67.78961944580078,161.52000427246094,2.31
2011-08-03,97.15425872802734,67.92317962646484,161.49000549316406,2.31
2011-08-04,97.15425872802734,67.92317962646484,161.49000549316406,2.2
2011-08-04,92.60337829589844,70.33989715576172,160.63999938964844,2.2
2011-08-05,92.60337829589844,70.33989715576172,160.63999938964844,2.3
2011-08-05,92.46476745605469,68.31037902832031,161.75,2.3
2011-08-08,92.46476745605469,68.31037902832031,161.75,2.13
2011-08-08,86.44318389892578,70.46675872802734,167.1199951171875,2.13
2011-08-09,86.44318389892578,70.46675872802734,167.1199951171875,2.01
2011-08-09,90.46273040771484,70.68043518066406,168.61000061035156,2.01
2011-08-10,90.46273040771484,70.68043518066406,168.61000061035156,1.98
2011-08-10,86.46629333496094,72.7834243774414,174.5800018310547,1.98
2011-08-11,86.46629333496094,72.7834243774414,174.5800018310547,2.15
2011-08-11,90.3471908569336,69.11149597167969,170.75,2.15
2011-08-12,90.3471908569336,69.11149597167969,170.75,2.04
2011-08-12,90.95552062988281,70.48011016845703,169.97000122070312,2.04
2011-08-15,90.95552062988281,70.48011016845703,169.97000122070312,2.1
2011-08-15,92.88059997558594,69.76580047607422,171.8000030517578,2.1
2011-08-16,92.88059997558594,69.76580047607422,171.8000030517578,2.03
2011-08-16,92.08745574951172,70.92079162597656,173.9199981689453,2.03
2011-08-17,92.08745574951172,70.92079162597656,173.9199981689453,1.98
2011-08-17,92.14905548095703,72.16253662109375,174.4199981689453,1.98
2011-08-18,92.14905548095703,72.16253662109375,174.4199981689453,1.88
2011-08-18,88.17576599121094,73.64459228515625,177.72000122070312,1.88
2011-08-19,88.17576599121094,73.64459228515625,177.72000122070312,1.87
2011-08-19,86.73576354980469,74.23882293701172,179.9499969482422,1.87
2011-08-22,86.73576354980469,74.23882293701172,179.9499969482422,1.88
2011-08-22,86.80509185791016,74.05186462402344,184.58999633789062,1.88
2011-08-23,86.80509185791016,74.05186462402344,184.58999633789062,1.93
2011-08-23,89.66189575195312,73.03038787841797,177.6699981689453,1.93
2011-08-24,89.66189575195312,73.03038787841797,177.6699981689453,2.06
2011-08-24,90.92472076416016,70.95411682128906,171.64999389648438,2.06
2011-08-25,90.92472076416016,70.95411682128906,171.64999389648438,2.01
2011-08-25,89.53871154785156,71.72190856933594,172.36000061035156,2.01
2011-08-26,89.53871154785156,71.72190856933594,172.36000061035156,1.99
2011-08-26,90.84004974365234,72.4295425415039,177.47000122070312,1.99
2011-08-29,90.84004974365234,72.4295425415039,177.47000122070312,2.08
2011-08-29,93.45042419433594,71.42815399169922,173.88999938964844,2.08
2011-08-30,93.45042419433594,71.42815399169922,173.88999938964844,1.99
2011-08-30,93.69683074951172,72.57643127441406,179.10000610351562,1.99
2011-08-31,93.69683074951172,72.57643127441406,179.10000610351562,2.03
2011-08-31,94.11263275146484,71.45480346679688,177.72000122070312,2.03
2011-09-01,94.11263275146484,71.45480346679688,177.72000122070312,1.96
2011-09-01,93.12703704833984,72.96953582763672,177.8699951171875,1.96
2011-09-02,93.12703704833984,72.96953582763672,177.8699951171875,1.82
2011-09-02,90.74763488769531,75.34002685546875,183.24000549316406,1.82
2011-09-06,90.74763488769531,75.34002685546875,183.24000549316406,1.77
2011-09-06,90.08539581298828,76.12348937988281,182.89999389648438,1.77
2011-09-07,90.08539581298828,76.12348937988281,182.89999389648438,1.84
2011-09-07,92.62647247314453,74.67041015625,177.0800018310547,1.84
2011-09-08,92.62647247314453,74.67041015625,177.0800018310547,1.81
2011-09-08,91.6639633178711,75.34002685546875,181.80999755859375,1.81
2011-09-09,91.6639633178711,75.34002685546875,181.80999755859375,1.76
2011-09-09,89.26148986816406,76.14359283447266,180.6999969482422,1.76
2011-09-12,89.26148986816406,76.14359283447266,180.6999969482422,1.73
2011-09-12,89.83900451660156,76.22393035888672,176.6699981689453,1.73
2011-09-13,89.83900451660156,76.22393035888672,176.6699981689453,1.79
2011-09-13,90.66292572021484,75.13915252685547,178.5399932861328,1.79
2011-09-14,90.66292572021484,75.13915252685547,178.5399932861328,1.84
2011-09-14,91.91806030273438,75.77526092529297,177.2100067138672,1.84
2011-09-15,91.91806030273438,75.77526092529297,177.2100067138672,1.88
2011-09-15,93.50431060791016,74.61680603027344,174.39999389648438,1.88
2011-09-16,93.50431060791016,74.61680603027344,174.39999389648438,1.9
2011-09-16,94.05772399902344,75.15921783447266,176.02999877929688,1.9
2011-09-19,94.05772399902344,75.15921783447266,176.02999877929688,1.81
2011-09-19,93.1211929321289,76.59220886230469,173.30999755859375,1.81
2011-09-20,93.1211929321289,76.59220886230469,173.30999755859375,1.77
2011-09-20,93.01280212402344,76.9136734008789,175.77999877929688,1.77
2011-09-21,93.01280212402344,76.9136734008789,175.77999877929688,1.67
2011-09-21,90.27281951904297,79.45824432373047,173.58999633789062,1.67
2011-09-22,90.27281951904297,79.45824432373047,173.58999633789062,1.52
2011-09-22,87.35482025146484,82.4448013305664,169.0500030517578,1.52
2011-09-23,87.35482025146484,82.4448013305664,169.0500030517578,1.61
2011-09-23,87.8811264038086,80.91136932373047,159.8000030517578,1.61
2011-09-26,87.8811264038086,80.91136932373047,159.8000030517578,1.66
2011-09-26,89.97095489501953,79.6122055053711,157.5800018310547,1.66
2011-09-27,89.97095489501953,79.6122055053711,157.5800018310547,1.75
2011-09-27,90.97716522216797,78.39352416992188,160.6300048828125,1.75
2011-09-28,90.97716522216797,78.39352416992188,160.6300048828125,1.76
2011-09-28,89.11953735351562,78.36676025390625,156.22000122070312,1.76
2011-09-29,89.11953735351562,78.36676025390625,156.22000122070312,1.72
2011-09-29,89.8238754272461,78.90912628173828,157.6999969482422,1.72
2011-09-30,89.8238754272461,78.90912628173828,157.6999969482422,1.67
2011-09-30,87.57929229736328,80.89126586914062,158.05999755859375,1.67
2011-10-03,87.57929229736328,80.89126586914062,158.05999755859375,1.56
2011-10-03,85.08695983886719,83.11736297607422,160.9600067138672,1.56
2011-10-04,85.08695983886719,83.11736297607422,160.9600067138672,1.56
2011-10-04,86.95233154296875,82.06336975097656,157.63999938964844,1.56
2011-10-05,86.95233154296875,82.06336975097656,157.63999938964844,1.67
2011-10-05,88.5622787475586,81.47261810302734,159.4600067138672,1.67
2011-10-06,88.5622787475586,81.47261810302734,159.4600067138672,1.72
2011-10-06,90.16447448730469,79.96885681152344,160.49000549316406,1.72
2011-10-07,90.16447448730469,79.96885681152344,160.49000549316406,1.8
2011-10-07,89.56072998046875,79.37808990478516,159.17999267578125,1.8
2011-10-10,92.5561752319336,78.25697326660156,163.27000427246094,1.8
2011-10-11,92.5561752319336,78.25697326660156,163.27000427246094,1.86
2011-10-11,92.64903259277344,77.99516296386719,162.10000610351562,1.86
2011-10-12,92.64903259277344,77.99516296386719,162.10000610351562,1.95
2011-10-12,93.46174621582031,76.86058044433594,163.25999450683594,1.95
2011-10-13,93.46174621582031,76.86058044433594,163.25999450683594,1.9
2011-10-13,93.27601623535156,77.62590789794922,162.3000030517578,1.9
2011-10-14,93.27601623535156,77.62590789794922,162.3000030517578,1.98
2011-10-14,94.87044525146484,76.49805450439453,163.39999389648438,1.98
2011-10-17,94.87044525146484,76.49805450439453,163.39999389648438,1.9
2011-10-17,93.05924224853516,77.82061004638672,162.6199951171875,1.9
2011-10-18,93.05924224853516,77.82061004638672,162.6199951171875,1.91
2011-10-18,94.87820434570312,77.33724212646484,161.83999633789062,1.91
2011-10-19,94.87820434570312,77.33724212646484,161.83999633789062,1.9
2011-10-19,93.75586700439453,77.31039428710938,159.8699951171875,1.9
2011-10-20,93.75586700439453,77.31039428710938,159.8699951171875,1.92
2011-10-20,94.16609191894531,76.75992584228516,157.77000427246094,1.92
2011-10-21,94.16609191894531,76.75992584228516,157.77000427246094,1.93
2011-10-21,95.95407104492188,75.94757843017578,159.52000427246094,1.93
2011-10-24,95.95407104492188,75.94757843017578,159.52000427246094,1.95
2011-10-24,97.13056945800781,76.07511901855469,161.02000427246094,1.95
2011-10-25,97.13056945800781,76.07511901855469,161.02000427246094,1.88
2011-10-25,95.24198913574219,78.00856018066406,165.58999633789062,1.88
2011-10-26,95.24198913574219,78.00856018066406,165.58999633789062,1.95
2011-10-26,96.20948791503906,76.6457748413086,167.39999389648438,1.95
2011-10-27,96.20948791503906,76.6457748413086,167.39999389648438,2.11
2011-10-27,99.56095886230469,74.04771423339844,169.5500030517578,2.11
2011-10-28,99.56095886230469,74.04771423339844,169.5500030517578,2.06
2011-10-28,99.53773498535156,74.82644653320312,169.6199951171875,2.06
2011-10-31,99.53773498535156,74.82644653320312,169.6199951171875,1.92
2011-10-31,97.13829040527344,77.79376220703125,167.33999633789062,1.92
2011-11-01,97.13829040527344,77.79376220703125,167.33999633789062,1.78
2011-11-01,94.42926788330078,80.3978500366211,167.3800048828125,1.78
2011-11-02,94.42926788330078,80.3978500366211,167.3800048828125,1.8
2011-11-02,95.96955108642578,79.39495086669922,169.05999755859375,1.8
2011-11-03,95.96955108642578,79.39495086669922,169.05999755859375,1.85
2011-11-03,97.71879577636719,78.30463409423828,171.72000122070312,1.85
2011-11-04,97.71879577636719,78.30463409423828,171.72000122070312,1.84
2011-11-04,97.12284851074219,78.3988265991211,170.85000610351562,1.84
2011-11-07,97.12284851074219,78.3988265991211,170.85000610351562,1.79
2011-11-07,97.7265396118164,78.89691925048828,174.97999572753906,1.79
2011-11-08,97.7265396118164,78.89691925048828,174.97999572753906,1.85
2011-11-08,98.98043060302734,77.88729095458984,173.52999877929688,1.85
2011-11-09,98.98043060302734,77.88729095458984,173.52999877929688,1.76
2011-11-09,95.32711791992188,79.50264739990234,172.07000732421875,1.76
2011-11-10,95.32711791992188,79.50264739990234,172.07000732421875,1.8
2011-11-10,96.22496032714844,78.31808471679688,171.13999938964844,1.8
2011-11-11,98.03616333007812,77.84019470214844,173.9600067138672,1.8
2011-11-14,98.03616333007812,77.84019470214844,173.9600067138672,1.8
2011-11-14,97.10733795166016,79.09213256835938,173.1999969482422,1.8
2011-11-15,97.10733795166016,79.09213256835938,173.1999969482422,1.8
2011-11-15,97.58724975585938,78.98442077636719,173.36000061035156,1.8
2011-11-16,97.58724975585938,78.98442077636719,173.36000061035156,1.75
2011-11-16,96.03921508789062,79.70460510253906,171.50999450683594,1.75
2011-11-17,96.03921508789062,79.70460510253906,171.50999450683594,1.69
2011-11-17,94.5144271850586,80.34403228759766,167.10000610351562,1.69
2011-11-18,94.5144271850586,80.34403228759766,167.10000610351562,1.72
2011-11-18,94.41378784179688,80.3238525390625,167.6199951171875,1.72
2011-11-21,94.41378784179688,80.3238525390625,167.6199951171875,1.7
2011-11-21,92.6180648803711,80.80166625976562,163.5,1.7
2011-11-22,92.6180648803711,80.80166625976562,163.5,1.68
2011-11-22,92.25428009033203,81.7035903930664,165.30999755859375,1.68
2011-11-23,92.25428009033203,81.7035903930664,165.30999755859375,1.63
2011-11-23,90.21863555908203,82.5044937133789,164.8300018310547,1.63
2011-11-25,90.21863555908203,82.5044937133789,164.8300018310547,1.69
2011-11-25,90.04837799072266,81.30647277832031,163.39999389648438,1.69
2011-11-28,90.04837799072266,81.30647277832031,163.39999389648438,1.71
2011-11-28,92.65677642822266,81.26611328125,166.6300048828125,1.71
2011-11-29,92.65677642822266,81.26611328125,166.6300048828125,1.73
2011-11-29,92.91995239257812,80.59979248046875,166.8800048828125,1.73
2011-11-30,92.91995239257812,80.59979248046875,166.8800048828125,1.83
2011-11-30,96.74356079101562,79.34109497070312,170.1300048828125,1.83
2011-12-01,96.74356079101562,79.34109497070312,170.1300048828125,1.84
2011-12-01,96.72805786132812,78.94303894042969,169.6300048828125,1.84
2011-12-02,96.72805786132812,78.94303894042969,169.6300048828125,1.8
2011-12-02,96.64292907714844,80.04956817626953,169.82000732421875,1.8
2011-12-05,96.64292907714844,80.04956817626953,169.82000732421875,1.77
2011-12-05,97.69556427001953,79.88765716552734,167.32000732421875,1.77
2011-12-06,97.69556427001953,79.88765716552734,167.32000732421875,1.83
2011-12-06,97.7265396118164,79.12519073486328,168.17999267578125,1.83
2011-12-07,97.7265396118164,79.12519073486328,168.17999267578125,1.78
2011-12-07,98.09032440185547,79.40861511230469,169.39999389648438,1.78
2011-12-08,98.09032440185547,79.40861511230469,169.39999389648438,1.77
2011-12-08,95.93858337402344,80.40043640136719,165.97999572753906,1.77
2011-12-09,95.93858337402344,80.40043640136719,165.97999572753906,1.85
2011-12-09,97.5639877319336,78.7474136352539,166.39999389648438,1.85
2011-12-12,97.5639877319336,78.7474136352539,166.39999389648438,1.79
2011-12-12,96.13983154296875,79.6244888305664,161.99000549316406,1.79
2011-12-13,96.13983154296875,79.6244888305664,161.99000549316406,1.72
2011-12-13,95.24198913574219,80.36669158935547,158.4499969482422,1.72
2011-12-14,95.24198913574219,80.36669158935547,158.4499969482422,1.67
2011-12-14,94.22799682617188,81.88483428955078,152.88999938964844,1.67
2011-12-15,94.22799682617188,81.88483428955078,152.88999938964844,1.66
2011-12-15,94.56858825683594,81.58121490478516,152.3300018310547,1.66
2011-12-16,94.56858825683594,81.58121490478516,152.3300018310547,1.62
2011-12-16,94.70878601074219,82.53256225585938,155.22999572753906,1.62
2011-12-19,94.70878601074219,82.53256225585938,155.22999572753906,1.58
2011-12-19,93.6961898803711,83.57840728759766,154.8699951171875,1.58
2011-12-20,93.6961898803711,83.57840728759766,154.8699951171875,1.68
2011-12-20,96.53145599365234,81.49345397949219,156.97999572753906,1.68
2011-12-21,96.53145599365234,81.49345397949219,156.97999572753906,1.7
2011-12-21,96.71839904785156,80.3599853515625,157.16000366210938,1.7
2011-12-22,96.71839904785156,80.3599853515625,157.16000366210938,1.69
2011-12-22,97.5752182006836,80.69730377197266,156.0399932861328,1.69
2011-12-23,97.5752182006836,80.69730377197266,156.0399932861328,1.75
2011-12-23,98.44761657714844,79.79993438720703,156.30999755859375,1.75
2011-12-27,98.44761657714844,79.79993438720703,156.30999755859375,1.72
2011-12-27,98.52549743652344,80.17902374267578,154.91000366210938,1.72
2011-12-28,98.52549743652344,80.17902374267578,154.91000366210938,1.65
2011-12-28,97.23247528076172,81.66141510009766,151.02999877929688,1.65
2011-12-29,97.23247528076172,81.66141510009766,151.02999877929688,1.63
2011-12-29,98.2373046875,81.81036376953125,150.33999633789062,1.63
2011-12-30,98.2373046875,81.81036376953125,150.33999633789062,1.64
2011-12-30,97.75435638427734,82.07433319091797,151.99000549316406,1.64
2012-01-03,97.75435638427734,82.07433319091797,151.99000549316406,1.7
2012-01-03,99.31217193603516,80.84239959716797,155.9199981689453,1.7
2012-01-04,99.31217193603516,80.84239959716797,155.9199981689453,1.75
2012-01-04,99.46800231933594,79.88114166259766,156.7100067138672,1.75
2012-01-05,99.46800231933594,79.88114166259766,156.7100067138672,1.75
2012-01-05,99.7328109741211,79.73900604248047,157.77999877929688,1.75
2012-01-06,99.7328109741211,79.73900604248047,157.77999877929688,1.73
2012-01-06,99.47577667236328,80.36851501464844,157.1999969482422,1.73
2012-01-09,99.47577667236328,80.36851501464844,157.1999969482422,1.72
2012-01-09,99.71722412109375,80.22636413574219,156.5,1.72
2012-01-10,99.71722412109375,80.22636413574219,156.5,1.76
2012-01-10,100.58187103271484,80.09101104736328,158.63999938964844,1.76
2012-01-11,100.58187103271484,80.09101104736328,158.63999938964844,1.69
2012-01-11,100.6363525390625,81.13337707519531,159.6699981689453,1.69
2012-01-12,100.6363525390625,81.13337707519531,159.6699981689453,1.72
2012-01-12,100.87784576416016,81.01837158203125,160.3800048828125,1.72
2012-01-13,100.87784576416016,81.01837158203125,160.3800048828125,1.65
2012-01-13,100.35597229003906,81.82384490966797,159.25999450683594,1.65
2012-01-17,100.35597229003906,81.82384490966797,159.25999450683594,1.66
2012-01-17,100.74541473388672,82.20291900634766,160.5,1.66
2012-01-18,100.74541473388672,82.20291900634766,160.5,1.68
2012-01-18,101.85926818847656,81.20791625976562,161.60000610351562,1.68
2012-01-19,101.85926818847656,81.20791625976562,161.60000610351562,1.75
2012-01-19,102.396728515625,80.09101104736328,161.22000122070312,1.75
2012-01-20,102.396728515625,80.09101104736328,161.22000122070312,1.79
2012-01-20,102.77838897705078,79.1839599609375,162.07000732421875,1.79
2012-01-23,102.77838897705078,79.1839599609375,162.07000732421875,1.83
2012-01-23,102.51355743408203,78.68301391601562,163.16000366210938,1.83
2012-01-24,102.51355743408203,78.68301391601562,163.16000366210938,1.84
2012-01-24,102.396728515625,78.82515716552734,162.00999450683594,1.84
2012-01-25,102.396728515625,78.82515716552734,162.00999450683594,1.79
2012-01-25,103.25355529785156,78.63567352294922,166.4199981689453,1.79
2012-01-26,103.25355529785156,78.63567352294922,166.4199981689453,1.74
2012-01-26,102.72389221191406,79.6781234741211,167.27000427246094,1.74
2012-01-27,102.72389221191406,79.6781234741211,167.27000427246094,1.71
2012-01-27,102.67713165283203,79.92852783203125,168.97000122070312,1.71
2012-01-30,102.67713165283203,79.92852783203125,168.97000122070312,1.65
2012-01-30,102.32661437988281,80.86947631835938,168.02999877929688,1.65
2012-01-31,102.32661437988281,80.86947631835938,168.02999877929688,1.61
2012-01-31,102.28767395019531,81.80358123779297,169.30999755859375,1.61
2012-02-01,102.28767395019531,81.80358123779297,169.30999755859375,1.64
2012-02-01,103.18345642089844,80.86659240722656,169.55999755859375,1.64
2012-02-02,103.18345642089844,80.86659240722656,169.55999755859375,1.63
2012-02-02,103.34700775146484,80.83258819580078,171.0500030517578,1.63
2012-02-03,103.34700775146484,80.83258819580078,171.0500030517578,1.74
2012-02-03,104.79579162597656,79.09553527832031,167.63999938964844,1.74
2012-02-06,104.79579162597656,79.09553527832031,167.63999938964844,1.69
2012-02-06,104.72570037841797,79.88265991210938,167.17999267578125,1.69
2012-02-07,104.72570037841797,79.88265991210938,167.17999267578125,1.75
2012-02-07,104.99050903320312,78.89198303222656,169.6999969482422,1.75
2012-02-08,104.99050903320312,78.89198303222656,169.6999969482422,1.74
2012-02-08,105.30207061767578,78.95307159423828,168.5,1.74
2012-02-09,105.30207061767578,78.95307159423828,168.5,1.77
2012-02-09,105.43450927734375,78.36279296875,168.02000427246094,1.77
2012-02-10,105.43450927734375,78.36279296875,168.02000427246094,1.69
2012-02-10,104.65560150146484,79.38054656982422,167.13999938964844,1.69
2012-02-13,104.65560150146484,79.38054656982422,167.13999938964844,1.7
2012-02-13,105.43450927734375,79.48233032226562,167.50999450683594,1.7
2012-02-14,105.43450927734375,79.48233032226562,167.50999450683594,1.63
2012-02-14,105.30207061767578,79.90303039550781,167.1199951171875,1.63
2012-02-15,105.30207061767578,79.90303039550781,167.1199951171875,1.64
2012-02-15,104.81137084960938,79.76055908203125,168.11000061035156,1.64
2012-02-16,104.81137084960938,79.76055908203125,168.11000061035156,1.7
2012-02-16,105.97199249267578,79.12273406982422,168.0,1.7
2012-02-17,105.97199249267578,79.12273406982422,168.0,1.72
2012-02-17,106.25238800048828,79.10238647460938,167.35000610351562,1.72
2012-02-21,106.25238800048828,79.10238647460938,167.35000610351562,1.74
2012-02-21,106.29911804199219,78.22704315185547,171.02000427246094,1.74
2012-02-22,106.29911804199219,78.22704315185547,171.02000427246094,1.72
2012-02-22,105.95637512207031,79.2109146118164,172.94000244140625,1.72
2012-02-23,105.95637512207031,79.2109146118164,172.94000244140625,1.68
2012-02-23,106.42375946044922,79.2109146118164,173.02000427246094,1.68
2012-02-24,106.42375946044922,79.2109146118164,173.02000427246094,1.67
2012-02-24,106.65739440917969,79.72664642333984,172.22999572753906,1.67
2012-02-27,106.65739440917969,79.72664642333984,172.22999572753906,1.62
2012-02-27,106.83654022216797,80.43226623535156,171.6999969482422,1.62
2012-02-28,106.83654022216797,80.43226623535156,171.6999969482422,1.64
2012-02-28,107.14812469482422,80.16764831542969,173.49000549316406,1.64
2012-02-29,107.14812469482422,80.16764831542969,173.49000549316406,1.68
2012-02-29,106.7275161743164,79.67911529541016,164.2899932861328,1.68
2012-03-01,106.7275161743164,79.67911529541016,164.2899932861328,1.73
2012-03-01,107.28052520751953,78.92898559570312,166.61000061035156,1.73
2012-03-02,107.28052520751953,78.92898559570312,166.61000061035156,1.71
2012-03-02,106.95337677001953,79.67028045654297,166.33999633789062,1.71
2012-03-05,106.95337677001953,79.67028045654297,166.33999633789062,1.69
2012-03-05,106.51717376708984,79.03781127929688,165.64999389648438,1.69
2012-03-06,106.51717376708984,79.03781127929688,165.64999389648438,1.66
2012-03-06,104.9593734741211,79.99671173095703,162.6999969482422,1.66
2012-03-07,104.9593734741211,79.99671173095703,162.6999969482422,1.68
2012-03-07,105.69158172607422,79.50704193115234,163.6300048828125,1.68
2012-03-08,105.69158172607422,79.50704193115234,163.6300048828125,1.71
2012-03-08,106.74308013916016,78.71135711669922,165.27999877929688,1.71
2012-03-09,106.74308013916016,78.71135711669922,165.27999877929688,1.71
2012-03-09,107.15589141845703,78.86774444580078,166.3800048828125,1.71
2012-03-12,107.15589141845703,78.86774444580078,166.3800048828125,1.71
2012-03-12,107.16374969482422,78.85417938232422,165.07000732421875,1.71
2012-03-13,107.16374969482422,78.85417938232422,165.07000732421875,1.79
2012-03-13,109.09537506103516,77.46683502197266,162.3000030517578,1.79
2012-03-14,109.09537506103516,77.46683502197266,162.3000030517578,1.89
2012-03-14,108.97858428955078,75.5150146484375,159.57000732421875,1.89
2012-03-15,108.97858428955078,75.5150146484375,159.57000732421875,1.92
2012-03-15,109.60950469970703,75.63066864013672,161.0800018310547,1.92
2012-03-16,109.60950469970703,75.63066864013672,161.0800018310547,1.94
2012-03-16,109.76130676269531,75.78024291992188,161.3000030517578,1.94
2012-03-19,109.76130676269531,75.78024291992188,161.3000030517578,2.0
2012-03-19,110.19155883789062,74.87571716308594,161.58999633789062,2.0
2012-03-20,110.19155883789062,74.87571716308594,161.58999633789062,1.97
2012-03-20,109.87081909179688,75.17503356933594,160.1300048828125,1.97
2012-03-21,109.87081909179688,75.17503356933594,160.1300048828125,1.92
2012-03-21,109.69087982177734,76.02508544921875,160.2100067138672,1.92
2012-03-22,109.69087982177734,76.02508544921875,160.2100067138672,1.92
2012-03-22,108.9007339477539,76.2699203491211,159.57000732421875,1.92
2012-03-23,108.9007339477539,76.2699203491211,159.57000732421875,1.88
2012-03-23,109.2527847290039,76.99076080322266,161.52999877929688,1.88
2012-03-26,109.2527847290039,76.99076080322266,161.52999877929688,1.9
2012-03-26,110.78617095947266,76.59629821777344,164.39999389648438,1.9
2012-03-27,110.78617095947266,76.59629821777344,164.39999389648438,1.87
2012-03-27,110.44189453125,77.1471939086914,163.24000549316406,1.87
2012-03-28,110.44189453125,77.1471939086914,163.24000549316406,1.87
2012-03-28,109.89427947998047,77.03840637207031,161.50999450683594,1.87
2012-03-29,109.89427947998047,77.03840637207031,161.50999450683594,1.85
2012-03-29,109.70651245117188,77.616455078125,161.27999877929688,1.85
2012-03-30,109.70651245117188,77.616455078125,161.27999877929688,1.9
2012-03-30,110.16029357910156,76.30390930175781,162.1199951171875,1.9
2012-04-02,110.16029357910156,76.30390930175781,162.1199951171875,1.89
2012-04-02,110.9660873413086,76.72667694091797,162.94000244140625,1.89
2012-04-03,110.9660873413086,76.72667694091797,162.94000244140625,1.94
2012-04-03,110.51232147216797,75.39705657958984,159.88999938964844,1.94
2012-04-04,110.51232147216797,75.39705657958984,159.88999938964844,1.9
2012-04-04,109.4170913696289,76.43345642089844,157.2100067138672,1.9
2012-04-05,109.4170913696289,76.43345642089844,157.2100067138672,1.84
2012-04-05,109.36231994628906,76.9857406616211,158.30999755859375,1.84
2012-04-06,109.36231994628906,76.9857406616211,158.30999755859375,1.75
2012-04-09,109.36231994628906,76.9857406616211,158.30999755859375,1.74
2012-04-09,108.13402557373047,78.78579711914062,159.3699951171875,1.74
2012-04-10,108.13402557373047,78.78579711914062,159.3699951171875,1.73
2012-04-10,106.31903839111328,79.67898559570312,161.10000610351562,1.73
2012-04-11,106.31903839111328,79.67898559570312,161.10000610351562,1.75
2012-04-11,107.1795425415039,78.72439575195312,161.07000732421875,1.75
2012-04-12,107.1795425415039,78.72439575195312,161.07000732421875,1.79
2012-04-12,108.57998657226562,78.39712524414062,162.6999969482422,1.79
2012-04-13,108.57998657226562,78.39712524414062,162.6999969482422,1.75
2012-04-13,107.28910827636719,79.66536712646484,160.85000610351562,1.75
2012-04-16,107.28910827636719,79.66536712646484,160.85000610351562,1.73
2012-04-16,107.21871185302734,79.54940795898438,160.4600067138672,1.73
2012-04-17,107.21871185302734,79.54940795898438,160.4600067138672,1.76
2012-04-17,108.80683898925781,79.50172424316406,160.25,1.76
2012-04-18,108.80683898925781,79.50172424316406,160.25,1.73
2012-04-18,108.43914794921875,79.73355102539062,159.30999755859375,1.73
2012-04-19,108.43914794921875,79.73355102539062,159.30999755859375,1.71
2012-04-19,107.74287414550781,79.80853271484375,159.42999267578125,1.71
2012-04-20,107.74287414550781,79.80853271484375,159.42999267578125,1.7
2012-04-20,107.92279052734375,79.82217407226562,159.5399932861328,1.7
2012-04-23,107.92279052734375,79.82217407226562,159.5399932861328,1.69
2012-04-23,107.01529693603516,80.40174865722656,159.07000732421875,1.69
2012-04-24,107.01529693603516,80.40174865722656,159.07000732421875,1.73
2012-04-24,107.42208862304688,79.8357925415039,159.3000030517578,1.73
2012-04-25,107.42208862304688,79.8357925415039,159.3000030517578,1.75
2012-04-25,108.89288330078125,79.42671203613281,159.6199951171875,1.75
2012-04-26,108.89288330078125,79.42671203613281,159.6199951171875,1.72
2012-04-26,109.65176391601562,79.90403747558594,161.02999877929688,1.72
2012-04-27,109.65176391601562,79.90403747558594,161.02999877929688,1.7
2012-04-27,109.83170318603516,79.97221374511719,161.3800048828125,1.7
2012-04-30,109.83170318603516,79.97221374511719,161.3800048828125,1.68
2012-04-30,109.42488861083984,79.99262237548828,161.8800048828125,1.68
2012-05-01,109.42488861083984,79.99262237548828,161.8800048828125,1.71
2012-05-01,110.10550689697266,79.57776641845703,161.32000732421875,1.71
2012-05-02,110.10550689697266,79.57776641845703,161.32000732421875,1.69
2012-05-02,109.77693176269531,80.13822937011719,160.58999633789062,1.69
2012-05-03,109.77693176269531,80.13822937011719,160.58999633789062,1.68
2012-05-03,108.9398193359375,80.11770629882812,158.97000122070312,1.68
2012-05-04,108.9398193359375,80.11770629882812,158.97000122070312,1.64
2012-05-04,107.1795425415039,80.74649047851562,159.47000122070312,1.64
2012-05-07,107.1795425415039,80.74649047851562,159.47000122070312,1.65
2012-05-07,107.25784301757812,80.76018524169922,159.0800018310547,1.65
2012-05-08,107.25784301757812,80.76018524169922,159.0800018310547,1.61
2012-05-08,106.82756042480469,81.19078063964844,156.0,1.61
2012-05-09,106.82756042480469,81.19078063964844,156.0,1.6
2012-05-09,106.1938247680664,81.24549102783203,154.47000122070312,1.6
2012-05-10,106.1938247680664,81.24549102783203,154.47000122070312,1.62
2012-05-10,106.41291046142578,81.00621795654297,154.77000427246094,1.62
2012-05-11,106.41291046142578,81.00621795654297,154.77000427246094,1.57
2012-05-11,106.0921401977539,81.67607116699219,153.55999755859375,1.57
2012-05-14,106.0921401977539,81.67607116699219,153.55999755859375,1.49
2012-05-14,104.91866302490234,82.81749725341797,151.3300018310547,1.49
2012-05-15,104.91866302490234,82.81749725341797,151.3300018310547,1.47
2012-05-15,104.3162612915039,83.15234375,149.74000549316406,1.47
2012-05-16,104.3162612915039,83.15234375,149.74000549316406,1.46
2012-05-16,103.91728210449219,83.39160919189453,149.4600067138672,1.46
2012-05-17,103.91728210449219,83.39160919189453,149.4600067138672,1.38
2012-05-17,102.37606048583984,84.86787414550781,152.8000030517578,1.38
2012-05-18,102.37606048583984,84.86787414550781,152.8000030517578,1.39
2012-05-18,101.4998779296875,84.88842010498047,154.5500030517578,1.39
2012-05-21,101.4998779296875,84.88842010498047,154.5500030517578,1.45
2012-05-21,103.24446868896484,84.71070861816406,154.64999389648438,1.45
2012-05-22,103.24446868896484,84.71070861816406,154.64999389648438,1.49
2012-05-22,103.42439270019531,83.76748657226562,152.0800018310547,1.49
2012-05-23,103.42439270019531,83.76748657226562,152.0800018310547,1.45
2012-05-23,103.4791488647461,84.34843444824219,151.6199951171875,1.45
2012-05-24,103.4791488647461,84.34843444824219,151.6199951171875,1.48
2012-05-24,103.68255615234375,84.0271987915039,151.41000366210938,1.48
2012-05-25,103.68255615234375,84.0271987915039,151.41000366210938,1.45
2012-05-25,103.34616088867188,84.34162902832031,152.67999267578125,1.45
2012-05-29,103.34616088867188,84.34162902832031,152.67999267578125,1.44
2012-05-29,104.59788513183594,84.08187866210938,151.02000427246094,1.44
2012-05-30,104.59788513183594,84.08187866210938,151.02000427246094,1.36
2012-05-30,103.08015441894531,86.21435546875,151.91000366210938,1.36
2012-05-31,103.08015441894531,86.21435546875,151.91000366210938,1.32
2012-05-31,102.85331726074219,87.2122573852539,151.6199951171875,1.32
2012-06-01,102.85331726074219,87.2122573852539,151.6199951171875,1.22
2012-06-01,100.2637939453125,89.28269958496094,157.5,1.22
2012-06-04,100.2637939453125,89.28269958496094,157.5,1.28
2012-06-04,100.21682739257812,88.5772476196289,157.32000732421875,1.28
2012-06-05,100.21682739257812,88.5772476196289,157.32000732421875,1.32
2012-06-05,100.9756851196289,87.39237213134766,157.13999938964844,1.32
2012-06-06,100.9756851196289,87.39237213134766,157.13999938964844,1.4
2012-06-06,103.24446868896484,85.64591979980469,157.2100067138672,1.4
2012-06-07,103.24446868896484,85.64591979980469,157.2100067138672,1.39
2012-06-07,103.30706787109375,85.77603912353516,154.5,1.39
2012-06-08,103.30706787109375,85.77603912353516,154.5,1.37
2012-06-08,104.12850189208984,85.75547790527344,154.72999572753906,1.37
2012-06-11,104.12850189208984,85.75547790527344,154.72999572753906,1.33
2012-06-11,102.80636596679688,86.14585876464844,155.36000061035156,1.33
2012-06-12,102.80636596679688,86.14585876464844,155.36000061035156,1.37
2012-06-12,103.98766326904297,85.35824584960938,156.4600067138672,1.37
2012-06-13,103.98766326904297,85.35824584960938,156.4600067138672,1.31
2012-06-13,103.32268524169922,86.20066833496094,157.1199951171875,1.31
2012-06-14,103.32268524169922,86.20066833496094,157.1199951171875,1.34
2012-06-14,104.41796112060547,86.09109497070312,157.75,1.34
2012-06-15,104.41796112060547,86.09109497070312,157.75,1.31
2012-06-15,105.4858627319336,86.57050323486328,157.83999633789062,1.31
2012-06-18,105.4858627319336,86.57050323486328,157.83999633789062,1.3
2012-06-18,105.69036102294922,87.03620147705078,157.92999267578125,1.3
2012-06-19,105.69036102294922,87.03620147705078,157.92999267578125,1.34
2012-06-19,106.71263885498047,85.8993148803711,157.16000366210938,1.34
2012-06-20,106.71263885498047,85.8993148803711,157.16000366210938,1.33
2012-06-20,106.53961944580078,86.32396697998047,155.97000122070312,1.33
2012-06-21,106.53961944580078,86.32396697998047,155.97000122070312,1.31
2012-06-21,104.14904022216797,86.78278350830078,152.02000427246094,1.31
2012-06-22,104.14904022216797,86.78278350830078,152.02000427246094,1.38
2012-06-22,104.95113372802734,85.62535095214844,152.63999938964844,1.38
2012-06-25,104.95113372802734,85.62535095214844,152.63999938964844,1.32
2012-06-25,103.26824188232422,86.87185668945312,153.75999450683594,1.32
2012-06-26,103.26824188232422,86.87185668945312,153.75999450683594,1.35
2012-06-26,103.78727722167969,86.5293960571289,152.6199951171875,1.35
2012-06-27,103.78727722167969,86.5293960571289,152.6199951171875,1.34
2012-06-27,104.72307586669922,86.66637420654297,152.8300018310547,1.34
2012-06-28,104.72307586669922,86.66637420654297,152.8300018310547,1.29
2012-06-28,104.42424011230469,86.87872314453125,151.0500030517578,1.29
2012-06-29,104.42424011230469,86.87872314453125,151.0500030517578,1.34
2012-06-29,107.02720642089844,85.74861907958984,155.19000244140625,1.34
2012-07-02,107.02720642089844,85.74861907958984,155.19000244140625,1.31
2012-07-02,107.34960174560547,86.63336181640625,155.08999633789062,1.31
2012-07-03,107.34960174560547,86.63336181640625,155.08999633789062,1.35
2012-07-03,108.05738067626953,85.96763610839844,157.4600067138672,1.35
2012-07-05,108.05738067626953,85.96763610839844,157.4600067138672,1.34
2012-07-05,107.56977081298828,86.40686798095703,155.67999267578125,1.34
2012-07-06,107.56977081298828,86.40686798095703,155.67999267578125,1.3
2012-07-06,106.5474853515625,87.20988464355469,153.7100067138672,1.3
2012-07-09,106.5474853515625,87.20988464355469,153.7100067138672,1.26
2012-07-09,106.4137954711914,87.97862243652344,154.0399932861328,1.26
2012-07-10,106.4137954711914,87.97862243652344,154.0399932861328,1.26
2012-07-10,105.4858627319336,88.15713500976562,152.14999389648438,1.26
2012-07-11,105.4858627319336,88.15713500976562,152.14999389648438,1.27
2012-07-11,105.5016098022461,88.26693725585938,152.99000549316406,1.27
2012-07-12,105.5016098022461,88.26693725585938,152.99000549316406,1.25
2012-07-12,104.9904556274414,88.89151763916016,152.58999633789062,1.25
2012-07-13,104.9904556274414,88.89151763916016,152.58999633789062,1.27
2012-07-13,106.75198364257812,88.65811157226562,154.13999938964844,1.27
2012-07-16,106.75198364257812,88.65811157226562,154.13999938964844,1.26
2012-07-16,106.50033569335938,89.0699691772461,154.2100067138672,1.26
2012-07-17,106.50033569335938,89.0699691772461,154.2100067138672,1.28
2012-07-17,107.23165130615234,88.3698959350586,153.47000122070312,1.28
2012-07-18,107.23165130615234,88.3698959350586,153.47000122070312,1.3
2012-07-18,108.02590942382812,88.41787719726562,153.0500030517578,1.3
2012-07-19,108.02590942382812,88.41787719726562,153.0500030517578,1.32
2012-07-19,108.30897521972656,88.19136810302734,153.3800048828125,1.32
2012-07-20,108.30897521972656,88.19136810302734,153.3800048828125,1.27
2012-07-20,107.31816101074219,89.26905059814453,153.6699981689453,1.27
2012-07-23,107.31816101074219,89.26905059814453,153.6699981689453,1.25
2012-07-23,106.23292541503906,89.77009582519531,153.02999877929688,1.25
2012-07-24,106.23292541503906,89.77009582519531,153.02999877929688,1.22
2012-07-24,105.32069396972656,90.47704315185547,153.52000427246094,1.22
2012-07-25,105.32069396972656,90.47704315185547,153.52000427246094,1.21
2012-07-25,105.34432983398438,90.71041107177734,155.6699981689453,1.21
2012-07-26,105.34432983398438,90.71041107177734,155.6699981689453,1.22
2012-07-26,107.08223724365234,89.87986755371094,156.77000427246094,1.22
2012-07-27,107.08223724365234,89.87986755371094,156.77000427246094,1.33
2012-07-27,109.05603790283203,88.18458557128906,157.5399932861328,1.33
2012-07-30,109.05603790283203,88.18458557128906,157.5399932861328,1.3
2012-07-30,109.05603790283203,88.84344482421875,157.42999267578125,1.3
2012-07-31,109.05603790283203,88.84344482421875,157.42999267578125,1.28
2012-07-31,108.29328918457031,89.02188110351562,156.49000549316406,1.28
2012-08-01,108.29328918457031,89.02188110351562,156.49000549316406,1.32
2012-08-01,108.19889068603516,88.57689666748047,155.13999938964844,1.32
2012-08-02,108.19889068603516,88.57689666748047,155.13999938964844,1.27
2012-08-02,107.45186614990234,89.07902526855469,154.1300048828125,1.27
2012-08-03,107.45186614990234,89.07902526855469,154.1300048828125,1.36
2012-08-03,109.58294677734375,87.6415023803711,155.5500030517578,1.36
2012-08-06,109.58294677734375,87.6415023803711,155.5500030517578,1.35
2012-08-06,109.79528045654297,87.6759033203125,156.3000030517578,1.35
2012-08-07,109.79528045654297,87.6759033203125,156.3000030517578,1.39
2012-08-07,110.34573364257812,86.54783630371094,156.27999877929688,1.39
2012-08-08,110.34573364257812,86.54783630371094,156.27999877929688,1.39
2012-08-08,110.47943878173828,86.08698272705078,156.47999572753906,1.39
2012-08-09,110.47943878173828,86.08698272705078,156.47999572753906,1.4
2012-08-09,110.57380676269531,86.02511596679688,156.99000549316406,1.4
2012-08-10,110.57380676269531,86.02511596679688,156.99000549316406,1.38
2012-08-10,110.75464630126953,86.45840454101562,157.17999267578125,1.38
2012-08-13,110.75464630126953,86.45840454101562,157.17999267578125,1.38
2012-08-13,110.6996078491211,86.31403350830078,155.99000549316406,1.38
2012-08-14,110.6996078491211,86.31403350830078,155.99000549316406,1.46
2012-08-14,110.71531677246094,85.14471435546875,155.1300048828125,1.46
2012-08-15,110.71531677246094,85.14471435546875,155.1300048828125,1.53
2012-08-15,110.84114837646484,83.94789123535156,155.6300048828125,1.53
2012-08-16,110.84114837646484,83.94789123535156,155.6300048828125,1.54
2012-08-16,111.65899658203125,83.23259735107422,156.55999755859375,1.54
2012-08-17,111.65899658203125,83.23259735107422,156.55999755859375,1.52
2012-08-17,111.80841064453125,83.63841247558594,156.72000122070312,1.52
2012-08-20,111.80841064453125,83.63841247558594,156.72000122070312,1.53
2012-08-20,111.81631469726562,83.81034851074219,157.25999450683594,1.53
2012-08-21,111.81631469726562,83.81034851074219,157.25999450683594,1.49
2012-08-21,111.4781265258789,84.1817626953125,158.8300018310547,1.49
2012-08-22,111.4781265258789,84.1817626953125,158.8300018310547,1.45
2012-08-22,111.52532958984375,85.57115936279297,160.5399932861328,1.45
2012-08-23,111.52532958984375,85.57115936279297,160.5399932861328,1.42
2012-08-23,110.61306762695312,85.9288101196289,161.88999938964844,1.42
2012-08-24,110.61306762695312,85.9288101196289,161.88999938964844,1.4
2012-08-24,111.28154754638672,85.84623718261719,161.97000122070312,1.4
2012-08-27,111.28154754638672,85.84623718261719,161.97000122070312,1.37
2012-08-27,111.30514526367188,86.34844970703125,161.36000061035156,1.37
2012-08-28,111.30514526367188,86.34844970703125,161.36000061035156,1.37
2012-08-28,111.19503021240234,86.5546875,161.63999938964844,1.37
2012-08-29,111.19503021240234,86.5546875,161.63999938964844,1.39
2012-08-29,111.28154754638672,86.17645263671875,160.58999633789062,1.39
2012-08-30,111.28154754638672,86.17645263671875,160.58999633789062,1.36
2012-08-30,110.47943878173828,86.62347412109375,160.52000427246094,1.36
2012-08-31,110.47943878173828,86.62347412109375,160.52000427246094,1.35
2012-08-31,111.00624084472656,87.84785461425781,164.22000122070312,1.35
2012-09-04,111.00624084472656,87.84785461425781,164.22000122070312,1.36
2012-09-04,110.90401458740234,87.75959014892578,164.47999572753906,1.36
2012-09-05,110.90401458740234,87.75959014892578,164.47999572753906,1.35
2012-09-05,110.80975341796875,87.34605407714844,164.30999755859375,1.35
2012-09-06,110.80975341796875,87.34605407714844,164.30999755859375,1.41
2012-09-06,113.05876922607422,85.89165496826172,164.88999938964844,1.41
2012-09-07,113.05876922607422,85.89165496826172,164.88999938964844,1.42
2012-09-07,113.49915313720703,85.4918441772461,168.44000244140625,1.42
2012-09-10,113.49915313720703,85.4918441772461,168.44000244140625,1.43
2012-09-10,112.85427856445312,85.69863891601562,167.2899932861328,1.43
2012-09-11,112.85427856445312,85.69863891601562,167.2899932861328,1.45
2012-09-11,113.16886901855469,85.16098022460938,167.89999389648438,1.45
2012-09-12,113.16886901855469,85.16098022460938,167.89999389648438,1.52
2012-09-12,113.5463638305664,84.0995101928711,167.9199981689453,1.52
2012-09-13,113.5463638305664,84.0995101928711,167.9199981689453,1.51
2012-09-13,115.27642059326172,83.76868438720703,171.30999755859375,1.51
2012-09-14,115.27642059326172,83.76868438720703,171.30999755859375,1.61
2012-09-14,115.78752899169922,81.54225158691406,171.8000030517578,1.61
2012-09-17,115.78752899169922,81.54225158691406,171.8000030517578,1.6
2012-09-17,115.39429473876953,82.52105712890625,170.39999389648438,1.6
2012-09-18,115.39429473876953,82.52105712890625,170.39999389648438,1.57
2012-09-18,115.30000305175781,82.93463134765625,171.72000122070312,1.57
2012-09-19,115.30000305175781,82.93463134765625,171.72000122070312,1.52
2012-09-19,115.36290740966797,83.47918701171875,171.74000549316406,1.52
2012-09-20,115.36290740966797,83.47918701171875,171.74000549316406,1.53
2012-09-20,115.37074279785156,83.68590545654297,171.47000122070312,1.53
2012-09-21,115.37074279785156,83.68590545654297,171.47000122070312,1.5
2012-09-21,115.32251739501953,83.78242492675781,171.9600067138672,1.5
2012-09-24,115.32251739501953,83.78242492675781,171.9600067138672,1.47
2012-09-24,115.14856719970703,84.43721771240234,171.0500030517578,1.47
2012-09-25,115.14856719970703,84.43721771240234,171.0500030517578,1.43
2012-09-25,113.92323303222656,85.27129364013672,170.77000427246094,1.43
2012-09-26,113.92323303222656,85.27129364013672,170.77000427246094,1.38
2012-09-26,113.2828140258789,86.18802642822266,169.80999755859375,1.38
2012-09-27,113.2828140258789,86.18802642822266,169.80999755859375,1.41
2012-09-27,114.35009002685547,85.57453918457031,172.33999633789062,1.41
2012-09-28,114.35009002685547,85.57453918457031,172.33999633789062,1.42
2012-09-28,113.82038879394531,85.622802734375,171.88999938964844,1.42
2012-10-01,113.82038879394531,85.622802734375,171.88999938964844,1.39
2012-10-01,114.1208267211914,85.94056701660156,172.2899932861328,1.39
2012-10-02,114.1208267211914,85.94056701660156,172.2899932861328,1.41
2012-10-02,114.23941802978516,85.82312774658203,172.10000610351562,1.41
2012-10-03,114.23941802978516,85.82312774658203,172.10000610351562,1.41
2012-10-03,114.70587921142578,85.85079956054688,172.41000366210938,1.41
2012-10-04,114.70587921142578,85.85079956054688,172.41000366210938,1.47
2012-10-04,115.52811431884766,84.78010559082031,173.61000061035156,1.47
2012-10-05,115.52811431884766,84.78010559082031,173.61000061035156,1.48
2012-10-05,115.53598022460938,83.68186950683594,172.6199951171875,1.48
2012-10-08,115.14070129394531,84.38642120361328,172.0500030517578,1.48
2012-10-09,115.14070129394531,84.38642120361328,172.0500030517578,1.49
2012-10-09,114.00220489501953,84.23445892333984,170.99000549316406,1.49
2012-10-10,114.00220489501953,84.23445892333984,170.99000549316406,1.45
2012-10-10,113.27488708496094,84.8284912109375,170.83999633789062,1.45
2012-10-11,113.27488708496094,84.8284912109375,170.83999633789062,1.42
2012-10-11,113.33817291259766,85.41561889648438,171.32000732421875,1.42
2012-10-12,113.33817291259766,85.41561889648438,171.32000732421875,1.42
2012-10-12,112.966552734375,85.62974548339844,170.05999755859375,1.42
2012-10-15,112.966552734375,85.62974548339844,170.05999755859375,1.43
2012-10-15,113.90741729736328,85.43633270263672,168.35000610351562,1.43
2012-10-16,113.90741729736328,85.43633270263672,168.35000610351562,1.48
2012-10-16,115.0616683959961,84.25518035888672,169.4199981689453,1.48
2012-10-17,115.0616683959961,84.25518035888672,169.4199981689453,1.53
2012-10-17,115.58343505859375,83.474609375,169.5399932861328,1.53
2012-10-18,115.58343505859375,83.474609375,169.5399932861328,1.57
2012-10-18,115.28294372558594,82.9635238647461,168.7899932861328,1.57
2012-10-19,115.28294372558594,82.9635238647461,168.7899932861328,1.49
2012-10-19,113.36187744140625,84.08937072753906,166.97000122070312,1.49
2012-10-22,113.36187744140625,84.08937072753906,166.97000122070312,1.51
2012-10-22,113.37767791748047,83.55065155029297,167.5800018310547,1.51
2012-10-23,113.37767791748047,83.55065155029297,167.5800018310547,1.5
2012-10-23,111.80445861816406,84.74560546875,165.42999267578125,1.5
2012-10-24,111.80445861816406,84.74560546875,165.42999267578125,1.51
2012-10-24,111.48818969726562,83.90978240966797,164.86000061035156,1.51
2012-10-25,111.48818969726562,83.90978240966797,164.86000061035156,1.55
2012-10-25,111.81230926513672,83.48158264160156,166.02000427246094,1.55
2012-10-26,111.81230926513672,83.48158264160156,166.02000427246094,1.48
2012-10-26,111.74909973144531,84.71112060546875,165.92999267578125,1.48
2012-10-29,111.74909973144531,84.71112060546875,165.92999267578125,1.44
2012-10-31,111.74909973144531,84.71112060546875,165.92999267578125,1.42
2012-10-31,111.74909973144531,85.2083740234375,166.8300018310547,1.42
2012-11-01,111.74909973144531,85.2083740234375,166.8300018310547,1.45
2012-11-01,112.9192123413086,84.51075744628906,166.07000732421875,1.45
2012-11-02,112.9192123413086,84.51075744628906,166.07000732421875,1.47
2012-11-02,111.91506958007812,84.44856262207031,162.60000610351562,1.47
2012-11-05,111.91506958007812,84.44856262207031,162.60000610351562,1.44
2012-11-05,112.14440155029297,84.92522430419922,163.22999572753906,1.44
2012-11-06,112.14440155029297,84.92522430419922,163.22999572753906,1.48
2012-11-06,113.02191925048828,84.12390899658203,166.3000030517578,1.48
2012-11-07,113.02191925048828,84.12390899658203,166.3000030517578,1.41
2012-11-07,110.46041870117188,85.65045166015625,166.49000549316406,1.41
2012-11-08,110.46041870117188,85.65045166015625,166.49000549316406,1.35
2012-11-08,109.13226318359375,86.92138671875,167.99000549316406,1.35
2012-11-09,109.13226318359375,86.92138671875,167.99000549316406,1.34
2012-11-09,109.22713470458984,87.01811218261719,167.82000732421875,1.34
2012-11-12,109.31404876708984,87.16315460205078,167.4499969482422,1.34
2012-11-13,109.31404876708984,87.16315460205078,167.4499969482422,1.32
2012-11-13,108.93460845947266,87.4532241821289,167.10000610351562,1.32
2012-11-14,108.93460845947266,87.4532241821289,167.10000610351562,1.34
2012-11-14,107.46410369873047,87.53611755371094,167.13999938964844,1.34
2012-11-15,107.46410369873047,87.53611755371094,167.13999938964844,1.34
2012-11-15,107.28229522705078,87.36344146728516,166.08999633789062,1.34
2012-11-16,107.28229522705078,87.36344146728516,166.08999633789062,1.34
2012-11-16,107.81195068359375,87.28746795654297,165.8800048828125,1.34
2012-11-19,107.81195068359375,87.28746795654297,165.8800048828125,1.36
2012-11-19,109.9939956665039,86.79708099365234,167.8699951171875,1.36
2012-11-20,109.9939956665039,86.79708099365234,167.8699951171875,1.39
2012-11-20,110.04143524169922,85.92670440673828,167.38999938964844,1.39
2012-11-21,110.04143524169922,85.92670440673828,167.38999938964844,1.42
2012-11-21,110.2469482421875,85.87842559814453,167.55999755859375,1.42
2012-11-23,110.2469482421875,85.87842559814453,167.55999755859375,1.41
2012-11-23,111.74909973144531,85.79549407958984,169.61000061035156,1.41
2012-11-26,111.74909973144531,85.79549407958984,169.61000061035156,1.39
2012-11-26,111.51187896728516,86.20303344726562,169.42999267578125,1.39
2012-11-27,111.51187896728516,86.20303344726562,169.42999267578125,1.37
2012-11-27,110.94268035888672,86.54144287109375,168.7100067138672,1.37
2012-11-28,110.94268035888672,86.54144287109375,168.7100067138672,1.36
2012-11-28,111.83602142333984,86.41714477539062,166.5500030517578,1.36
2012-11-29,111.83602142333984,86.41714477539062,166.5500030517578,1.37
2012-11-29,112.35784912109375,86.43096923828125,167.17999267578125,1.37
2012-11-30,112.35784912109375,86.43096923828125,167.17999267578125,1.37
2012-11-30,112.38157653808594,86.19611358642578,166.0500030517578,1.37
2012-12-03,112.38157653808594,86.19611358642578,166.0500030517578,1.38
2012-12-03,111.82816314697266,86.27574157714844,166.1300048828125,1.38
2012-12-04,111.82816314697266,86.27574157714844,166.1300048828125,1.37
2012-12-04,111.6700210571289,86.7740249633789,164.4199981689453,1.37
2012-12-05,111.6700210571289,86.7740249633789,164.4199981689453,1.35
2012-12-05,111.8676986694336,86.73247528076172,164.1199951171875,1.35
2012-12-06,111.8676986694336,86.73247528076172,164.1199951171875,1.34
2012-12-06,112.24720001220703,86.91932678222656,164.5,1.34
2012-12-07,112.24720001220703,86.91932678222656,164.5,1.39
2012-12-07,112.58711242675781,86.11652374267578,165.16000366210938,1.39
2012-12-10,112.58711242675781,86.11652374267578,165.16000366210938,1.39
2012-12-10,112.63453674316406,86.4971694946289,165.8000030517578,1.39
2012-12-11,112.63453674316406,86.4971694946289,165.8000030517578,1.42
2012-12-11,113.40140533447266,85.8396987915039,165.64999389648438,1.42
2012-12-12,113.40140533447266,85.8396987915039,165.64999389648438,1.47
2012-12-12,113.45671844482422,84.84308624267578,165.77000427246094,1.47
2012-12-13,113.45671844482422,84.84308624267578,165.77000427246094,1.47
2012-12-13,112.76101684570312,84.90535736083984,164.3699951171875,1.47
2012-12-14,112.76101684570312,84.90535736083984,164.3699951171875,1.48
2012-12-14,112.34202575683594,85.5421142578125,164.1300048828125,1.48
2012-12-17,112.34202575683594,85.5421142578125,164.1300048828125,1.53
2012-12-17,113.66226196289062,84.26174926757812,164.44000244140625,1.53
2012-12-18,113.66226196289062,84.26174926757812,164.44000244140625,1.56
2012-12-18,114.92723083496094,83.40350341796875,162.0800018310547,1.56
2012-12-19,114.92723083496094,83.40350341796875,162.0800018310547,1.54
2012-12-19,114.07341766357422,83.680419921875,161.69000244140625,1.54
2012-12-20,114.07341766357422,83.680419921875,161.69000244140625,1.53
2012-12-20,114.72957611083984,83.69422912597656,159.72999572753906,1.53
2012-12-21,114.72957611083984,83.69422912597656,159.72999572753906,1.51
2012-12-21,113.68817901611328,84.60773468017578,160.3300018310547,1.51
2012-12-24,113.68817901611328,84.60773468017578,160.3300018310547,1.53
2012-12-24,113.33784484863281,84.45552825927734,160.6199951171875,1.53
2012-12-26,113.33784484863281,84.45552825927734,160.6199951171875,1.51
2012-12-26,112.8601303100586,84.75928497314453,160.77999877929688,1.51
2012-12-27,112.8601303100586,84.75928497314453,160.77999877929688,1.48
2012-12-27,112.70883178710938,85.043701171875,161.16000366210938,1.48
2012-12-28,112.70883178710938,85.043701171875,161.16000366210938,1.46
2012-12-28,111.49070739746094,85.52925109863281,160.5399932861328,1.46
2012-12-31,111.49070739746094,85.52925109863281,160.5399932861328,1.53
2012-12-31,113.38562774658203,84.05181884765625,162.02000427246094,1.53
2013-01-02,113.38562774658203,84.05181884765625,162.02000427246094,1.59
2013-01-02,116.29174041748047,82.92818450927734,163.1699981689453,1.59
2013-01-03,116.29174041748047,82.92818450927734,163.1699981689453,1.65
2013-01-03,116.02899169921875,81.80457305908203,161.1999969482422,1.65
2013-01-04,116.02899169921875,81.80457305908203,161.1999969482422,1.66
2013-01-04,116.53853607177734,82.12358856201172,160.44000244140625,1.66
2013-01-07,116.53853607177734,82.12358856201172,160.44000244140625,1.65
2013-01-07,116.22005462646484,82.15824127197266,159.42999267578125,1.65
2013-01-08,116.22005462646484,82.15824127197266,159.42999267578125,1.64
2013-01-08,115.8856430053711,82.69927215576172,160.55999755859375,1.64
2013-01-09,115.8856430053711,82.69927215576172,160.55999755859375,1.64
2013-01-09,116.18022155761719,82.62301635742188,160.49000549316406,1.64
2013-01-10,116.18022155761719,82.62301635742188,160.49000549316406,1.65
2013-01-10,117.10381317138672,82.39413452148438,161.97999572753906,1.65
2013-01-11,117.10381317138672,82.39413452148438,161.97999572753906,1.63
2013-01-11,117.09588623046875,83.12932586669922,161.05999755859375,1.63
2013-01-14,117.09588623046875,83.12932586669922,161.05999755859375,1.63
2013-01-14,117.01628875732422,82.90045166015625,161.5399932861328,1.63
2013-01-15,117.01628875732422,82.90045166015625,161.5399932861328,1.6
2013-01-15,117.09588623046875,83.28189849853516,162.55999755859375,1.6
2013-01-16,117.09588623046875,83.28189849853516,162.55999755859375,1.58
2013-01-16,117.0799789428711,83.45532989501953,162.64999389648438,1.58
2013-01-17,117.0799789428711,83.45532989501953,162.64999389648438,1.61
2013-01-17,117.83633422851562,82.62301635742188,163.35000610351562,1.61
2013-01-18,117.83633422851562,82.62301635742188,163.35000610351562,1.61
2013-01-18,118.09905242919922,83.2611083984375,163.08999633789062,1.61
2013-01-22,118.09905242919922,83.2611083984375,163.08999633789062,1.6
2013-01-22,118.73602294921875,83.42064666748047,163.6699981689453,1.6
2013-01-23,118.73602294921875,83.42064666748047,163.6699981689453,1.6
2013-01-23,118.92708587646484,83.29578399658203,163.2100067138672,1.6
2013-01-24,118.92708587646484,83.29578399658203,163.2100067138672,1.65
2013-01-24,118.95895385742188,83.00448608398438,161.4199981689453,1.65
2013-01-25,118.95895385742188,83.00448608398438,161.4199981689453,1.7
2013-01-25,119.62773895263672,81.86698150634766,160.64999389648438,1.7
2013-01-28,119.62773895263672,81.86698150634766,160.64999389648438,1.71
2013-01-28,119.48445892333984,81.56871795654297,160.2899932861328,1.71
2013-01-29,119.48445892333984,81.56871795654297,160.2899932861328,1.73
2013-01-29,119.95421600341797,81.11782836914062,160.99000549316406,1.73
2013-01-30,119.95421600341797,81.11782836914062,160.99000549316406,1.76
2013-01-30,119.48445892333984,80.97911834716797,162.19000244140625,1.76
2013-01-31,119.48445892333984,80.97911834716797,162.19000244140625,1.75
2013-01-31,119.18986511230469,81.37449645996094,161.1999969482422,1.75
2013-02-01,119.18986511230469,81.37449645996094,161.1999969482422,1.77
2013-02-01,120.41598510742188,80.31787872314453,161.4499969482422,1.77
2013-02-04,120.41598510742188,80.31787872314453,161.4499969482422,1.75
2013-02-04,119.06245422363281,81.34669494628906,162.0,1.75
2013-02-05,119.06245422363281,81.34669494628906,162.0,1.77
2013-02-05,120.26470184326172,80.62372589111328,161.9600067138672,1.77
2013-02-06,120.26470184326172,80.62372589111328,161.9600067138672,1.73
2013-02-06,120.35230255126953,81.28413391113281,162.38999938964844,1.73
2013-02-07,120.35230255126953,81.28413391113281,162.38999938964844,1.74
2013-02-07,120.19307708740234,81.10337829589844,161.83999633789062,1.74
2013-02-08,120.19307708740234,81.10337829589844,161.83999633789062,1.74
2013-02-08,120.86190032958984,81.41620635986328,161.57000732421875,1.74
2013-02-11,120.86190032958984,81.41620635986328,161.57000732421875,1.72
2013-02-11,120.8379898071289,81.3536148071289,159.6999969482422,1.72
2013-02-12,120.8379898071289,81.3536148071289,159.6999969482422,1.73
2013-02-12,121.0370101928711,81.15206909179688,159.88999938964844,1.73
2013-02-13,121.0370101928711,81.15206909179688,159.88999938964844,1.76
2013-02-13,121.14053344726562,80.49165344238281,159.0500030517578,1.76
2013-02-14,121.14053344726562,80.49165344238281,159.0500030517578,1.73
2013-02-14,121.25199890136719,81.2215576171875,158.35000610351562,1.73
2013-02-15,121.25199890136719,81.2215576171875,158.35000610351562,1.72
2013-02-15,121.10867309570312,80.98522186279297,155.75999450683594,1.72
2013-02-19,121.10867309570312,80.98522186279297,155.75999450683594,1.74
2013-02-19,122.0163345336914,80.58203887939453,155.3300018310547,1.74
2013-02-20,122.0163345336914,80.58203887939453,155.3300018310547,1.75
2013-02-20,120.4956283569336,80.82528686523438,151.44000244140625,1.75
2013-02-21,120.4956283569336,80.82528686523438,151.44000244140625,1.73
2013-02-21,119.76309967041016,81.29804229736328,152.6199951171875,1.73
2013-02-22,119.76309967041016,81.29804229736328,152.6199951171875,1.7
2013-02-22,120.93350219726562,81.3536148071289,152.97000122070312,1.7
2013-02-25,120.93350219726562,81.3536148071289,152.97000122070312,1.63
2013-02-25,118.63253021240234,82.9524917602539,154.33999633789062,1.63
2013-02-26,118.63253021240234,82.9524917602539,154.33999633789062,1.63
2013-02-26,119.44464111328125,82.47283935546875,156.22000122070312,1.63
2013-02-27,119.44464111328125,82.47283935546875,156.22000122070312,1.64
2013-02-27,120.94942474365234,82.22953796386719,154.57000732421875,1.64
2013-02-28,120.94942474365234,82.22953796386719,154.57000732421875,1.64
2013-02-28,120.71056365966797,82.38249206542969,153.0,1.64
2013-03-01,120.71056365966797,82.38249206542969,153.0,1.61
2013-03-01,121.10867309570312,82.83113098144531,152.44000244140625,1.61
2013-03-04,121.10867309570312,82.83113098144531,152.44000244140625,1.64
2013-03-04,121.7536392211914,82.3922119140625,152.3000030517578,1.64
2013-03-05,121.7536392211914,82.3922119140625,152.3000030517578,1.65
2013-03-05,122.84437561035156,82.15538024902344,152.3800048828125,1.65
2013-03-06,122.84437561035156,82.15538024902344,152.3800048828125,1.7
2013-03-06,123.01155853271484,81.40995025634766,153.22999572753906,1.7
2013-03-07,123.01155853271484,81.40995025634766,153.22999572753906,1.75
2013-03-07,123.23454284667969,80.78295135498047,152.69000244140625,1.75
2013-03-08,123.23454284667969,80.78295135498047,152.69000244140625,1.79
2013-03-08,123.75999450683594,79.9400634765625,152.7100067138672,1.79
2013-03-11,123.75999450683594,79.9400634765625,152.7100067138672,1.8
2013-03-11,124.22972869873047,80.01663970947266,152.99000549316406,1.8
2013-03-12,124.22972869873047,80.01663970947266,152.99000549316406,1.76
2013-03-12,123.9510498046875,80.59490203857422,154.19000244140625,1.76
2013-03-13,123.9510498046875,80.59490203857422,154.19000244140625,1.77
2013-03-13,124.12623596191406,80.51131439208984,153.66000366210938,1.77
2013-03-14,124.12623596191406,80.51131439208984,153.66000366210938,1.77
2013-03-14,124.787109375,80.26750183105469,153.67999267578125,1.77
2013-03-15,124.787109375,80.26750183105469,153.67999267578125,1.76
2013-03-15,124.62226104736328,80.64364624023438,154.0,1.76
2013-03-18,124.62226104736328,80.64364624023438,154.0,1.7
2013-03-18,123.9345474243164,81.25669860839844,155.3800048828125,1.7
2013-03-19,123.9345474243164,81.25669860839844,155.3800048828125,1.68
2013-03-19,123.64666748046875,81.80705261230469,156.0800018310547,1.68
2013-03-20,123.64666748046875,81.80705261230469,156.0800018310547,1.7
2013-03-20,124.51034545898438,80.89440155029297,155.3699951171875,1.7
2013-03-21,124.51034545898438,80.89440155029297,155.3699951171875,1.68
2013-03-21,123.44674682617188,81.67465209960938,156.25,1.68
2013-03-22,123.44674682617188,81.67465209960938,156.25,1.67
2013-03-22,124.43840789794922,81.73738098144531,155.5500030517578,1.67
2013-03-25,124.43840789794922,81.73738098144531,155.5500030517578,1.69
2013-03-25,123.91853332519531,81.6607437133789,155.24000549316406,1.69
2013-03-26,123.91853332519531,81.6607437133789,155.24000549316406,1.67
2013-03-26,124.91022491455078,81.75826263427734,154.72000122070312,1.67
2013-03-27,124.91022491455078,81.75826263427734,154.72000122070312,1.62
2013-03-27,124.91022491455078,82.45487213134766,155.36000061035156,1.62
2013-03-28,124.91022491455078,82.45487213134766,155.36000061035156,1.62
2013-03-28,125.29412078857422,82.03693389892578,154.4499969482422,1.62
2013-04-01,125.29412078857422,82.03693389892578,154.4499969482422,1.63
2013-04-01,124.79829406738281,82.65481567382812,154.6699981689453,1.63
2013-04-02,124.79829406738281,82.65481567382812,154.6699981689453,1.63
2013-04-02,125.41409301757812,82.3197021484375,152.42999267578125,1.63
2013-04-03,125.41409301757812,82.3197021484375,152.42999267578125,1.59
2013-04-03,124.14244842529297,83.05973052978516,150.72999572753906,1.59
2013-04-04,124.14244842529297,83.05973052978516,150.72999572753906,1.56
2013-04-04,124.64631652832031,84.0511245727539,150.2899932861328,1.56
2013-04-05,124.64631652832031,84.0511245727539,150.2899932861328,1.48
2013-04-05,124.08651733398438,85.7476577758789,152.80999755859375,1.48
2013-04-08,124.08651733398438,85.7476577758789,152.80999755859375,1.52
2013-04-08,124.92620086669922,85.09137725830078,152.16000366210938,1.52
2013-04-09,124.92620086669922,85.09137725830078,152.16000366210938,1.54
2013-04-09,125.3580322265625,84.88192749023438,153.33999633789062,1.54
2013-04-10,125.3580322265625,84.88192749023438,153.33999633789062,1.6
2013-04-10,126.89358520507812,83.71598052978516,150.75,1.6
2013-04-11,126.89358520507812,83.71598052978516,150.75,1.58
2013-04-11,127.30938720703125,83.87654113769531,151.0500030517578,1.58
2013-04-12,127.30938720703125,83.87654113769531,151.0500030517578,1.53
2013-04-12,126.99752044677734,85.12628173828125,143.9499969482422,1.53
2013-04-15,126.99752044677734,85.12628173828125,143.9499969482422,1.5
2013-04-15,124.05453491210938,85.86629486083984,131.30999755859375,1.5
2013-04-16,124.05453491210938,85.86629486083984,131.30999755859375,1.51
2013-04-16,125.88589477539062,85.16123962402344,132.8000030517578,1.51
2013-04-17,125.88589477539062,85.16123962402344,132.8000030517578,1.49
2013-04-17,124.04656219482422,85.7266845703125,132.8699951171875,1.49
2013-04-18,124.04656219482422,85.7266845703125,132.8699951171875,1.48
2013-04-18,123.27080535888672,85.93610382080078,134.3000030517578,1.48
2013-04-19,123.27080535888672,85.93610382080078,134.3000030517578,1.49
2013-04-19,124.3423843383789,85.7546157836914,135.47000122070312,1.49
2013-04-22,124.3423843383789,85.7546157836914,135.47000122070312,1.48
2013-04-22,124.89424896240234,85.81742095947266,137.89999389648438,1.48
2013-04-23,124.89424896240234,85.81742095947266,137.89999389648438,1.51
2013-04-23,126.18183135986328,85.5172348022461,136.8800048828125,1.51
2013-04-24,126.18183135986328,85.5172348022461,136.8800048828125,1.5
2013-04-24,126.26175689697266,85.73365020751953,138.3699951171875,1.5
2013-04-25,126.26175689697266,85.73365020751953,138.3699951171875,1.51
2013-04-25,126.77362060546875,85.3636474609375,141.6300048828125,1.51
2013-04-26,126.77362060546875,85.3636474609375,141.6300048828125,1.48
2013-04-26,126.54966735839844,86.14559173583984,140.91000366210938,1.48
2013-04-29,126.54966735839844,86.14559173583984,140.91000366210938,1.5
2013-04-29,127.39738464355469,85.83137512207031,142.3000030517578,1.5
2013-04-30,127.39738464355469,85.83137512207031,142.3000030517578,1.48
2013-04-30,127.70127868652344,85.88032531738281,142.77000427246094,1.48
2013-05-01,127.70127868652344,85.88032531738281,142.77000427246094,1.46
2013-05-01,126.58169555664062,86.7625732421875,141.11000061035156,1.46
2013-05-02,126.58169555664062,86.7625732421875,141.11000061035156,1.46
2013-05-02,127.75727844238281,86.65060424804688,141.9199981689453,1.46
2013-05-03,127.75727844238281,86.65060424804688,141.9199981689453,1.56
2013-05-03,129.0528106689453,84.60759735107422,142.08999633789062,1.56
2013-05-06,129.0528106689453,84.60759735107422,142.08999633789062,1.58
2013-05-06,129.3806915283203,84.39777374267578,142.14999389648438,1.58
2013-05-07,129.3806915283203,84.39777374267578,142.14999389648438,1.6
2013-05-07,130.0365447998047,84.06895446777344,140.3800048828125,1.6
2013-05-08,130.0365447998047,84.06895446777344,140.3800048828125,1.59
2013-05-08,130.6282958984375,84.20185852050781,142.4600067138672,1.59
2013-05-09,130.6282958984375,84.20185852050781,142.4600067138672,1.59
2013-05-09,130.260498046875,83.98494720458984,140.80999755859375,1.59
2013-05-10,130.260498046875,83.98494720458984,140.80999755859375,1.64
2013-05-10,130.68429565429688,83.0823745727539,139.60000610351562,1.64
2013-05-13,130.68429565429688,83.0823745727539,139.60000610351562,1.68
2013-05-13,130.78822326660156,82.44575500488281,138.42999267578125,1.68
2013-05-14,130.78822326660156,82.44575500488281,138.42999267578125,1.7
2013-05-14,132.13983154296875,81.55023956298828,137.80999755859375,1.7
2013-05-15,132.13983154296875,81.55023956298828,137.80999755859375,1.68
2013-05-15,132.85154724121094,82.09591674804688,134.6300048828125,1.68
2013-05-16,132.85154724121094,82.09591674804688,134.6300048828125,1.64
2013-05-16,132.227783203125,82.94949340820312,134.08999633789062,1.64
2013-05-17,132.227783203125,82.94949340820312,134.08999633789062,1.69
2013-05-17,133.50738525390625,81.9000244140625,131.07000732421875,1.69
2013-05-20,133.50738525390625,81.9000244140625,131.07000732421875,1.71
2013-05-20,133.49932861328125,81.80207824707031,135.1199951171875,1.71
2013-05-21,133.49932861328125,81.80207824707031,135.1199951171875,1.68
2013-05-21,133.69131469726562,82.44575500488281,132.8800048828125,1.68
2013-05-22,133.69131469726562,82.44575500488281,132.8800048828125,1.77
2013-05-22,132.69956970214844,81.22138214111328,131.94000244140625,1.77
2013-05-23,132.69956970214844,81.22138214111328,131.94000244140625,1.76
2013-05-23,132.31573486328125,81.60621643066406,134.61000061035156,1.76
2013-05-24,132.31573486328125,81.60621643066406,134.61000061035156,1.75
2013-05-24,132.2038116455078,81.71812438964844,133.75999450683594,1.75
2013-05-28,132.2038116455078,81.71812438964844,133.75999450683594,1.86
2013-05-28,132.99551391601562,79.64716339111328,133.49000549316406,1.86
2013-05-29,132.99551391601562,79.64716339111328,133.49000549316406,1.83
2013-05-29,132.1317596435547,80.5427017211914,134.8300018310547,1.83
2013-05-30,132.1317596435547,80.5427017211914,134.8300018310547,1.82
2013-05-30,132.6196746826172,80.34678649902344,136.6999969482422,1.82
2013-05-31,132.6196746826172,80.34678649902344,136.6999969482422,1.86
2013-05-31,130.7162628173828,80.0739517211914,133.9199981689453,1.86
2013-06-03,130.7162628173828,80.0739517211914,133.9199981689453,1.83
2013-06-03,131.4360809326172,80.49832916259766,136.50999450683594,1.83
2013-06-04,131.4360809326172,80.49832916259766,136.50999450683594,1.82
2013-06-04,130.80429077148438,79.7548828125,135.22999572753906,1.82
2013-06-05,130.80429077148438,79.7548828125,135.22999572753906,1.8
2013-06-05,128.97286987304688,80.85591125488281,135.52000427246094,1.8
2013-06-06,128.97286987304688,80.85591125488281,135.52000427246094,1.78
2013-06-06,130.1405029296875,80.80684661865234,136.52999877929688,1.78
2013-06-07,130.1405029296875,80.80684661865234,136.52999877929688,1.85
2013-06-07,131.7959442138672,79.36210632324219,133.27999877929688,1.85
2013-06-10,131.7959442138672,79.36210632324219,133.27999877929688,1.9
2013-06-10,131.7959442138672,78.9833984375,133.94000244140625,1.9
2013-06-11,131.7959442138672,78.9833984375,133.94000244140625,1.86
2013-06-11,130.4363555908203,79.92321014404297,133.25,1.86
2013-06-12,130.4363555908203,79.92321014404297,133.25,1.91
2013-06-12,129.35678100585938,78.78001403808594,134.25,1.91
2013-06-13,129.35678100585938,78.78001403808594,134.25,1.87
2013-06-13,131.32411193847656,80.01435852050781,133.74000549316406,1.87
2013-06-14,131.32411193847656,80.01435852050781,133.74000549316406,1.85
2013-06-14,130.5003662109375,79.82504272460938,134.42999267578125,1.85
2013-06-17,130.5003662109375,79.82504272460938,134.42999267578125,1.92
2013-06-17,131.50804138183594,79.40420532226562,133.77000427246094,1.92
2013-06-18,131.50804138183594,79.40420532226562,133.77000427246094,1.93
2013-06-18,132.5476837158203,79.44625091552734,132.1300048828125,1.93
2013-06-19,132.5476837158203,79.44625091552734,132.1300048828125,2.02
2013-06-19,130.7162628173828,78.6257553100586,130.58999633789062,2.02
2013-06-20,130.7162628173828,78.6257553100586,130.58999633789062,2.08
2013-06-20,127.47733306884766,77.33529663085938,123.5999984741211,2.08
2013-06-21,127.47733306884766,77.33529663085938,123.5999984741211,2.14
2013-06-21,127.88664245605469,76.02381896972656,125.05000305175781,2.14
2013-06-24,127.88664245605469,76.02381896972656,125.05000305175781,2.15
2013-06-24,126.27063751220703,76.33943176269531,123.93000030517578,2.15
2013-06-25,126.27063751220703,76.33943176269531,123.93000030517578,2.17
2013-06-25,127.48464965820312,75.65911102294922,123.47000122070312,2.17
2013-06-26,127.48464965820312,75.65911102294922,123.47000122070312,2.16
2013-06-26,128.7468719482422,76.1500473022461,118.27999877929688,2.16
2013-06-27,128.7468719482422,76.1500473022461,118.27999877929688,2.13
2013-06-27,129.50253295898438,76.92852020263672,115.94000244140625,2.13
2013-06-28,129.50253295898438,76.92852020263672,115.94000244140625,2.16
2013-06-28,128.97198486328125,77.45452880859375,119.11000061035156,2.16
2013-07-01,128.97198486328125,77.45452880859375,119.11000061035156,2.16
2013-07-01,129.7276611328125,77.61058044433594,121.12999725341797,2.16
2013-07-02,129.7276611328125,77.61058044433594,121.12999725341797,2.14
2013-07-02,129.6071014404297,77.56135559082031,120.05000305175781,2.14
2013-07-03,129.6071014404297,77.56135559082031,120.05000305175781,2.16
2013-07-03,129.66334533691406,77.32942199707031,120.73999786376953,2.16
2013-07-05,129.66334533691406,77.32942199707031,120.73999786376953,2.33
2013-07-05,131.0623016357422,74.6933822631836,118.08999633789062,2.33
2013-07-08,131.0623016357422,74.6933822631836,118.08999633789062,2.28
2013-07-08,131.80992126464844,75.41742706298828,119.51000213623047,2.28
2013-07-09,131.80992126464844,75.41742706298828,119.51000213623047,2.28
2013-07-09,132.75860595703125,75.4947509765625,120.62000274658203,2.28
2013-07-10,132.75860595703125,75.4947509765625,120.62000274658203,2.32
2013-07-10,132.806884765625,74.90428924560547,120.94999694824219,2.32
2013-07-11,132.806884765625,74.90428924560547,120.94999694824219,2.26
2013-07-11,134.61578369140625,75.78295135498047,124.23999786376953,2.26
2013-07-12,134.61578369140625,75.78295135498047,124.23999786376953,2.24
2013-07-12,134.6720428466797,75.71969604492188,124.12999725341797,2.24
2013-07-15,134.6720428466797,75.71969604492188,124.12999725341797,2.23
2013-07-15,135.18658447265625,76.12037658691406,124.18000030517578,2.23
2013-07-16,135.18658447265625,76.12037658691406,124.18000030517578,2.21
2013-07-16,134.68006896972656,76.38043212890625,124.88999938964844,2.21
2013-07-17,134.68006896972656,76.38043212890625,124.88999938964844,2.2
2013-07-17,135.0258331298828,76.52099609375,123.31999969482422,2.2
2013-07-18,135.0258331298828,76.52099609375,123.31999969482422,2.24
2013-07-18,135.76544189453125,75.5650634765625,124.01000213623047,2.24
2013-07-19,135.76544189453125,75.5650634765625,124.01000213623047,2.18
2013-07-19,136.00660705566406,76.75997924804688,125.11000061035156,2.18
2013-07-22,136.00660705566406,76.75997924804688,125.11000061035156,2.18
2013-07-22,136.27197265625,76.87248992919922,128.83999633789062,2.18
2013-07-23,136.27197265625,76.87248992919922,128.83999633789062,2.2
2013-07-23,135.9825439453125,76.54914093017578,129.7100067138672,2.2
2013-07-24,135.9825439453125,76.54914093017578,129.7100067138672,2.27
2013-07-24,135.4840087890625,75.57906341552734,127.4800033569336,2.27
2013-07-25,135.4840087890625,75.57906341552734,127.4800033569336,2.29
2013-07-25,135.81362915039062,75.55101776123047,128.6699981689453,2.29
2013-07-26,135.81362915039062,75.55101776123047,128.6699981689453,2.27
2013-07-26,135.95838928222656,76.01490020751953,128.77999877929688,2.27
2013-07-29,135.95838928222656,76.01490020751953,128.77999877929688,2.28
2013-07-29,135.5403594970703,75.45960998535156,128.47000122070312,2.28
2013-07-30,135.5403594970703,75.45960998535156,128.47000122070312,2.3
2013-07-30,135.5403594970703,75.43147277832031,128.1199951171875,2.3
2013-07-31,135.5403594970703,75.43147277832031,128.1199951171875,2.29
2013-07-31,135.6368408203125,75.70561218261719,127.95999908447266,2.29
2013-08-01,135.6368408203125,75.70561218261719,127.95999908447266,2.39
2013-08-01,137.2045440673828,74.24693298339844,126.61000061035156,2.39
2013-08-02,137.2045440673828,74.24693298339844,126.61000061035156,2.33
2013-08-02,137.43768310546875,75.06436920166016,126.36000061035156,2.33
2013-08-05,137.43768310546875,75.06436920166016,126.36000061035156,2.35
2013-08-05,137.2366943359375,74.4864730834961,125.69999694824219,2.35
2013-08-06,137.2366943359375,74.4864730834961,125.69999694824219,2.35
2013-08-06,136.45684814453125,74.70494842529297,123.97000122070312,2.35
2013-08-07,136.45684814453125,74.70494842529297,123.97000122070312,2.29
2013-08-07,136.01466369628906,75.26165008544922,124.1500015258789,2.29
2013-08-08,136.01466369628906,75.26165008544922,124.1500015258789,2.28
2013-08-08,136.51312255859375,75.46605682373047,126.86000061035156,2.28
2013-08-09,136.51312255859375,75.46605682373047,126.86000061035156,2.25
2013-08-09,136.1191864013672,75.58582305908203,126.86000061035156,2.25
2013-08-12,136.1191864013672,75.58582305908203,126.86000061035156,2.29
2013-08-12,135.95838928222656,75.07142639160156,129.1300048828125,2.29
2013-08-13,135.95838928222656,75.07142639160156,129.1300048828125,2.37
2013-08-13,136.36041259765625,73.98616027832031,127.73999786376953,2.37
2013-08-14,136.36041259765625,73.98616027832031,127.73999786376953,2.37
2013-08-14,135.66094970703125,74.09891510009766,129.0,2.37
2013-08-15,135.66094970703125,74.09891510009766,129.0,2.41
2013-08-15,133.7635498046875,73.09822082519531,131.69000244140625,2.41
2013-08-16,133.7635498046875,73.09822082519531,131.69000244140625,2.48
2013-08-16,133.32142639160156,72.84453582763672,132.5800018310547,2.48
2013-08-19,133.32142639160156,72.84453582763672,132.5800018310547,2.52
2013-08-19,132.46922302246094,72.21036529541016,132.00999450683594,2.52
2013-08-20,132.46922302246094,72.21036529541016,132.00999450683594,2.46
2013-08-20,133.1204071044922,72.7669906616211,132.4499969482422,2.46
2013-08-21,133.1204071044922,72.7669906616211,132.4499969482422,2.49
2013-08-21,132.30038452148438,71.9707260131836,132.07000732421875,2.49
2013-08-22,132.30038452148438,71.9707260131836,132.07000732421875,2.48
2013-08-22,133.5063018798828,72.70362854003906,132.80999755859375,2.48
2013-08-23,133.5063018798828,72.70362854003906,132.80999755859375,2.42
2013-08-23,133.95654296875,73.49283599853516,134.89999389648438,2.42
2013-08-26,133.95654296875,73.49283599853516,134.89999389648438,2.38
2013-08-26,133.45809936523438,73.85934448242188,135.4499969482422,2.38
2013-08-27,133.45809936523438,73.85934448242188,135.4499969482422,2.34
2013-08-27,131.31150817871094,74.78950500488281,136.75,2.34
2013-08-28,131.31150817871094,74.78950500488281,136.75,2.38
2013-08-28,131.7777557373047,74.18345642089844,136.7100067138672,2.38
2013-08-29,131.7777557373047,74.18345642089844,136.7100067138672,2.36
2013-08-29,131.98681640625,74.77542114257812,135.8699951171875,2.36
2013-08-30,131.98681640625,74.77542114257812,135.8699951171875,2.39
2013-08-30,131.56875610351562,74.69084930419922,134.6199951171875,2.39
2013-09-03,131.56875610351562,74.69084930419922,134.6199951171875,2.43
2013-09-03,132.1636505126953,73.6374282836914,136.4199981689453,2.43
2013-09-04,132.1636505126953,73.6374282836914,136.4199981689453,2.44
2013-09-04,133.25711059570312,73.47489166259766,134.66000366210938,2.44
2013-09-05,133.25711059570312,73.47489166259766,134.66000366210938,2.46
2013-09-05,133.4259033203125,72.45037078857422,132.1999969482422,2.46
2013-09-06,133.4259033203125,72.45037078857422,132.1999969482422,2.48
2013-09-06,133.49024963378906,72.81069946289062,134.14999389648438,2.48
2013-09-09,133.49024963378906,72.81069946289062,134.14999389648438,2.45
2013-09-09,134.7684783935547,72.84603118896484,133.91000366210938,2.45
2013-09-10,134.7684783935547,72.84603118896484,133.91000366210938,2.46
2013-09-10,135.76544189453125,72.33733367919922,131.74000549316406,2.46
2013-09-11,135.76544189453125,72.33733367919922,131.74000549316406,2.46
2013-09-11,136.19155883789062,72.98029327392578,131.6999969482422,2.46
2013-09-12,136.19155883789062,72.98029327392578,131.6999969482422,2.47
2013-09-12,135.8297882080078,72.88137817382812,127.66999816894531,2.47
2013-09-13,135.8297882080078,72.88137817382812,127.66999816894531,2.45
2013-09-13,136.13528442382812,73.16400909423828,127.81999969482422,2.45
2013-09-16,136.13528442382812,73.16400909423828,127.81999969482422,2.47
2013-09-16,136.92315673828125,72.67646026611328,126.44999694824219,2.47
2013-09-17,136.92315673828125,72.67646026611328,126.44999694824219,2.47
2013-09-17,137.53419494628906,73.27703094482422,126.5,2.47
2013-09-18,137.53419494628906,73.27703094482422,126.5,2.35
2013-09-18,139.1260223388672,74.18140411376953,132.00999450683594,2.35
2013-09-19,139.1260223388672,74.18140411376953,132.00999450683594,2.42
2013-09-19,138.89288330078125,73.74342346191406,131.75,2.42
2013-09-20,138.89288330078125,73.74342346191406,131.75,2.41
2013-09-20,137.92181396484375,74.13195037841797,127.95999908447266,2.41
2013-09-23,137.92181396484375,74.13195037841797,127.95999908447266,2.37
2013-09-23,137.28358459472656,74.67599487304688,127.55000305175781,2.37
2013-09-24,137.28358459472656,74.67599487304688,127.55000305175781,2.32
2013-09-24,136.96044921875,75.4814682006836,127.66000366210938,2.32
2013-09-25,136.96044921875,75.4814682006836,127.66000366210938,2.27
2013-09-25,136.5645751953125,75.63694763183594,128.7899932861328,2.27
2013-09-26,136.5645751953125,75.63694763183594,128.7899932861328,2.32
2013-09-26,137.0896759033203,75.10704803466797,127.79000091552734,2.32
2013-09-27,137.0896759033203,75.10704803466797,127.79000091552734,2.3
2013-09-27,136.45956420898438,75.29069519042969,128.97000122070312,2.3
2013-09-30,136.45956420898438,75.29069519042969,128.97000122070312,2.31
2013-09-30,135.73243713378906,75.17765808105469,128.17999267578125,2.31
2013-10-01,135.73243713378906,75.17765808105469,128.17999267578125,2.33
2013-10-01,136.806884765625,74.94957733154297,124.58999633789062,2.33
2013-10-02,136.806884765625,74.94957733154297,124.58999633789062,2.32
2013-10-02,136.6776580810547,75.06292724609375,127.05999755859375,2.32
2013-10-03,136.6776580810547,75.06292724609375,127.05999755859375,2.29
2013-10-03,135.41734313964844,74.94246673583984,127.18000030517578,2.29
2013-10-04,135.41734313964844,74.94246673583984,127.18000030517578,2.33
2013-10-04,136.44337463378906,74.88587188720703,126.52999877929688,2.33
2013-10-07,136.44337463378906,74.88587188720703,126.52999877929688,2.28
2013-10-07,135.2638702392578,75.19044494628906,127.63999938964844,2.28
2013-10-08,135.2638702392578,75.19044494628906,127.63999938964844,2.26
2013-10-08,133.68850708007812,75.21166229248047,127.4000015258789,2.26
2013-10-09,133.68850708007812,75.21166229248047,127.4000015258789,2.31
2013-10-09,133.78543090820312,74.60951232910156,126.11000061035156,2.31
2013-10-10,133.78543090820312,74.60951232910156,126.11000061035156,2.36
2013-10-10,136.6696014404297,74.7299575805664,124.2699966430664,2.36
2013-10-11,136.6696014404297,74.7299575805664,124.2699966430664,2.35
2013-10-11,137.55014038085938,74.70870208740234,122.5999984741211,2.35
2013-10-14,138.09954833984375,74.1065673828125,122.83000183105469,2.35
2013-10-15,138.09954833984375,74.1065673828125,122.83000183105469,2.38
2013-10-15,137.09776306152344,74.0569839477539,123.7300033569336,2.38
2013-10-16,137.09776306152344,74.0569839477539,123.7300033569336,2.35
2013-10-16,139.012451171875,74.98501586914062,123.54000091552734,2.35
2013-10-17,139.012451171875,74.98501586914062,123.54000091552734,2.28
2013-10-17,139.94146728515625,75.66507720947266,127.41999816894531,2.28
2013-10-18,139.94146728515625,75.66507720947266,127.41999816894531,2.27
2013-10-18,140.88674926757812,75.82795715332031,126.8499984741211,2.27
2013-10-21,140.88674926757812,75.82795715332031,126.8499984741211,2.3
2013-10-21,140.89480590820312,75.58712768554688,126.9800033569336,2.3
2013-10-22,140.89480590820312,75.58712768554688,126.9800033569336,2.23
2013-10-22,141.7107696533203,76.43013763427734,129.33999633789062,2.23
2013-10-23,141.7107696533203,76.43013763427734,129.33999633789062,2.2
2013-10-23,141.03216552734375,76.72766876220703,128.69000244140625,2.2
2013-10-24,141.03216552734375,76.72766876220703,128.69000244140625,2.2
2013-10-24,141.50074768066406,76.43013763427734,129.89999389648438,2.2
2013-10-25,141.50074768066406,76.43013763427734,129.89999389648438,2.21
2013-10-25,142.14706420898438,76.71354675292969,130.4600067138672,2.21
2013-10-28,142.14706420898438,76.71354675292969,130.4600067138672,2.22
2013-10-28,142.37326049804688,76.45140075683594,130.55999755859375,2.22
2013-10-29,142.37326049804688,76.45140075683594,130.55999755859375,2.22
2013-10-29,143.1326141357422,76.55056762695312,129.77000427246094,2.22
2013-10-30,143.1326141357422,76.55056762695312,129.77000427246094,2.22
2013-10-30,142.42173767089844,76.09008026123047,129.60000610351562,2.22
2013-10-31,142.42173767089844,76.09008026123047,129.60000610351562,2.26
2013-10-31,142.01779174804688,76.25302124023438,127.73999786376953,2.26
2013-11-01,142.01779174804688,76.25302124023438,127.73999786376953,2.32
2013-11-01,142.3571014404297,75.42765045166016,126.94999694824219,2.32
2013-11-04,142.3571014404297,75.42765045166016,126.94999694824219,2.31
2013-11-04,142.8579864501953,75.49869537353516,126.80999755859375,2.31
2013-11-05,142.8579864501953,75.49869537353516,126.80999755859375,2.37
2013-11-05,142.40557861328125,74.59659576416016,126.55999755859375,2.37
2013-11-06,142.40557861328125,74.59659576416016,126.55999755859375,2.37
2013-11-06,143.1326141357422,74.63213348388672,127.19999694824219,2.37
2013-11-07,143.1326141357422,74.63213348388672,127.19999694824219,2.34
2013-11-07,141.32296752929688,75.26426696777344,126.16000366210938,2.34
2013-11-08,141.32296752929688,75.26426696777344,126.16000366210938,2.45
2013-11-08,143.22958374023438,73.4530258178711,124.27999877929688,2.45
2013-11-11,143.25381469726562,73.17598724365234,123.87000274658203,2.45
2013-11-12,143.25381469726562,73.17598724365234,123.87000274658203,2.46
2013-11-12,142.96298217773438,73.51692199707031,122.44999694824219,2.46
2013-11-13,142.96298217773438,73.51692199707031,122.44999694824219,2.43
2013-11-13,144.11016845703125,73.78682708740234,122.8499984741211,2.43
2013-11-14,144.11016845703125,73.78682708740234,122.8499984741211,2.4
2013-11-14,144.8291778564453,74.24140930175781,124.2699966430664,2.4
2013-11-15,144.8291778564453,74.24140930175781,124.2699966430664,2.4
2013-11-15,145.45936584472656,74.39063262939453,124.31999969482422,2.4
2013-11-18,145.45936584472656,74.39063262939453,124.31999969482422,2.36
2013-11-18,144.95040893554688,74.83812713623047,122.9000015258789,2.36
2013-11-19,144.95040893554688,74.83812713623047,122.9000015258789,2.42
2013-11-19,144.6352996826172,74.2698745727539,122.94999694824219,2.42
2013-11-20,144.6352996826172,74.2698745727539,122.94999694824219,2.52
2013-11-20,144.18287658691406,73.00548553466797,120.12000274658203,2.52
2013-11-21,144.18287658691406,73.00548553466797,120.12000274658203,2.5
2013-11-21,145.3462677001953,73.12628173828125,119.94000244140625,2.5
2013-11-22,145.3462677001953,73.12628173828125,119.94000244140625,2.44
2013-11-22,146.07333374023438,73.80813598632812,119.91999816894531,2.44
2013-11-25,146.07333374023438,73.80813598632812,119.91999816894531,2.44
2013-11-25,145.92794799804688,74.021240234375,120.45999908447266,2.44
2013-11-26,145.92794799804688,74.021240234375,120.45999908447266,2.42
2013-11-26,145.96832275390625,74.2983169555664,119.81999969482422,2.42
2013-11-27,145.96832275390625,74.2983169555664,119.81999969482422,2.46
2013-11-27,146.32383728027344,74.17041015625,119.45999908447266,2.46
2013-11-29,146.32383728027344,74.17041015625,119.45999908447266,2.47
2013-11-29,146.226806640625,74.19173431396484,120.69999694824219,2.47
2013-12-02,146.226806640625,74.19173431396484,120.69999694824219,2.51
2013-12-02,145.8471221923828,73.61467742919922,117.58000183105469,2.51
2013-12-03,145.8471221923828,73.61467742919922,117.58000183105469,2.51
2013-12-03,145.2169952392578,73.88541412353516,117.95999908447266,2.51
2013-12-04,145.2169952392578,73.88541412353516,117.95999908447266,2.54
2013-12-04,145.20077514648438,73.18010711669922,119.95999908447266,2.54
2013-12-05,145.20077514648438,73.18010711669922,119.95999908447266,2.58
2013-12-05,144.5625762939453,72.97347259521484,118.30000305175781,2.58
2013-12-06,144.5625762939453,72.97347259521484,118.30000305175781,2.58
2013-12-06,146.1783905029297,73.3226318359375,118.55000305175781,2.58
2013-12-09,146.1783905029297,73.3226318359375,118.55000305175781,2.56
2013-12-09,146.55006408691406,73.49353790283203,119.72000122070312,2.56
2013-12-10,146.55006408691406,73.49353790283203,119.72000122070312,2.51
2013-12-10,146.02490234375,74.02071380615234,121.81999969482422,2.51
2013-12-11,146.02490234375,74.02071380615234,121.81999969482422,2.55
2013-12-11,144.38487243652344,73.45076751708984,120.86000061035156,2.55
2013-12-12,144.38487243652344,73.45076751708984,120.86000061035156,2.55
2013-12-12,143.90823364257812,73.17296600341797,118.29000091552734,2.55
2013-12-13,143.90823364257812,73.17296600341797,118.29000091552734,2.54
2013-12-13,143.8920135498047,73.5291976928711,119.37999725341797,2.54
2013-12-16,143.8920135498047,73.5291976928711,119.37999725341797,2.55
2013-12-16,144.78878784179688,73.25843048095703,119.69000244140625,2.55
2013-12-17,144.78878784179688,73.25843048095703,119.69000244140625,2.51
2013-12-17,144.3282928466797,73.58616638183594,118.6500015258789,2.51
2013-12-18,144.3282928466797,73.58616638183594,118.6500015258789,2.57
2013-12-18,146.79237365722656,73.21571350097656,117.61000061035156,2.57
2013-12-19,146.79237365722656,73.21571350097656,117.61000061035156,2.59
2013-12-19,146.6226806640625,73.14443969726562,114.81999969482422,2.59
2013-12-20,146.6226806640625,73.14443969726562,114.81999969482422,2.52
2013-12-20,147.47561645507812,74.27008056640625,115.94000244140625,2.52
2013-12-23,147.47561645507812,74.27008056640625,115.94000244140625,2.56
2013-12-23,148.26348876953125,73.84977722167969,115.56999969482422,2.56
2013-12-24,148.26348876953125,73.84977722167969,115.56999969482422,2.61
2013-12-24,148.5884552001953,73.25843048095703,116.0999984741211,2.61
2013-12-26,148.5884552001953,73.25843048095703,116.0999984741211,2.58
2013-12-26,149.34376525878906,72.97611999511719,116.73999786376953,2.58
2013-12-27,149.34376525878906,72.97611999511719,116.73999786376953,2.62
2013-12-27,149.3356475830078,72.76883697509766,117.12000274658203,2.62
2013-12-30,149.3356475830078,72.76883697509766,117.12000274658203,2.6
2013-12-30,149.3113250732422,73.2691650390625,115.38999938964844,2.6
2013-12-31,149.3113250732422,73.2691650390625,115.38999938964844,2.66
2013-12-31,150.01803588867188,72.8045654296875,116.12000274658203,2.66
2014-01-02,150.01803588867188,72.8045654296875,116.12000274658203,2.61
2014-01-02,148.5802459716797,73.02619934082031,118.0,2.61
2014-01-03,148.5802459716797,73.02619934082031,118.0,2.6
2014-01-03,148.55589294433594,73.02619934082031,119.29000091552734,2.6
2014-01-06,148.55589294433594,73.02619934082031,119.29000091552734,2.58
2014-01-06,148.1254119873047,73.33350372314453,119.5,2.58
2014-01-07,148.1254119873047,73.33350372314453,119.5,2.56
2014-01-07,149.03515625,73.51933288574219,118.81999969482422,2.56
2014-01-08,149.03515625,73.51933288574219,118.81999969482422,2.58
2014-01-08,149.06764221191406,73.3191909790039,118.12000274658203,2.58
2014-01-09,149.06764221191406,73.3191909790039,118.12000274658203,2.53
2014-01-09,149.1651153564453,73.74810028076172,118.45999908447266,2.53
2014-01-10,149.1651153564453,73.74810028076172,118.45999908447266,2.49
2014-01-10,149.5712432861328,74.627197265625,120.26000213623047,2.49
2014-01-13,149.5712432861328,74.627197265625,120.26000213623047,2.45
2014-01-13,147.58111572265625,74.99888610839844,121.0199966430664,2.45
2014-01-14,147.58111572265625,74.99888610839844,121.0199966430664,2.49
2014-01-14,149.18946838378906,74.6557846069336,119.88999938964844,2.49
2014-01-15,149.18946838378906,74.6557846069336,119.88999938964844,2.49
2014-01-15,149.99366760253906,74.57717895507812,119.66000366210938,2.49
2014-01-16,149.99366760253906,74.57717895507812,119.66000366210938,2.45
2014-01-16,149.7986602783203,75.07748413085938,119.79000091552734,2.45
2014-01-17,149.7986602783203,75.07748413085938,119.79000091552734,2.44
2014-01-17,149.1651153564453,75.3919906616211,120.93000030517578,2.44
2014-01-21,149.1651153564453,75.3919906616211,120.93000030517578,2.45
2014-01-21,149.60372924804688,75.44920349121094,119.69999694824219,2.45
2014-01-22,149.60372924804688,75.44920349121094,119.69999694824219,2.43
2014-01-22,149.70118713378906,75.26333618164062,119.19000244140625,2.43
2014-01-23,149.70118713378906,75.26333618164062,119.19000244140625,2.4
2014-01-23,148.47467041015625,76.32831573486328,121.79000091552734,2.4
2014-01-24,148.47467041015625,76.32831573486328,121.79000091552734,2.38
2014-01-24,145.3068389892578,76.82151794433594,122.29000091552734,2.38
2014-01-27,145.3068389892578,76.82151794433594,122.29000091552734,2.41
2014-01-27,144.59201049804688,76.28543090820312,120.95999908447266,2.41
2014-01-28,144.59201049804688,76.28543090820312,120.95999908447266,2.39
2014-01-28,145.45303344726562,76.47126007080078,120.94999694824219,2.39
2014-01-29,145.45303344726562,76.47126007080078,120.94999694824219,2.33
2014-01-29,144.05593872070312,77.10029602050781,122.47000122070312,2.33
2014-01-30,144.05593872070312,77.10029602050781,122.47000122070312,2.36
2014-01-30,145.5830078125,76.87866973876953,119.7699966430664,2.36
2014-01-31,145.5830078125,76.87866973876953,119.7699966430664,2.33
2014-01-31,144.73004150390625,77.3932876586914,120.08999633789062,2.33
2014-02-03,144.73004150390625,77.3932876586914,120.08999633789062,2.31
2014-02-03,141.472900390625,78.33631134033203,121.31999969482422,2.31
2014-02-04,141.472900390625,78.33631134033203,121.31999969482422,2.33
2014-02-04,142.4638671875,77.50505828857422,120.98999786376953,2.33
2014-02-05,142.4638671875,77.50505828857422,120.98999786376953,2.38
2014-02-05,142.28518676757812,76.78848266601562,121.29000091552734,2.38
2014-02-06,142.28518676757812,76.78848266601562,121.29000091552734,2.4
2014-02-06,144.16152954101562,76.45882415771484,121.23999786376953,2.4
2014-02-07,144.16152954101562,76.45882415771484,121.23999786376953,2.41
2014-02-07,145.9485321044922,76.52335357666016,122.16999816894531,2.41
2014-02-10,145.9485321044922,76.52335357666016,122.16999816894531,2.38
2014-02-10,146.2165069580078,76.73832702636719,122.91999816894531,2.38
2014-02-11,146.2165069580078,76.73832702636719,122.91999816894531,2.4
2014-02-11,147.81671142578125,76.2940673828125,124.36000061035156,2.4
2014-02-12,147.81671142578125,76.2940673828125,124.36000061035156,2.45
2014-02-12,147.889892578125,75.89997100830078,124.43000030517578,2.45
2014-02-13,147.889892578125,75.89997100830078,124.43000030517578,2.41
2014-02-13,148.65333557128906,76.32986450195312,125.48999786376953,2.41
2014-02-14,148.65333557128906,76.32986450195312,125.48999786376953,2.43
2014-02-14,149.47378540039062,76.37287139892578,127.1500015258789,2.43
2014-02-18,149.47378540039062,76.37287139892578,127.1500015258789,2.4
2014-02-18,149.65245056152344,76.54483795166016,127.4000015258789,2.4
2014-02-19,149.65245056152344,76.54483795166016,127.4000015258789,2.4
2014-02-19,148.6614990234375,76.2223892211914,126.2699966430664,2.4
2014-02-20,148.6614990234375,76.2223892211914,126.2699966430664,2.42
2014-02-20,149.53875732421875,76.03607177734375,127.5999984741211,2.42
2014-02-21,149.53875732421875,76.03607177734375,127.5999984741211,2.4
2014-02-21,149.36819458007812,76.43736267089844,127.58000183105469,2.4
2014-02-24,149.36819458007812,76.43736267089844,127.58000183105469,2.4
2014-02-24,150.19668579101562,76.24390411376953,128.99000549316406,2.4
2014-02-25,150.19668579101562,76.24390411376953,128.99000549316406,2.36
2014-02-25,150.13978576660156,76.92466735839844,129.2100067138672,2.36
2014-02-26,150.13978576660156,76.92466735839844,129.2100067138672,2.34
2014-02-26,150.14796447753906,77.33305358886719,128.11000061035156,2.34
2014-02-27,150.14796447753906,77.33305358886719,128.11000061035156,2.32
2014-02-27,150.9358673095703,77.75589752197266,128.1999969482422,2.32
2014-02-28,150.9358673095703,77.75589752197266,128.1999969482422,2.33
2014-02-28,151.3176727294922,77.79888153076172,127.62000274658203,2.33
2014-03-03,151.3176727294922,77.79888153076172,127.62000274658203,2.28
2014-03-03,150.25355529785156,78.31824493408203,130.2899932861328,2.28
2014-03-04,150.25355529785156,78.31824493408203,130.2899932861328,2.37
2014-03-04,152.36544799804688,77.14018249511719,128.67999267578125,2.37
2014-03-05,152.36544799804688,77.14018249511719,128.67999267578125,2.37
2014-03-05,152.5035400390625,77.30538177490234,128.88999938964844,2.37
2014-03-06,152.5035400390625,77.30538177490234,128.88999938964844,2.37
2014-03-06,152.8528289794922,76.54395294189453,130.1699981689453,2.37
2014-03-07,152.8528289794922,76.54395294189453,130.1699981689453,2.42
2014-03-07,152.91773986816406,76.06266784667969,129.08999633789062,2.42
2014-03-10,152.91773986816406,76.06266784667969,129.08999633789062,2.42
2014-03-10,152.8365478515625,76.17042541503906,129.1300048828125,2.42
2014-03-11,152.8365478515625,76.17042541503906,129.1300048828125,2.4
2014-03-11,152.08114624023438,76.37157440185547,129.86000061035156,2.4
2014-03-12,152.08114624023438,76.37157440185547,129.86000061035156,2.36
2014-03-12,152.12181091308594,76.90314483642578,131.75999450683594,2.36
2014-03-13,152.12181091308594,76.90314483642578,131.75999450683594,2.32
2014-03-13,150.41600036621094,77.93746185302734,132.2100067138672,2.32
2014-03-14,150.41600036621094,77.93746185302734,132.2100067138672,2.29
2014-03-14,149.99366760253906,77.9518814086914,133.10000610351562,2.29
2014-03-17,149.99366760253906,77.9518814086914,133.10000610351562,2.32
2014-03-17,151.35009765625,77.37005615234375,131.63999938964844,2.32
2014-03-18,151.35009765625,77.37005615234375,131.63999938964844,2.32
2014-03-18,152.43040466308594,77.65017700195312,130.6199951171875,2.32
2014-03-19,152.43040466308594,77.65017700195312,130.6199951171875,2.31
2014-03-19,151.6181640625,77.04679107666016,128.08999633789062,2.31
2014-03-20,151.6181640625,77.04679107666016,128.08999633789062,2.34
2014-03-20,152.5035400390625,76.91032409667969,127.86000061035156,2.34
2014-03-21,152.5035400390625,76.91032409667969,127.86000061035156,2.3
2014-03-21,151.91201782226562,77.74356842041016,128.47000122070312,2.3
2014-03-24,151.91201782226562,77.74356842041016,128.47000122070312,2.27
2014-03-24,151.28382873535156,78.29664611816406,126.18000030517578,2.27
2014-03-25,151.28382873535156,78.29664611816406,126.18000030517578,2.28
2014-03-25,152.0017547607422,78.00215911865234,126.41000366210938,2.28
2014-03-26,152.0017547607422,78.00215911865234,126.41000366210938,2.26
2014-03-26,150.90850830078125,78.61272430419922,125.41000366210938,2.26
2014-03-27,150.90850830078125,78.61272430419922,125.41000366210938,2.24
2014-03-27,150.59033203125,79.0078125,124.58999633789062,2.24
2014-03-28,150.59033203125,79.0078125,124.58999633789062,2.28
2014-03-28,151.332763671875,78.56246185302734,124.55999755859375,2.28
2014-03-31,151.332763671875,78.56246185302734,124.55999755859375,2.29
2014-03-31,152.57290649414062,78.36849975585938,123.61000061035156,2.29
2014-04-01,152.57290649414062,78.36849975585938,123.61000061035156,2.33
2014-04-01,153.5845184326172,77.69872283935547,123.38999938964844,2.33
2014-04-02,153.5845184326172,77.69872283935547,123.38999938964844,2.35
2014-04-02,154.09852600097656,77.25227355957031,124.31999969482422,2.35
2014-04-03,154.09852600097656,77.25227355957031,124.31999969482422,2.34
2014-04-03,153.89451599121094,77.59071350097656,123.91999816894531,2.34
2014-04-04,153.89451599121094,77.59071350097656,123.91999816894531,2.31
2014-04-04,152.0751953125,78.10921478271484,125.56999969482422,2.31
2014-04-07,152.0751953125,78.10921478271484,125.56999969482422,2.3
2014-04-07,150.39451599121094,78.57735443115234,124.91000366210938,2.3
2014-04-08,150.39451599121094,78.57735443115234,124.91000366210938,2.29
2014-04-08,151.01454162597656,78.76461029052734,126.08999633789062,2.29
2014-04-09,151.01454162597656,78.76461029052734,126.08999633789062,2.34
2014-04-09,152.6381378173828,78.37570190429688,126.31999969482422,2.34
2014-04-10,152.6381378173828,78.37570190429688,126.31999969482422,2.28
2014-04-10,149.43182373046875,79.10308074951172,127.01000213623047,2.28
2014-04-11,149.43182373046875,79.10308074951172,127.01000213623047,2.26
2014-04-11,148.0856475830078,79.74400329589844,126.93000030517578,2.26
2014-04-14,148.0856475830078,79.74400329589844,126.93000030517578,2.28
2014-04-14,149.25233459472656,79.53517150878906,127.8499984741211,2.28
2014-04-15,149.25233459472656,79.53517150878906,127.8499984741211,2.25
2014-04-15,150.28030395507812,80.03208923339844,125.48999786376953,2.25
2014-04-16,150.28030395507812,80.03208923339844,125.48999786376953,2.26
2014-04-16,151.85491943359375,80.13285827636719,125.54000091552734,2.26
2014-04-17,151.85491943359375,80.13285827636719,125.54000091552734,2.3
2014-04-17,152.0670623779297,79.25430297851562,124.75,2.3
2014-04-21,152.0670623779297,79.25430297851562,124.75,2.31
2014-04-21,152.59738159179688,79.18946838378906,124.23999786376953,2.31
2014-04-22,152.59738159179688,79.18946838378906,124.23999786376953,2.28
2014-04-22,153.2908172607422,79.45594787597656,123.77999877929688,2.28
2014-04-23,153.2908172607422,79.45594787597656,123.77999877929688,2.27
2014-04-23,152.93185424804688,79.90959167480469,123.76000213623047,2.27
2014-04-24,152.93185424804688,79.90959167480469,123.76000213623047,2.27
2014-04-24,153.2418670654297,80.0608901977539,124.55999755859375,2.27
2014-04-25,153.2418670654297,80.0608901977539,124.55999755859375,2.25
2014-04-25,151.98550415039062,80.17610931396484,125.43000030517578,2.25
2014-04-28,151.98550415039062,80.17610931396484,125.43000030517578,2.26
2014-04-28,152.4668731689453,79.78723907470703,124.87999725341797,2.26
2014-04-29,152.4668731689453,79.78723907470703,124.87999725341797,2.27
2014-04-29,153.17662048339844,79.67919158935547,124.86000061035156,2.27
2014-04-30,153.17662048339844,79.67919158935547,124.86000061035156,2.25
2014-04-30,153.63345336914062,80.01046752929688,124.22000122070312,2.25
2014-05-01,153.63345336914062,80.01046752929688,124.22000122070312,2.22
2014-05-01,153.64981079101562,80.86886596679688,123.80000305175781,2.22
2014-05-02,153.64981079101562,80.86886596679688,123.80000305175781,2.18
2014-05-02,153.4295196533203,81.36695861816406,125.05999755859375,2.18
2014-05-05,153.4295196533203,81.36695861816406,125.05999755859375,2.2
2014-05-05,153.72325134277344,80.8760757446289,126.22000122070312,2.2
2014-05-06,153.72325134277344,80.8760757446289,126.22000122070312,2.18
2014-05-06,152.38525390625,81.20092010498047,125.9800033569336,2.18
2014-05-07,152.38525390625,81.20092010498047,125.9800033569336,2.21
2014-05-07,153.2826690673828,80.91213989257812,124.16999816894531,2.21
2014-05-08,153.2826690673828,80.91213989257812,124.16999816894531,2.21
2014-05-08,153.1195068359375,80.56564331054688,124.16999816894531,2.21
2014-05-09,153.1195068359375,80.56564331054688,124.16999816894531,2.22
2014-05-09,153.34791564941406,80.30575561523438,124.0999984741211,2.22
2014-05-12,153.34791564941406,80.30575561523438,124.0999984741211,2.25
2014-05-12,154.8409423828125,79.98088836669922,124.94000244140625,2.25
2014-05-13,154.8409423828125,79.98088836669922,124.94000244140625,2.22
2014-05-13,154.9796142578125,80.67393493652344,124.5999984741211,2.22
2014-05-14,154.9796142578125,80.67393493652344,124.5999984741211,2.15
2014-05-14,154.24537658691406,81.54744720458984,125.80999755859375,2.15
2014-05-15,154.24537658691406,81.54744720458984,125.80999755859375,2.12
2014-05-15,152.89109802246094,82.19715118408203,124.7699966430664,2.12
2014-05-16,152.89109802246094,82.19715118408203,124.7699966430664,2.14
2014-05-16,153.42140197753906,81.9661636352539,124.5,2.14
2014-05-19,153.42140197753906,81.9661636352539,124.5,2.18
2014-05-19,153.9842987060547,81.35975646972656,124.58000183105469,2.18
2014-05-20,153.9842987060547,81.35975646972656,124.58000183105469,2.17
2014-05-20,153.01345825195312,81.54023742675781,124.69000244140625,2.17
2014-05-21,153.01345825195312,81.54023742675781,124.69000244140625,2.17
2014-05-21,154.30245971679688,81.04206085205078,124.38999938964844,2.17
2014-05-22,154.30245971679688,81.04206085205078,124.38999938964844,2.19
2014-05-22,154.67779541015625,80.9265365600586,124.66999816894531,2.19
2014-05-23,154.67779541015625,80.9265365600586,124.66999816894531,2.17
2014-05-23,155.2978057861328,81.35975646972656,124.51000213623047,2.17
2014-05-27,155.2978057861328,81.35975646972656,124.51000213623047,2.13
2014-05-27,156.2523651123047,81.83616638183594,121.8499984741211,2.13
2014-05-28,156.2523651123047,81.83616638183594,121.8499984741211,2.07
2014-05-28,156.13816833496094,82.84690856933594,121.19999694824219,2.07
2014-05-29,156.13816833496094,82.84690856933594,121.19999694824219,2.08
2014-05-29,156.94583129882812,82.40646362304688,120.94000244140625,2.08
2014-05-30,156.94583129882812,82.40646362304688,120.94000244140625,2.11
2014-05-30,157.19876098632812,82.37042236328125,120.43000030517578,2.11
2014-06-02,157.19876098632812,82.37042236328125,120.43000030517578,2.15
2014-06-02,157.3782501220703,81.7580795288086,119.69999694824219,2.15
2014-06-03,157.3782501220703,81.7580795288086,119.69999694824219,2.19
2014-06-03,157.29666137695312,80.75203704833984,120.01000213623047,2.19
2014-06-04,157.29666137695312,80.75203704833984,120.01000213623047,2.2
2014-06-04,157.6148223876953,80.73031616210938,119.76000213623047,2.2
2014-06-05,157.6148223876953,80.73031616210938,119.76000213623047,2.19
2014-06-05,158.642822265625,80.7665023803711,120.66000366210938,2.19
2014-06-06,158.642822265625,80.7665023803711,120.66000366210938,2.19
2014-06-06,159.4015350341797,80.7665023803711,120.61000061035156,2.19
2014-06-09,159.4015350341797,80.7665023803711,120.61000061035156,2.19
2014-06-09,159.56472778320312,80.65069580078125,120.6500015258789,2.19
2014-06-10,159.56472778320312,80.65069580078125,120.6500015258789,2.19
2014-06-10,159.58103942871094,80.3539810180664,121.38999938964844,2.19
2014-06-11,159.58103942871094,80.3539810180664,121.38999938964844,2.21
2014-06-11,159.0262908935547,80.49871826171875,121.41000366210938,2.21
2014-06-12,159.0262908935547,80.49871826171875,121.41000366210938,2.16
2014-06-12,157.90037536621094,81.21524810791016,122.63999938964844,2.16
2014-06-13,157.90037536621094,81.21524810791016,122.63999938964844,2.15
2014-06-13,158.38169860839844,81.17185974121094,122.95999908447266,2.15
2014-06-16,158.38169860839844,81.17185974121094,122.95999908447266,2.12
2014-06-16,158.51231384277344,81.37446594238281,122.41999816894531,2.12
2014-06-17,158.51231384277344,81.37446594238281,122.41999816894531,2.15
2014-06-17,158.9528350830078,80.73031616210938,122.27999877929688,2.15
2014-06-18,158.9528350830078,80.73031616210938,122.27999877929688,2.13
2014-06-18,160.1195831298828,81.35282135009766,122.66999816894531,2.13
2014-06-19,160.1195831298828,81.35282135009766,122.66999816894531,2.16
2014-06-19,160.29898071289062,80.31047058105469,126.94000244140625,2.16
2014-06-20,160.29898071289062,80.31047058105469,126.94000244140625,2.13
2014-06-20,160.6244659423828,80.91853332519531,126.5,2.13
2014-06-23,160.6244659423828,80.91853332519531,126.5,2.15
2014-06-23,160.5752716064453,80.6651611328125,126.8499984741211,2.15
2014-06-24,160.5752716064453,80.6651611328125,126.8499984741211,2.1
2014-06-24,159.60792541503906,81.4830551147461,126.9800033569336,2.1
2014-06-25,159.60792541503906,81.4830551147461,126.9800033569336,2.09
2014-06-25,160.3292999267578,81.69296264648438,126.98999786376953,2.09
2014-06-26,160.3292999267578,81.69296264648438,126.98999786376953,2.07
2014-06-26,160.21463012695312,82.08382415771484,126.7300033569336,2.07
2014-06-27,160.21463012695312,82.08382415771484,126.7300033569336,2.09
2014-06-27,160.5260467529297,81.96076965332031,126.66000366210938,2.09
2014-06-30,160.5260467529297,81.96076965332031,126.66000366210938,2.06
2014-06-30,160.444091796875,82.16340637207031,128.0399932861328,2.06
2014-07-01,160.444091796875,82.16340637207031,128.0399932861328,2.11
2014-07-01,161.5179901123047,81.47549438476562,127.69999694824219,2.11
2014-07-02,161.5179901123047,81.47549438476562,127.69999694824219,2.15
2014-07-02,161.68194580078125,80.60472106933594,127.69999694824219,2.15
2014-07-03,161.68194580078125,80.60472106933594,127.69999694824219,2.13
2014-07-03,162.47711181640625,80.314453125,127.16000366210938,2.13
2014-07-07,162.47711181640625,80.314453125,127.16000366210938,2.11
2014-07-07,161.9114532470703,80.90227508544922,127.0199966430664,2.11
2014-07-08,161.9114532470703,80.90227508544922,127.0199966430664,2.07
2014-07-08,160.87033081054688,81.8093032836914,127.06999969482422,2.07
2014-07-09,160.87033081054688,81.8093032836914,127.06999969482422,2.06
2014-07-09,161.591796875,81.87462615966797,127.83999633789062,2.06
2014-07-10,161.591796875,81.87462615966797,127.83999633789062,2.09
2014-07-10,160.95236206054688,81.8963851928711,128.5399932861328,2.09
2014-07-11,160.95236206054688,81.8963851928711,128.5399932861328,2.05
2014-07-11,161.17367553710938,82.41883087158203,128.77999877929688,2.05
2014-07-14,161.17367553710938,82.41883087158203,128.77999877929688,2.07
2014-07-14,161.98529052734375,82.06324005126953,125.72000122070312,2.07
2014-07-15,161.98529052734375,82.06324005126953,125.72000122070312,2.07
2014-07-15,161.68194580078125,81.8963851928711,124.52999877929688,2.07
2014-07-16,161.68194580078125,81.8963851928711,124.52999877929688,2.05
2014-07-16,162.2803955078125,82.33177947998047,124.97000122070312,2.05
2014-07-17,162.2803955078125,82.33177947998047,124.97000122070312,2.0
2014-07-17,160.43588256835938,83.36946105957031,127.08999633789062,2.0
2014-07-18,160.43588256835938,83.36946105957031,127.08999633789062,1.99
2014-07-18,162.07545471191406,83.1009292602539,126.12999725341797,1.99
2014-07-21,162.07545471191406,83.1009292602539,126.12999725341797,1.98
2014-07-21,161.77215576171875,83.51457214355469,126.33999633789062,1.98
2014-07-22,161.77215576171875,83.51457214355469,126.33999633789062,1.99
2014-07-22,162.47711181640625,83.68873596191406,125.73999786376953,1.99
2014-07-23,162.47711181640625,83.68873596191406,125.73999786376953,1.98
2014-07-23,162.83782958984375,83.57990264892578,125.62000274658203,1.98
2014-07-24,162.83782958984375,83.57990264892578,125.62000274658203,1.99
2014-07-24,162.8460235595703,82.95584106445312,124.3499984741211,1.99
2014-07-25,162.8460235595703,82.95584106445312,124.3499984741211,1.95
2014-07-25,162.08360290527344,83.93541717529297,125.79000091552734,1.95
2014-07-28,162.08360290527344,83.93541717529297,125.79000091552734,1.96
2014-07-28,162.14926147460938,83.8193130493164,125.58000183105469,1.96
2014-07-29,162.14926147460938,83.8193130493164,125.58000183105469,1.93
2014-07-29,161.452392578125,84.1241455078125,125.19999694824219,1.93
2014-07-30,161.452392578125,84.1241455078125,125.19999694824219,2.01
2014-07-30,161.47705078125,82.95584106445312,124.83000183105469,2.01
2014-07-31,161.47705078125,82.95584106445312,124.83000183105469,2.05
2014-07-31,158.2881317138672,82.70913696289062,123.38999938964844,2.05
2014-08-01,158.2881317138672,82.70913696289062,123.38999938964844,2.05
2014-08-01,157.804443359375,83.34932708740234,124.37999725341797,2.05
2014-08-04,157.804443359375,83.34932708740234,124.37999725341797,2.04
2014-08-04,158.94393920898438,83.131103515625,123.98999786376953,2.04
2014-08-05,158.94393920898438,83.131103515625,123.98999786376953,2.02
2014-08-05,157.4027557373047,83.4002685546875,123.87000274658203,2.02
2014-08-06,157.4027557373047,83.4002685546875,123.87000274658203,2.01
2014-08-06,157.45196533203125,83.45121765136719,125.66999816894531,2.01
2014-08-07,157.45196533203125,83.45121765136719,125.66999816894531,1.99
2014-08-07,156.59938049316406,84.22970581054688,126.18000030517578,1.99
2014-08-08,156.59938049316406,84.22970581054688,126.18000030517578,1.99
2014-08-08,158.4110565185547,84.04782104492188,126.19000244140625,1.99
2014-08-11,158.4110565185547,84.04782104492188,126.19000244140625,1.97
2014-08-11,158.8701171875,84.04051208496094,125.95999908447266,1.97
2014-08-12,158.8701171875,84.04051208496094,125.95999908447266,2.01
2014-08-12,158.64886474609375,83.49484252929688,125.98999786376953,2.01
2014-08-13,158.64886474609375,83.49484252929688,125.98999786376953,2.0
2014-08-13,159.72274780273438,84.04051208496094,126.19999694824219,2.0
2014-08-14,159.72274780273438,84.04051208496094,126.19999694824219,1.98
2014-08-14,160.47689819335938,84.71715545654297,126.30999755859375,1.98
2014-08-15,160.47689819335938,84.71715545654297,126.30999755859375,1.92
2014-08-15,160.444091796875,85.64116668701172,125.4800033569336,1.92
2014-08-18,160.444091796875,85.64116668701172,125.4800033569336,1.95
2014-08-18,161.78843688964844,84.78994750976562,124.95999908447266,1.95
2014-08-19,161.78843688964844,84.78994750976562,124.95999908447266,1.94
2014-08-19,162.6328582763672,84.52798461914062,124.68000030517578,1.94
2014-08-20,162.6328582763672,84.52798461914062,124.68000030517578,1.94
2014-08-20,163.06732177734375,84.3897476196289,124.22000122070312,1.94
2014-08-21,163.06732177734375,84.3897476196289,124.22000122070312,1.92
2014-08-21,163.54281616210938,84.8626480102539,122.87999725341797,1.92
2014-08-22,163.54281616210938,84.8626480102539,122.87999725341797,1.87
2014-08-22,163.28866577148438,85.33557891845703,123.19000244140625,1.87
2014-08-25,163.28866577148438,85.33557891845703,123.19000244140625,1.86
2014-08-25,164.11663818359375,85.65576934814453,122.73999786376953,1.86
2014-08-26,164.11663818359375,85.65576934814453,122.73999786376953,1.87
2014-08-26,164.2232208251953,85.37921142578125,123.3499984741211,1.87
2014-08-27,164.2232208251953,85.37921142578125,123.3499984741211,1.86
2014-08-27,164.15762329101562,86.10680389404297,123.31999969482422,1.86
2014-08-28,164.15762329101562,86.10680389404297,123.31999969482422,1.84
2014-08-28,164.06747436523438,86.55789184570312,124.0,1.84
2014-08-29,164.06747436523438,86.55789184570312,124.0,1.87
2014-08-29,164.5347137451172,86.61610412597656,123.86000061035156,1.87
2014-09-02,164.5347137451172,86.61610412597656,123.86000061035156,1.89
2014-09-02,164.45278930664062,85.12190246582031,121.6500015258789,1.89
2014-09-03,164.45278930664062,85.12190246582031,121.6500015258789,1.89
2014-09-03,164.36256408691406,85.59590148925781,122.1500015258789,1.89
2014-09-04,164.36256408691406,85.59590148925781,122.1500015258789,1.91
2014-09-04,164.12484741210938,84.55310821533203,121.4800033569336,1.91
2014-09-05,164.12484741210938,84.55310821533203,121.4800033569336,1.94
2014-09-05,164.8626251220703,84.3927230834961,122.05999755859375,1.94
2014-09-08,164.8626251220703,84.3927230834961,122.05999755859375,1.94
2014-09-08,164.4363555908203,84.42916870117188,120.7300033569336,1.94
2014-09-09,164.4363555908203,84.42916870117188,120.7300033569336,1.94
2014-09-09,163.39529418945312,84.36347961425781,120.87000274658203,1.94
2014-09-10,163.39529418945312,84.36347961425781,120.87000274658203,1.96
2014-09-10,164.0100860595703,83.83124542236328,120.26000213623047,1.96
2014-09-11,164.0100860595703,83.83124542236328,120.26000213623047,1.96
2014-09-11,164.19859313964844,83.55409240722656,119.47000122070312,1.96
2014-09-12,164.19859313964844,83.55409240722656,119.47000122070312,2.04
2014-09-12,163.23951721191406,82.67902374267578,118.37999725341797,2.04
2014-09-15,163.23951721191406,82.67902374267578,118.37999725341797,2.02
2014-09-15,163.11651611328125,82.80298614501953,118.63999938964844,2.02
2014-09-16,163.11651611328125,82.80298614501953,118.63999938964844,2.05
2014-09-16,164.3461456298828,82.46753692626953,118.83000183105469,2.05
2014-09-17,164.3461456298828,82.46753692626953,118.83000183105469,2.03
2014-09-17,164.5675506591797,82.256103515625,117.54000091552734,2.03
2014-09-18,164.5675506591797,82.256103515625,117.54000091552734,2.04
2014-09-18,165.4447021484375,82.51862335205078,117.77999877929688,2.04
2014-09-19,165.4447021484375,82.51862335205078,117.77999877929688,2.0
2014-09-19,165.29556274414062,83.5687026977539,117.08999633789062,2.0
2014-09-22,165.29556274414062,83.5687026977539,117.08999633789062,1.99
2014-09-22,164.01901245117188,83.6707534790039,116.8499984741211,1.99
2014-09-23,164.01901245117188,83.6707534790039,116.8499984741211,1.97
2014-09-23,163.08013916015625,84.1884994506836,117.5999984741211,1.97
2014-09-24,163.08013916015625,84.1884994506836,117.5999984741211,1.98
2014-09-24,164.35675048828125,83.72183227539062,117.05000305175781,1.98
2014-09-25,164.35675048828125,83.72183227539062,117.05000305175781,1.96
2014-09-25,161.7047119140625,84.7135238647461,117.38999938964844,1.96
2014-09-26,161.7047119140625,84.7135238647461,117.38999938964844,1.95
2014-09-26,162.9895477294922,84.589599609375,117.05999755859375,1.95
2014-09-29,162.9895477294922,84.589599609375,117.05999755859375,1.92
2014-09-29,162.6930389404297,85.26778411865234,117.02999877929688,1.92
2014-09-30,162.6930389404297,85.26778411865234,117.02999877929688,1.94
2014-09-30,162.26475524902344,84.78646850585938,116.20999908447266,1.94
2014-10-01,162.26475524902344,84.78646850585938,116.20999908447266,1.89
2014-10-01,160.06578063964844,86.43058776855469,116.7699966430664,1.89
2014-10-02,160.06578063964844,86.43058776855469,116.7699966430664,1.91
2014-10-02,160.09051513671875,85.67759704589844,116.73999786376953,1.91
2014-10-03,160.09051513671875,85.67759704589844,116.73999786376953,1.88
2014-10-03,161.85296630859375,86.04315185546875,114.61000061035156,1.88
2014-10-06,161.85296630859375,86.04315185546875,114.61000061035156,1.89
2014-10-06,161.66354370117188,86.09429931640625,116.02999877929688,1.89
2014-10-07,161.66354370117188,86.09429931640625,116.02999877929688,1.84
2014-10-07,159.16802978515625,87.25667572021484,116.36000061035156,1.84
2014-10-08,159.16802978515625,87.25667572021484,116.36000061035156,1.89
2014-10-08,161.95176696777344,87.27862548828125,117.47000122070312,1.89
2014-10-09,161.95176696777344,87.27862548828125,117.47000122070312,1.88
2014-10-09,158.73980712890625,86.8984603881836,117.63999938964844,1.88
2014-10-10,158.73980712890625,86.8984603881836,117.63999938964844,1.86
2014-10-10,156.9279022216797,87.76107025146484,117.58999633789062,1.86
2014-10-13,154.3500518798828,88.29473876953125,118.5199966430664,1.86
2014-10-14,154.3500518798828,88.29473876953125,118.5199966430664,1.82
2014-10-14,154.58885192871094,88.87224578857422,118.58999633789062,1.82
2014-10-15,154.58885192871094,88.87224578857422,118.58999633789062,1.81
2014-10-15,153.5428466796875,89.57400512695312,118.98999786376953,1.81
2014-10-16,153.5428466796875,89.57400512695312,118.98999786376953,1.82
2014-10-16,153.41111755371094,89.00382995605469,119.22000122070312,1.82
2014-10-17,153.41111755371094,89.00382995605469,119.22000122070312,1.83
2014-10-17,155.2230224609375,88.50675201416016,118.98999786376953,1.83
2014-10-20,155.2230224609375,88.50675201416016,118.98999786376953,1.83
2014-10-20,156.73019409179688,88.82835388183594,119.80000305175781,1.83
2014-10-21,156.73019409179688,88.82835388183594,119.80000305175781,1.85
2014-10-21,159.83517456054688,88.11929321289062,120.0199966430664,1.85
2014-10-22,159.83517456054688,88.11929321289062,120.0199966430664,1.84
2014-10-22,158.69857788085938,88.21435546875,119.33999633789062,1.84
2014-10-23,158.69857788085938,88.21435546875,119.33999633789062,1.88
2014-10-23,160.54344177246094,87.4321060180664,118.5199966430664,1.88
2014-10-24,160.54344177246094,87.4321060180664,118.5199966430664,1.88
2014-10-24,161.77879333496094,87.51986694335938,118.3499984741211,1.88
2014-10-27,161.77879333496094,87.51986694335938,118.3499984741211,1.86
2014-10-27,161.5564727783203,87.68067932128906,118.05999755859375,1.86
2014-10-28,161.5564727783203,87.68067932128906,118.05999755859375,1.88
2014-10-28,163.4095916748047,87.13237762451172,118.0999984741211,1.88
2014-10-29,163.4095916748047,87.13237762451172,118.0999984741211,1.86
2014-10-29,163.16244506835938,87.32976531982422,116.41000366210938,1.86
2014-10-30,163.16244506835938,87.32976531982422,116.41000366210938,1.84
2014-10-30,164.2084197998047,87.40287017822266,115.19000244140625,1.84
2014-10-31,164.2084197998047,87.40287017822266,115.19000244140625,1.85
2014-10-31,166.0862579345703,87.17623138427734,112.66000366210938,1.85
2014-11-03,166.0862579345703,87.17623138427734,112.66000366210938,1.84
2014-11-03,166.17686462402344,87.17622375488281,112.1500015258789,1.84
2014-11-04,166.17686462402344,87.17622375488281,112.1500015258789,1.83
2014-11-04,165.60032653808594,87.4473876953125,112.22000122070312,1.83
2014-11-05,165.60032653808594,87.4473876953125,112.22000122070312,1.84
2014-11-05,166.64630126953125,87.32281494140625,109.79000091552734,1.84
2014-11-06,166.64630126953125,87.32281494140625,109.79000091552734,1.85
2014-11-06,167.31341552734375,86.75852966308594,109.87999725341797,1.85
2014-11-07,167.31341552734375,86.75852966308594,109.87999725341797,1.81
2014-11-07,167.4698944091797,87.75518035888672,112.97000122070312,1.81
2014-11-10,167.4698944091797,87.75518035888672,112.97000122070312,1.83
2014-11-10,167.9969482421875,86.9490737915039,110.45999908447266,1.83
2014-11-11,168.16177368164062,87.0077133178711,112.04000091552734,1.83
2014-11-12,168.16177368164062,87.0077133178711,112.04000091552734,1.82
2014-11-12,167.98046875,86.93437957763672,111.5,1.82
2014-11-13,167.98046875,86.93437957763672,111.5,1.82
2014-11-13,168.169921875,87.13963317871094,111.66999816894531,1.82
2014-11-14,168.169921875,87.13963317871094,111.66999816894531,1.78
2014-11-14,168.2110595703125,87.56463623046875,114.47000122070312,1.78
2014-11-17,168.2110595703125,87.56463623046875,114.47000122070312,1.8
2014-11-17,168.318115234375,87.34484100341797,114.05000305175781,1.8
2014-11-18,168.318115234375,87.34484100341797,114.05000305175781,1.79
2014-11-18,169.29005432128906,87.58663177490234,115.05000305175781,1.79
2014-11-19,169.29005432128906,87.58663177490234,115.05000305175781,1.82
2014-11-19,169.0182342529297,87.02969360351562,113.68000030517578,1.82
2014-11-20,169.0182342529297,87.02969360351562,113.68000030517578,1.81
2014-11-20,169.31466674804688,87.4840316772461,114.86000061035156,1.81
2014-11-21,169.31466674804688,87.4840316772461,114.86000061035156,1.78
2014-11-21,170.22064208984375,88.01165008544922,115.38999938964844,1.78
2014-11-24,170.22064208984375,88.01165008544922,115.38999938964844,1.77
2014-11-24,170.69834899902344,88.0849380493164,115.11000061035156,1.77
2014-11-25,170.69834899902344,88.0849380493164,115.11000061035156,1.76
2014-11-25,170.5748748779297,88.81777954101562,115.37999725341797,1.76
2014-11-26,170.5748748779297,88.81777954101562,115.37999725341797,1.71
2014-11-26,171.0113067626953,89.05960083007812,115.16000366210938,1.71
2014-11-28,171.0113067626953,89.05960083007812,115.16000366210938,1.71
2014-11-28,170.64891052246094,89.76306915283203,112.11000061035156,1.71
2014-12-01,170.64891052246094,89.76306915283203,112.11000061035156,1.73
2014-12-01,169.46302795410156,89.23944091796875,116.58000183105469,1.73
2014-12-02,169.46302795410156,89.23944091796875,116.58000183105469,1.73
2014-12-02,170.558349609375,88.37275695800781,115.13999938964844,1.73
2014-12-03,170.558349609375,88.37275695800781,115.13999938964844,1.72
2014-12-03,171.21726989746094,88.71794891357422,116.33000183105469,1.72
2014-12-04,171.21726989746094,88.71794891357422,116.33000183105469,1.7
2014-12-04,171.02783203125,89.45979309082031,115.87999725341797,1.7
2014-12-05,171.02783203125,89.45979309082031,115.87999725341797,1.66
2014-12-05,171.30783081054688,88.93827056884766,114.43000030517578,1.66
2014-12-08,171.30783081054688,88.93827056884766,114.43000030517578,1.62
2014-12-08,170.1630096435547,90.02528381347656,115.77999877929688,1.62
2014-12-09,170.1630096435547,90.02528381347656,115.77999877929688,1.58
2014-12-09,170.04776000976562,90.48799896240234,118.19000244140625,1.58
2014-12-10,170.04776000976562,90.48799896240234,118.19000244140625,1.59
2014-12-10,167.3216552734375,91.14908599853516,117.95999908447266,1.59
2014-12-11,167.3216552734375,91.14908599853516,117.95999908447266,1.57
2014-12-11,168.169921875,91.52365112304688,117.69000244140625,1.57
2014-12-12,168.169921875,91.52365112304688,117.69000244140625,1.54
2014-12-12,165.45211791992188,92.76490020751953,117.41000366210938,1.54
2014-12-15,165.45211791992188,92.76490020751953,117.41000366210938,1.52
2014-12-15,164.3155517578125,92.5739517211914,114.38999938964844,1.52
2014-12-16,164.3155517578125,92.5739517211914,114.38999938964844,1.49
2014-12-16,162.99783325195312,93.71974182128906,114.94999694824219,1.49
2014-12-17,162.99783325195312,93.71974182128906,114.94999694824219,1.52
2014-12-17,166.19326782226562,92.87510681152344,114.2699966430664,1.52
2014-12-18,166.19326782226562,92.87510681152344,114.2699966430664,1.55
2014-12-18,170.3030548095703,91.22251892089844,115.1500015258789,1.55
2014-12-19,170.3030548095703,91.22251892089844,115.1500015258789,1.5
2014-12-19,171.02769470214844,92.44910430908203,114.7699966430664,1.5
2014-12-22,171.02769470214844,92.44910430908203,114.7699966430664,1.46
2014-12-22,171.81436157226562,92.5739517211914,112.55000305175781,1.46
2014-12-23,171.81436157226562,92.5739517211914,112.55000305175781,1.53
2014-12-23,172.0463409423828,90.73771667480469,112.73999786376953,1.53
2014-12-24,172.0463409423828,90.73771667480469,112.73999786376953,1.54
2014-12-24,172.06288146972656,91.23168182373047,112.7699966430664,1.54
2014-12-26,172.06288146972656,91.23168182373047,112.7699966430664,1.52
2014-12-26,172.61773681640625,91.57023620605469,114.83000183105469,1.52
2014-12-29,172.61773681640625,91.57023620605469,114.83000183105469,1.5
2014-12-29,172.8495330810547,92.25466918945312,113.66999816894531,1.5
2014-12-30,172.8495330810547,92.25466918945312,113.66999816894531,1.51
2014-12-30,171.9220733642578,92.50497436523438,115.19999694824219,1.51
2014-12-31,171.9220733642578,92.50497436523438,115.19999694824219,1.5
2014-12-31,170.216064453125,92.68160247802734,113.58000183105469,1.5
2015-01-02,170.216064453125,92.68160247802734,113.58000183105469,1.46
2015-01-02,170.12498474121094,93.71208190917969,114.08000183105469,1.46
2015-01-05,170.12498474121094,93.71208190917969,114.08000183105469,1.36
2015-01-05,167.05259704589844,95.18417358398438,115.80000305175781,1.36
2015-01-06,167.05259704589844,95.18417358398438,115.80000305175781,1.32
2015-01-06,165.47914123535156,96.89909362792969,117.12000274658203,1.32
2015-01-07,165.47914123535156,96.89909362792969,117.12000274658203,1.34
2015-01-07,167.5411834716797,96.70775604248047,116.43000030517578,1.34
2015-01-08,167.5411834716797,96.70775604248047,116.43000030517578,1.41
2015-01-08,170.51416015625,95.42705535888672,115.94000244140625,1.41
2015-01-09,170.51416015625,95.42705535888672,115.94000244140625,1.39
2015-01-09,169.14781188964844,96.47225952148438,117.26000213623047,1.39
2015-01-12,169.14781188964844,96.47225952148438,117.26000213623047,1.36
2015-01-12,167.82275390625,97.02424621582031,118.55999755859375,1.36
2015-01-13,167.82275390625,97.02424621582031,118.55999755859375,1.37
2015-01-13,167.35076904296875,97.02424621582031,118.16000366210938,1.37
2015-01-14,167.35076904296875,97.02424621582031,118.16000366210938,1.35
2015-01-14,166.3403778076172,97.76026153564453,117.97000122070312,1.35
2015-01-15,166.3403778076172,97.76026153564453,117.97000122070312,1.33
2015-01-15,164.816650390625,99.2985610961914,120.94000244140625,1.33
2015-01-16,164.816650390625,99.2985610961914,120.94000244140625,1.34
2015-01-16,166.9780731201172,98.03263854980469,122.5199966430664,1.34
2015-01-20,166.9780731201172,98.03263854980469,122.5199966430664,1.29
2015-01-20,167.3341827392578,99.33541870117188,124.19999694824219,1.29
2015-01-21,167.3341827392578,99.33541870117188,124.19999694824219,1.34
2015-01-21,168.17884826660156,98.18717956542969,124.2300033569336,1.34
2015-01-22,168.17884826660156,98.18717956542969,124.2300033569336,1.37
2015-01-22,170.67984008789062,97.83386993408203,125.2300033569336,1.37
2015-01-23,170.67984008789062,97.83386993408203,125.2300033569336,1.29
2015-01-23,169.7440643310547,99.195556640625,124.2300033569336,1.29
2015-01-26,169.7440643310547,99.195556640625,124.2300033569336,1.29
2015-01-26,170.1415557861328,98.89375305175781,122.98999786376953,1.29
2015-01-27,170.1415557861328,98.89375305175781,122.98999786376953,1.29
2015-01-27,167.8972930908203,99.04834747314453,124.4000015258789,1.29
2015-01-28,167.8972930908203,99.04834747314453,124.4000015258789,1.23
2015-01-28,165.74415588378906,100.6676025390625,123.41999816894531,1.23
2015-01-29,165.74415588378906,100.6676025390625,123.41999816894531,1.26
2015-01-29,167.27621459960938,100.00518035888672,120.76000213623047,1.26
2015-01-30,167.27621459960938,100.00518035888672,120.76000213623047,1.21
2015-01-30,165.1727294921875,101.77899932861328,123.44999694824219,1.21
2015-02-02,165.1727294921875,101.77899932861328,123.44999694824219,1.19
2015-02-02,167.21820068359375,101.39476776123047,122.41999816894531,1.19
2015-02-03,167.21820068359375,101.39476776123047,122.41999816894531,1.27
2015-02-03,169.6364288330078,99.2486343383789,121.05000305175781,1.27
2015-02-04,169.6364288330078,99.2486343383789,121.05000305175781,1.29
2015-02-04,168.9904327392578,99.41822814941406,121.58000183105469,1.29
2015-02-05,168.9904327392578,99.41822814941406,121.58000183105469,1.31
2015-02-05,170.69642639160156,98.32666778564453,121.79000091552734,1.31
2015-02-06,170.69642639160156,98.32666778564453,121.79000091552734,1.3
2015-02-06,170.22438049316406,96.58611297607422,118.63999938964844,1.3
2015-02-09,170.22438049316406,96.58611297607422,118.63999938964844,1.31
2015-02-09,169.46253967285156,96.43125915527344,119.16999816894531,1.31
2015-02-10,169.46253967285156,96.43125915527344,119.16999816894531,1.34
2015-02-10,171.26783752441406,95.66423797607422,118.47000122070312,1.34
2015-02-11,171.26783752441406,95.66423797607422,118.47000122070312,1.33
2015-02-11,171.3672332763672,95.84124755859375,117.06999969482422,1.33
2015-02-12,171.3672332763672,95.84124755859375,117.06999969482422,1.38
2015-02-12,173.01522827148438,95.52410125732422,117.33999633789062,1.38
2015-02-13,173.01522827148438,95.52410125732422,117.33999633789062,1.36
2015-02-13,173.72738647460938,94.54318237304688,117.9800033569336,1.36
2015-02-17,173.72738647460938,94.54318237304688,117.9800033569336,1.44
2015-02-17,174.00071716308594,93.1197738647461,116.01000213623047,1.44
2015-02-18,174.00071716308594,93.1197738647461,116.01000213623047,1.45
2015-02-18,174.0172119140625,93.67289733886719,116.33999633789062,1.45
2015-02-19,174.0172119140625,93.67289733886719,116.33999633789062,1.44
2015-02-19,173.89308166503906,93.05338287353516,115.94000244140625,1.44
2015-02-20,173.89308166503906,93.05338287353516,115.94000244140625,1.46
2015-02-20,174.9365234375,93.3262710571289,115.27999877929688,1.46
2015-02-23,174.9365234375,93.3262710571289,115.27999877929688,1.42
2015-02-23,174.9116973876953,94.39566040039062,115.43000030517578,1.42
2015-02-24,174.9116973876953,94.39566040039062,115.43000030517578,1.39
2015-02-24,175.4085235595703,95.63471984863281,115.26000213623047,1.39
2015-02-25,175.4085235595703,95.63471984863281,115.26000213623047,1.35
2015-02-25,175.25950622558594,96.04772186279297,115.69999694824219,1.35
2015-02-26,175.25950622558594,96.04772186279297,115.69999694824219,1.37
2015-02-26,175.05239868164062,94.73491668701172,116.06999969482422,1.37
2015-02-27,175.05239868164062,94.73491668701172,116.06999969482422,1.37
2015-02-27,174.45614624023438,95.53146362304688,116.16000366210938,1.37
2015-03-02,174.45614624023438,95.53146362304688,116.16000366210938,1.42
2015-03-02,175.55760192871094,93.75203704833984,115.68000030517578,1.42
2015-03-03,175.55760192871094,93.75203704833984,115.68000030517578,1.44
2015-03-03,174.83712768554688,93.41211700439453,115.47000122070312,1.44
2015-03-04,174.83712768554688,93.41211700439453,115.47000122070312,1.46
2015-03-04,174.10008239746094,93.44170379638672,115.11000061035156,1.46
2015-03-05,174.10008239746094,93.44170379638672,115.11000061035156,1.46
2015-03-05,174.29054260253906,93.32345581054688,115.0,1.46
2015-03-06,174.29054260253906,93.32345581054688,115.0,1.51
2015-03-06,171.8393096923828,91.26177215576172,111.86000061035156,1.51
2015-03-09,171.8393096923828,91.26177215576172,111.86000061035156,1.5
2015-03-09,172.55145263671875,92.10417175292969,111.97000122070312,1.5
2015-03-10,172.55145263671875,92.10417175292969,111.97000122070312,1.44
2015-03-10,169.7523193359375,93.31602478027344,111.41999816894531,1.44
2015-03-11,169.7523193359375,93.31602478027344,111.41999816894531,1.41
2015-03-11,169.35482788085938,93.99594116210938,110.75,1.41
2015-03-12,169.35482788085938,93.99594116210938,110.75,1.43
2015-03-12,171.50799560546875,93.92938232421875,110.72000122070312,1.43
2015-03-13,171.50799560546875,93.92938232421875,110.72000122070312,1.45
2015-03-13,170.45626831054688,93.64119720458984,110.87999725341797,1.45
2015-03-16,170.45626831054688,93.64119720458984,110.87999725341797,1.44
2015-03-16,172.73367309570312,94.5427474975586,110.80999755859375,1.44
2015-03-17,172.73367309570312,94.5427474975586,110.80999755859375,1.36
2015-03-17,172.22024536132812,95.32603454589844,110.20999908447266,1.36
2015-03-18,172.22024536132812,95.32603454589844,110.20999908447266,1.36
2015-03-18,174.29054260253906,97.16598510742188,112.37000274658203,1.36
2015-03-19,174.29054260253906,97.16598510742188,112.37000274658203,1.35
2015-03-19,173.4955291748047,96.67095947265625,112.29000091552734,1.35
2015-03-20,173.4955291748047,96.67095947265625,112.29000091552734,1.33
2015-03-20,175.02696228027344,97.18083953857422,113.56999969482422,1.33
2015-03-23,175.02696228027344,97.18083953857422,113.56999969482422,1.32
2015-03-23,174.68589782714844,97.06259155273438,114.29000091552734,1.32
2015-03-24,174.68589782714844,97.06259155273438,114.29000091552734,1.3
2015-03-24,173.70437622070312,98.0011215209961,114.56999969482422,1.3
2015-03-25,173.70437622070312,98.0011215209961,114.56999969482422,1.34
2015-03-25,171.15890502929688,97.17344665527344,114.7300033569336,1.34
2015-03-26,171.15890502929688,97.17344665527344,114.7300033569336,1.4
2015-03-26,170.7512969970703,95.6585693359375,115.4800033569336,1.4
2015-03-27,170.7512969970703,95.6585693359375,115.4800033569336,1.37
2015-03-27,171.14231872558594,96.84832000732422,115.05999755859375,1.37
2015-03-30,171.14231872558594,96.84832000732422,115.05999755859375,1.38
2015-03-30,173.2301788330078,96.3679428100586,113.75,1.38
2015-03-31,173.2301788330078,96.3679428100586,113.75,1.38
2015-03-31,171.71621704101562,96.57489013671875,113.66000366210938,1.38
2015-04-01,171.71621704101562,96.57489013671875,113.66000366210938,1.32
2015-04-01,171.1090087890625,97.8433837890625,115.5999984741211,1.32
2015-04-02,171.1090087890625,97.8433837890625,115.5999984741211,1.37
2015-04-02,171.72451782226562,96.806640625,115.27999877929688,1.37
2015-04-03,171.72451782226562,96.806640625,115.27999877929688,1.36
2015-04-06,171.72451782226562,96.806640625,115.27999877929688,1.41
2015-04-06,172.8808135986328,96.2660903930664,116.69000244140625,1.41
2015-04-07,172.8808135986328,96.2660903930664,116.69000244140625,1.37
2015-04-07,172.42335510253906,97.0732421875,116.11000061035156,1.37
2015-04-08,172.42335510253906,97.0732421875,116.11000061035156,1.38
2015-04-08,173.0055694580078,97.10285949707031,115.47000122070312,1.38
2015-04-09,173.0055694580078,97.10285949707031,115.47000122070312,1.41
2015-04-09,173.77088928222656,95.8439712524414,114.66999816894531,1.41
2015-04-10,173.77088928222656,95.8439712524414,114.66999816894531,1.39
2015-04-10,174.71920776367188,95.98464965820312,115.97000122070312,1.39
2015-04-13,174.71920776367188,95.98464965820312,115.97000122070312,1.4
2015-04-13,173.92892456054688,96.11799621582031,115.13999938964844,1.4
2015-04-14,173.92892456054688,96.11799621582031,115.13999938964844,1.37
2015-04-14,174.2616424560547,96.79924011230469,114.44000244140625,1.37
2015-04-15,174.2616424560547,96.79924011230469,114.44000244140625,1.4
2015-04-15,175.04359436035156,96.7177963256836,115.43000030517578,1.4
2015-04-16,175.04359436035156,96.7177963256836,115.43000030517578,1.4
2015-04-16,174.99368286132812,96.23648071289062,115.02999877929688,1.4
2015-04-17,174.99368286132812,96.23648071289062,115.02999877929688,1.36
2015-04-17,172.9806365966797,97.33977508544922,115.5999984741211,1.36
2015-04-20,172.9806365966797,97.33977508544922,115.5999984741211,1.35
2015-04-20,174.56117248535156,96.48082733154297,114.72000122070312,1.35
2015-04-21,174.56117248535156,96.48082733154297,114.72000122070312,1.37
2015-04-21,174.35311889648438,96.04397583007812,115.37999725341797,1.37
2015-04-22,174.35311889648438,96.04397583007812,115.37999725341797,1.42
2015-04-22,175.2099609375,94.57772827148438,113.83000183105469,1.42
2015-04-23,175.2099609375,94.57772827148438,113.83000183105469,1.41
2015-04-23,175.65081787109375,94.98500061035156,114.66000366210938,1.41
2015-04-24,175.65081787109375,94.98500061035156,114.66000366210938,1.39
2015-04-24,176.05844116210938,95.5774154663086,113.05000305175781,1.39
2015-04-27,176.05844116210938,95.5774154663086,113.05000305175781,1.4
2015-04-27,175.32644653320312,95.5774154663086,115.33000183105469,1.4
2015-04-28,175.32644653320312,95.5774154663086,115.33000183105469,1.44
2015-04-28,175.8837432861328,94.2593002319336,116.33000183105469,1.44
2015-04-29,175.8837432861328,94.2593002319336,116.33000183105469,1.5
2015-04-29,175.1600341796875,93.1041259765625,115.51000213623047,1.5
2015-04-30,175.1600341796875,93.1041259765625,115.51000213623047,1.47
2015-04-30,173.40492248535156,93.26703643798828,113.47000122070312,1.47
2015-05-01,173.40492248535156,93.26703643798828,113.47000122070312,1.52
2015-05-01,175.2848358154297,92.01150512695312,113.08000183105469,1.52
2015-05-04,175.2848358154297,92.01150512695312,113.08000183105469,1.56
2015-05-04,175.783935546875,91.14334869384766,114.0999984741211,1.56
2015-05-05,175.783935546875,91.14334869384766,114.0999984741211,1.57
2015-05-05,173.77088928222656,91.0172119140625,114.41999816894531,1.57
2015-05-06,173.77088928222656,91.0172119140625,114.41999816894531,1.6
2015-05-06,173.05552673339844,89.458984375,114.36000061035156,1.6
2015-05-07,173.05552673339844,89.458984375,114.36000061035156,1.55
2015-05-07,173.74588012695312,90.66102600097656,113.41999816894531,1.55
2015-05-08,173.74588012695312,90.66102600097656,113.41999816894531,1.57
2015-05-08,176.0334930419922,90.90586853027344,113.97000122070312,1.57
2015-05-11,176.0334930419922,90.90586853027344,113.97000122070312,1.66
2015-05-11,175.193359375,88.6947021484375,113.52999877929688,1.66
2015-05-12,175.193359375,88.6947021484375,113.52999877929688,1.67
2015-05-12,174.66928100585938,88.9246826171875,114.5,1.67
2015-05-13,174.66928100585938,88.9246826171875,114.5,1.68
2015-05-13,174.7025909423828,88.21231079101562,116.55000305175781,1.68
2015-05-14,174.7025909423828,88.21231079101562,116.55000305175781,1.67
2015-05-14,176.5242462158203,88.44976806640625,117.18000030517578,1.67
2015-05-15,176.5242462158203,88.44976806640625,117.18000030517578,1.59
2015-05-15,176.71559143066406,90.22325897216797,117.52999877929688,1.59
2015-05-18,176.71559143066406,90.22325897216797,117.52999877929688,1.65
2015-05-18,177.2646026611328,88.70952606201172,117.5199966430664,1.65
2015-05-19,177.2646026611328,88.70952606201172,117.5199966430664,1.64
2015-05-19,177.2063751220703,87.92295837402344,115.88999938964844,1.64
2015-05-20,177.2063751220703,87.92295837402344,115.88999938964844,1.66
2015-05-20,177.0816192626953,88.07132720947266,116.08000183105469,1.66
2015-05-21,177.0816192626953,88.07132720947266,116.08000183105469,1.59
2015-05-21,177.5973663330078,89.3031005859375,115.69000244140625,1.59
2015-05-22,177.5973663330078,89.3031005859375,115.69000244140625,1.57
2015-05-22,177.1731414794922,89.3401870727539,115.5999984741211,1.57
2015-05-26,177.1731414794922,89.3401870727539,115.5999984741211,1.5
2015-05-26,175.2682342529297,90.8687973022461,113.91000366210938,1.5
2015-05-27,175.2682342529297,90.8687973022461,113.91000366210938,1.5
2015-05-27,176.93191528320312,91.0765609741211,113.88999938964844,1.5
2015-05-28,176.93191528320312,91.0765609741211,113.88999938964844,1.51
2015-05-28,176.7322540283203,90.85394287109375,114.0199966430664,1.51
2015-05-29,176.7322540283203,90.85394287109375,114.0199966430664,1.51
2015-05-29,175.63414001464844,91.05426788330078,114.0999984741211,1.51
2015-06-01,175.63414001464844,91.05426788330078,114.0999984741211,1.55
2015-06-01,175.99191284179688,90.07568359375,114.0,1.55
2015-06-02,175.99191284179688,90.07568359375,114.0,1.63
2015-06-02,175.81719970703125,88.81897735595703,114.45999908447266,1.63
2015-06-03,175.81719970703125,88.81897735595703,114.45999908447266,1.69
2015-06-03,176.28298950195312,87.39118194580078,113.63999938964844,1.69
2015-06-04,176.28298950195312,87.39118194580078,113.63999938964844,1.65
2015-06-04,174.79403686523438,88.5289306640625,112.83999633789062,1.65
2015-06-05,174.79403686523438,88.5289306640625,112.83999633789062,1.68
2015-06-05,174.49456787109375,87.45067596435547,112.23999786376953,1.68
2015-06-08,174.49456787109375,87.45067596435547,112.23999786376953,1.69
2015-06-08,173.4215087890625,87.35395812988281,112.56999969482422,1.69
2015-06-09,173.4215087890625,87.35395812988281,112.56999969482422,1.7
2015-06-09,173.3965606689453,86.66246795654297,112.81999969482422,1.7
2015-06-10,173.3965606689453,86.66246795654297,112.81999969482422,1.75
2015-06-10,175.4761962890625,85.90396118164062,113.77999877929688,1.75
2015-06-11,175.4761962890625,85.90396118164062,113.77999877929688,1.66
2015-06-11,176.0417938232422,87.7109146118164,113.26000213623047,1.66
2015-06-12,176.0417938232422,87.7109146118164,113.26000213623047,1.65
2015-06-12,174.69427490234375,87.7109146118164,113.2300033569336,1.65
2015-06-15,174.69427490234375,87.7109146118164,113.2300033569336,1.64
2015-06-15,173.9455108642578,87.85228729248047,113.7300033569336,1.64
2015-06-16,173.9455108642578,87.85228729248047,113.7300033569336,1.61
2015-06-16,174.89385986328125,88.5438461303711,113.31999969482422,1.61
2015-06-17,174.89385986328125,88.5438461303711,113.31999969482422,1.65
2015-06-17,175.1767120361328,87.85967254638672,113.8499984741211,1.65
2015-06-18,175.1767120361328,87.85967254638672,113.8499984741211,1.69
2015-06-18,176.99839782714844,87.4283447265625,115.31999969482422,1.69
2015-06-19,176.99839782714844,87.4283447265625,115.31999969482422,1.61
2015-06-19,176.2126922607422,88.55128479003906,115.12000274658203,1.61
2015-06-22,176.2126922607422,88.55128479003906,115.12000274658203,1.69
2015-06-22,177.11544799804688,86.74427032470703,113.63999938964844,1.69
2015-06-23,177.11544799804688,86.74427032470703,113.63999938964844,1.72
2015-06-23,177.24081420898438,86.22370147705078,112.88999938964844,1.72
2015-06-24,177.24081420898438,86.22370147705078,112.88999938964844,1.7
2015-06-24,175.9535369873047,86.96733093261719,112.58999633789062,1.7
2015-06-25,175.9535369873047,86.96733093261719,112.58999633789062,1.72
2015-06-25,175.4186248779297,86.66246795654297,112.44000244140625,1.72
2015-06-26,175.4186248779297,86.66246795654297,112.44000244140625,1.77
2015-06-26,175.3851776123047,85.68831634521484,112.55999755859375,1.77
2015-06-29,175.3851776123047,85.68831634521484,112.55999755859375,1.69
2015-06-29,171.70726013183594,87.95632934570312,113.06999969482422,1.69
2015-06-30,171.70726013183594,87.95632934570312,113.06999969482422,1.71
2015-06-30,172.0667266845703,87.34654235839844,112.37000274658203,1.71
2015-07-01,172.0667266845703,87.34654235839844,112.37000274658203,1.74
2015-07-01,173.4459228515625,86.16755676269531,111.9800033569336,1.74
2015-07-02,173.4459228515625,86.16755676269531,111.9800033569336,1.76
2015-07-02,173.28707885742188,86.45075225830078,111.76000213623047,1.76
2015-07-06,173.28707885742188,86.45075225830078,111.76000213623047,1.7
2015-07-06,172.79388427734375,88.05309295654297,112.05999755859375,1.7
2015-07-07,172.79388427734375,88.05309295654297,112.05999755859375,1.69
2015-07-07,173.8805389404297,88.88033294677734,110.76000213623047,1.69
2015-07-08,173.8805389404297,88.88033294677734,110.76000213623047,1.67
2015-07-08,170.96334838867188,89.64793395996094,111.08999633789062,1.67
2015-07-09,170.96334838867188,89.64793395996094,111.08999633789062,1.72
2015-07-09,171.27264404296875,87.88166809082031,111.36000061035156,1.72
2015-07-10,171.27264404296875,87.88166809082031,111.36000061035156,1.77
2015-07-10,173.42918395996094,86.48799133300781,111.48999786376953,1.77
2015-07-13,173.42918395996094,86.48799133300781,111.48999786376953,1.75
2015-07-13,175.3433380126953,86.21974182128906,110.98999786376953,1.75
2015-07-14,175.3433380126953,86.21974182128906,110.98999786376953,1.75
2015-07-14,176.10398864746094,86.50293731689453,110.73999786376953,1.75
2015-07-15,176.10398864746094,86.50293731689453,110.73999786376953,1.72
2015-07-15,176.04550170898438,87.41961669921875,110.16000366210938,1.72
2015-07-16,176.04550170898438,87.41961669921875,110.16000366210938,1.69
2015-07-16,177.45816040039062,88.02333068847656,109.76000213623047,1.69
2015-07-17,177.45816040039062,88.02333068847656,109.76000213623047,1.66
2015-07-17,177.6085968017578,88.47786712646484,108.6500015258789,1.66
2015-07-20,177.6085968017578,88.47786712646484,108.6500015258789,1.67
2015-07-20,177.7005615234375,88.10523986816406,105.69999694824219,1.67
2015-07-21,177.7005615234375,88.10523986816406,105.69999694824219,1.64
2015-07-21,176.99838256835938,88.5822525024414,105.37000274658203,1.64
2015-07-22,176.99838256835938,88.5822525024414,105.37000274658203,1.58
2015-07-22,176.68080139160156,89.13372039794922,104.80000305175781,1.58
2015-07-23,176.68080139160156,89.13372039794922,104.80000305175781,1.57
2015-07-23,175.68609619140625,90.24415588378906,104.33000183105469,1.57
2015-07-24,175.68609619140625,90.24415588378906,104.33000183105469,1.57
2015-07-24,173.86383056640625,90.46774291992188,105.3499984741211,1.57
2015-07-27,173.86383056640625,90.46774291992188,105.3499984741211,1.55
2015-07-27,172.85240173339844,90.95217895507812,104.86000061035156,1.55
2015-07-28,172.85240173339844,90.95217895507812,104.86000061035156,1.57
2015-07-28,174.9755401611328,90.28885650634766,105.0199966430664,1.57
2015-07-29,174.9755401611328,90.28885650634766,105.0199966430664,1.59
2015-07-29,176.1792449951172,89.95353698730469,105.16999816894531,1.59
2015-07-30,176.1792449951172,89.95353698730469,105.16999816894531,1.56
2015-07-30,176.22100830078125,90.64662170410156,104.2699966430664,1.56
2015-07-31,176.22100830078125,90.64662170410156,104.2699966430664,1.53
2015-07-31,175.9535369873047,91.31736755371094,104.93000030517578,1.53
2015-08-03,175.9535369873047,91.31736755371094,104.93000030517578,1.48
2015-08-03,175.3600616455078,92.27862548828125,104.0999984741211,1.48
2015-08-04,175.3600616455078,92.27862548828125,104.0999984741211,1.49
2015-08-04,175.0173797607422,91.54660034179688,104.30999755859375,1.49
2015-08-05,175.0173797607422,91.54660034179688,104.30999755859375,1.55
2015-08-05,175.5941162109375,90.85950469970703,103.93000030517578,1.55
2015-08-06,175.5941162109375,90.85950469970703,103.93000030517578,1.52
2015-08-06,174.15643310546875,91.66615295410156,104.38999938964844,1.52
2015-08-07,174.15643310546875,91.66615295410156,104.38999938964844,1.45
2015-08-07,173.82205200195312,92.8686294555664,104.6500015258789,1.45
2015-08-10,173.82205200195312,92.8686294555664,104.6500015258789,1.51
2015-08-10,176.0120086669922,91.71843719482422,105.72000122070312,1.51
2015-08-11,176.0120086669922,91.71843719482422,105.72000122070312,1.47
2015-08-11,174.42388916015625,93.17488098144531,106.26000213623047,1.47
2015-08-12,174.42388916015625,93.17488098144531,106.26000213623047,1.47
2015-08-12,174.6328125,92.6669921875,107.75,1.47
2015-08-13,174.6328125,92.6669921875,107.75,1.47
2015-08-13,174.4155731201172,92.36821746826172,106.86000061035156,1.47
2015-08-14,174.4155731201172,92.36821746826172,106.86000061035156,1.47
2015-08-14,175.05079650878906,92.58479309082031,106.8499984741211,1.47
2015-08-17,175.05079650878906,92.58479309082031,106.8499984741211,1.44
2015-08-17,176.0287628173828,93.00305938720703,107.12999725341797,1.44
2015-08-18,176.0287628173828,93.00305938720703,107.12999725341797,1.46
2015-08-18,175.51890563964844,92.27112579345703,107.11000061035156,1.46
2015-08-19,175.51890563964844,92.27112579345703,107.11000061035156,1.45
2015-08-19,174.13134765625,93.18235778808594,108.55000305175781,1.45
2015-08-20,174.13134765625,93.18235778808594,108.55000305175781,1.4
2015-08-20,170.4952392578125,94.12340545654297,110.44000244140625,1.4
2015-08-21,170.4952392578125,94.12340545654297,110.44000244140625,1.41
2015-08-21,165.3629150390625,94.4072494506836,111.12999725341797,1.41
2015-08-24,165.3629150390625,94.4072494506836,111.12999725341797,1.42
2015-08-24,158.4000244140625,94.37736511230469,110.52999877929688,1.42
2015-08-25,158.4000244140625,94.37736511230469,110.52999877929688,1.45
2015-08-25,156.5359649658203,92.86114501953125,109.16000366210938,1.45
2015-08-26,156.5359649658203,92.86114501953125,109.16000366210938,1.51
2015-08-26,162.5459747314453,91.06859588623047,107.66999816894531,1.51
2015-08-27,162.5459747314453,91.06859588623047,107.66999816894531,1.5
2015-08-27,166.56661987304688,91.12091827392578,107.7300033569336,1.5
2015-08-28,166.56661987304688,91.12091827392578,107.7300033569336,1.47
2015-08-28,166.57492065429688,91.38978576660156,108.69999694824219,1.47
2015-08-31,166.57492065429688,91.38978576660156,108.69999694824219,1.47
2015-08-31,165.22915649414062,90.68769836425781,108.81999969482422,1.47
2015-09-01,165.22915649414062,90.68769836425781,108.81999969482422,1.47
2015-09-01,160.2974853515625,91.34121704101562,109.19999694824219,1.47
2015-09-02,160.2974853515625,91.34121704101562,109.19999694824219,1.48
2015-09-02,163.3400421142578,90.55525207519531,108.62000274658203,1.48
2015-09-03,163.3400421142578,90.55525207519531,108.62000274658203,1.47
2015-09-03,163.4570770263672,90.99687957763672,107.83999633789062,1.47
2015-09-04,163.4570770263672,90.99687957763672,107.83999633789062,1.42
2015-09-04,160.9828643798828,91.82768249511719,107.48999786376953,1.42
2015-09-08,160.9828643798828,91.82768249511719,107.48999786376953,1.46
2015-09-08,165.028564453125,90.47289276123047,107.5199966430664,1.46
2015-09-09,165.028564453125,90.47289276123047,107.5199966430664,1.46
2015-09-09,162.82179260253906,90.90701293945312,106.12999725341797,1.46
2015-09-10,162.82179260253906,90.90701293945312,106.12999725341797,1.48
2015-09-10,163.70785522460938,90.29325103759766,106.37999725341797,1.48
2015-09-11,163.70785522460938,90.29325103759766,106.37999725341797,1.49
2015-09-11,164.45176696777344,90.86209106445312,106.16000366210938,1.49
2015-09-14,164.45176696777344,90.86209106445312,106.16000366210938,1.45
2015-09-14,163.8415985107422,91.00434875488281,106.22000122070312,1.45
2015-09-15,163.8415985107422,91.00434875488281,106.22000122070312,1.46
2015-09-15,165.88949584960938,89.26025390625,105.9000015258789,1.46
2015-09-16,165.88949584960938,89.26025390625,105.9000015258789,1.48
2015-09-16,167.3271942138672,88.9234848022461,107.30999755859375,1.48
2015-09-17,167.3271942138672,88.9234848022461,107.30999755859375,1.51
2015-09-17,166.95111083984375,90.00880432128906,108.41000366210938,1.51
2015-09-18,166.95111083984375,90.00880432128906,108.41000366210938,1.44
2015-09-18,164.2228546142578,91.39359283447266,109.20999908447266,1.44
2015-09-21,164.2228546142578,91.39359283447266,109.20999908447266,1.48
2015-09-21,165.0714874267578,89.9040298461914,108.52999877929688,1.48
2015-09-22,165.0714874267578,89.9040298461914,108.52999877929688,1.45
2015-09-22,162.92884826660156,91.1540298461914,107.79000091552734,1.45
2015-09-23,162.92884826660156,91.1540298461914,107.79000091552734,1.46
2015-09-23,162.66844177246094,91.14656066894531,108.22000122070312,1.46
2015-09-24,162.66844177246094,91.14656066894531,108.22000122070312,1.46
2015-09-24,162.0802764892578,91.767822265625,110.48999786376953,1.46
2015-09-25,162.0802764892578,91.767822265625,110.48999786376953,1.47
2015-09-25,162.0382537841797,90.97438049316406,109.80999755859375,1.47
2015-09-28,162.0382537841797,90.97438049316406,109.80999755859375,1.43
2015-09-28,157.97152709960938,92.53130340576172,108.41999816894531,1.43
2015-09-29,157.97152709960938,92.53130340576172,108.41999816894531,1.41
2015-09-29,158.06387329101562,92.79325866699219,107.9800033569336,1.41
2015-09-30,158.06387329101562,92.79325866699219,107.9800033569336,1.42
2015-09-30,161.01321411132812,92.47142028808594,106.86000061035156,1.42
2015-10-01,161.01321411132812,92.47142028808594,106.86000061035156,1.41
2015-10-01,161.43328857421875,92.8659439086914,106.7300033569336,1.41
2015-10-02,161.43328857421875,92.8659439086914,106.7300033569336,1.41
2015-10-02,163.84475708007812,93.42852020263672,108.98999786376953,1.41
2015-10-05,163.84475708007812,93.42852020263672,108.98999786376953,1.46
2015-10-05,166.76039123535156,92.16089630126953,108.7699966430664,1.46
2015-10-06,166.76039123535156,92.16089630126953,108.7699966430664,1.44
2015-10-06,166.18896484375,92.5584487915039,109.86000061035156,1.44
2015-10-07,166.18896484375,92.5584487915039,109.86000061035156,1.43
2015-10-07,167.5501708984375,92.25090026855469,109.69999694824219,1.43
2015-10-08,167.5501708984375,92.25090026855469,109.69999694824219,1.47
2015-10-08,169.0625762939453,91.47832489013672,109.13999938964844,1.47
2015-10-09,169.0625762939453,91.47832489013672,109.13999938964844,1.47
2015-10-09,169.16339111328125,91.71834564208984,110.87000274658203,1.47
2015-10-12,169.32310485839844,92.41588592529297,111.30999755859375,1.47
2015-10-13,169.32310485839844,92.41588592529297,111.30999755859375,1.42
2015-10-13,168.25595092773438,92.57347106933594,111.86000061035156,1.42
2015-10-14,168.25595092773438,92.57347106933594,111.86000061035156,1.42
2015-10-14,167.4493408203125,93.38349151611328,113.80999755859375,1.42
2015-10-15,167.4493408203125,93.38349151611328,113.80999755859375,1.43
2015-10-15,170.02044677734375,92.92597961425781,113.29000091552734,1.43
2015-10-16,170.02044677734375,92.92597961425781,113.29000091552734,1.43
2015-10-16,170.79344177246094,92.9559555053711,112.48999786376953,1.43
2015-10-19,170.79344177246094,92.9559555053711,112.48999786376953,1.43
2015-10-19,170.87745666503906,92.70094299316406,112.0199966430664,1.43
2015-10-20,170.87745666503906,92.70094299316406,112.0199966430664,1.42
2015-10-20,170.65899658203125,92.13086700439453,112.7300033569336,1.42
2015-10-21,170.65899658203125,92.13086700439453,112.7300033569336,1.4
2015-10-21,169.600341796875,93.04602813720703,111.7300033569336,1.4
2015-10-22,169.600341796875,93.04602813720703,111.7300033569336,1.43
2015-10-22,172.46546936035156,93.20347595214844,111.69000244140625,1.43
2015-10-23,172.46546936035156,93.20347595214844,111.69000244140625,1.43
2015-10-23,174.3560028076172,92.40839385986328,111.5,1.43
2015-10-26,174.3560028076172,92.40839385986328,111.5,1.41
2015-10-26,173.927490234375,93.02348327636719,111.43000030517578,1.41
2015-10-27,173.927490234375,93.02348327636719,111.43000030517578,1.4
2015-10-27,173.59140014648438,93.2560043334961,111.68000030517578,1.4
2015-10-28,173.59140014648438,93.2560043334961,111.68000030517578,1.37
2015-10-28,175.5659637451172,92.88094329833984,110.77999877929688,1.37
2015-10-29,175.5659637451172,92.88094329833984,110.77999877929688,1.44
2015-10-29,175.465087890625,91.40331268310547,109.72000122070312,1.44
2015-10-30,175.465087890625,91.40331268310547,109.72000122070312,1.41
2015-10-30,174.708984375,92.0934066772461,109.30000305175781,1.41
2015-11-02,174.708984375,92.0934066772461,109.30000305175781,1.43
2015-11-02,176.77593994140625,91.67018127441406,108.58999633789062,1.43
2015-11-03,176.77593994140625,91.67018127441406,108.58999633789062,1.43
2015-11-03,177.28843688964844,90.91851043701172,106.9800033569336,1.43
2015-11-04,177.28843688964844,90.91851043701172,106.9800033569336,1.41
2015-11-04,176.7506561279297,91.02369689941406,105.97000122070312,1.41
2015-11-05,176.7506561279297,91.02369689941406,105.97000122070312,1.41
2015-11-05,176.57423400878906,90.78316497802734,105.63999938964844,1.41
2015-11-06,176.57423400878906,90.78316497802734,105.63999938964844,1.44
2015-11-06,176.48179626464844,89.45267486572266,104.0999984741211,1.44
2015-11-09,176.48179626464844,89.45267486572266,104.0999984741211,1.47
2015-11-09,174.8349609375,88.94901275634766,104.4000015258789,1.47
2015-11-10,174.8349609375,88.94901275634766,104.4000015258789,1.45
2015-11-10,175.23828125,89.2120590209961,104.18000030517578,1.45
2015-11-11,174.54925537109375,89.02417755126953,103.83000183105469,1.45
2015-11-12,174.54925537109375,89.02417755126953,103.83000183105469,1.43
2015-11-12,172.11260986328125,89.45267486572266,103.8499984741211,1.43
2015-11-13,172.11260986328125,89.45267486572266,103.8499984741211,1.42
2015-11-13,170.18008422851562,89.96382904052734,103.55999755859375,1.42
2015-11-16,170.18008422851562,89.96382904052734,103.55999755859375,1.39
2015-11-16,172.76795959472656,89.88107299804688,103.70999908447266,1.39
2015-11-17,172.76795959472656,89.88107299804688,103.70999908447266,1.39
2015-11-17,172.64195251464844,90.03144073486328,102.33999633789062,1.39
2015-11-18,172.64195251464844,90.03144073486328,102.33999633789062,1.37
2015-11-18,175.38108825683594,90.21939086914062,102.43000030517578,1.37
2015-11-19,175.38108825683594,90.21939086914062,102.43000030517578,1.33
2015-11-19,175.22987365722656,90.82073974609375,103.55999755859375,1.33
2015-11-20,175.22987365722656,90.82073974609375,103.55999755859375,1.33
2015-11-20,175.8684539794922,90.54264068603516,103.08999633789062,1.33
2015-11-23,175.8684539794922,90.54264068603516,103.08999633789062,1.31
2015-11-23,175.66677856445312,90.82073974609375,102.26000213623047,1.31
2015-11-24,175.66677856445312,90.82073974609375,102.26000213623047,1.31
2015-11-24,175.90206909179688,90.81320190429688,102.94000244140625,1.31
2015-11-25,175.90206909179688,90.81320190429688,102.94000244140625,1.3
2015-11-25,175.87684631347656,91.02369689941406,102.45999908447266,1.3
2015-11-27,175.87684631347656,91.02369689941406,102.45999908447266,1.3
2015-11-27,176.07846069335938,90.93354034423828,101.25,1.3
2015-11-30,176.07846069335938,90.93354034423828,101.25,1.27
2015-11-30,175.3474884033203,91.2943344116211,101.91999816894531,1.27
2015-12-01,175.3474884033203,91.2943344116211,101.91999816894531,1.24
2015-12-01,177.01951599121094,92.52745819091797,102.27999877929688,1.24
2015-12-02,177.01951599121094,92.52745819091797,102.27999877929688,1.24
2015-12-02,175.2130584716797,92.55757141113281,100.69000244140625,1.24
2015-12-03,175.2130584716797,92.55757141113281,100.69000244140625,1.37
2015-12-03,172.75958251953125,90.04161834716797,101.76000213623047,1.37
2015-12-04,172.75958251953125,90.04161834716797,101.76000213623047,1.32
2015-12-04,176.12889099121094,90.83251190185547,104.0199966430664,1.32
2015-12-07,176.12889099121094,90.83251190185547,104.0199966430664,1.29
2015-12-07,175.06182861328125,91.71390533447266,102.66999816894531,1.29
2015-12-08,175.06182861328125,91.71390533447266,102.66999816894531,1.3
2015-12-08,173.885498046875,91.75911712646484,102.83999633789062,1.3
2015-12-09,173.885498046875,91.75911712646484,102.83999633789062,1.29
2015-12-09,172.53268432617188,91.66116333007812,102.63999938964844,1.29
2015-12-10,172.53268432617188,91.66116333007812,102.63999938964844,1.29
2015-12-10,172.97801208496094,91.78169250488281,102.55000305175781,1.29
2015-12-11,172.97801208496094,91.78169250488281,102.55000305175781,1.25
2015-12-11,169.6255340576172,93.22803497314453,103.11000061035156,1.25
2015-12-14,169.6255340576172,93.22803497314453,103.11000061035156,1.26
2015-12-14,170.48255920410156,92.02276611328125,101.79000091552734,1.26
2015-12-15,170.48255920410156,92.02276611328125,101.79000091552734,1.3
2015-12-15,172.27224731445312,91.48036193847656,101.5199966430664,1.3
2015-12-16,172.27224731445312,91.48036193847656,101.5199966430664,1.28
2015-12-16,174.79295349121094,91.28458404541016,102.75,1.28
2015-12-17,174.79295349121094,91.28458404541016,102.75,1.24
2015-12-17,172.12942504882812,92.31658172607422,100.5,1.24
2015-12-18,172.12942504882812,92.31658172607422,100.5,1.22
2015-12-18,169.0629425048828,92.82878875732422,102.04000091552734,1.22
2015-12-21,169.0629425048828,92.82878875732422,102.04000091552734,1.24
2015-12-21,170.4575958251953,92.80612182617188,103.1500015258789,1.24
2015-12-22,170.4575958251953,92.80612182617188,103.1500015258789,1.25
2015-12-22,172.0043182373047,92.13578796386719,102.61000061035156,1.25
2015-12-23,172.0043182373047,92.13578796386719,102.61000061035156,1.26
2015-12-23,174.13429260253906,91.44271850585938,102.30999755859375,1.26
2015-12-24,174.13429260253906,91.44271850585938,102.30999755859375,1.22
2015-12-24,173.8469696044922,91.96659088134766,103.05000305175781,1.22
2015-12-28,173.8469696044922,91.96659088134766,103.05000305175781,1.19
2015-12-28,173.44964599609375,92.23838806152344,102.2699966430664,1.19
2015-12-29,173.44964599609375,92.23838806152344,102.2699966430664,1.23
2015-12-29,175.3007354736328,90.70596313476562,102.19999694824219,1.23
2015-12-30,175.3007354736328,90.70596313476562,102.19999694824219,1.23
2015-12-30,174.0581817626953,90.61539459228516,101.41999816894531,1.23
2015-12-31,174.0581817626953,90.61539459228516,101.41999816894531,1.21
2015-12-31,172.3170623779297,91.02299499511719,101.45999908447266,1.21
2016-01-04,172.3170623779297,91.02299499511719,101.45999908447266,1.22
2016-01-04,169.90818786621094,91.67976379394531,102.88999938964844,1.22
2016-01-05,169.90818786621094,91.67976379394531,102.88999938964844,1.21
2016-01-05,170.195556640625,91.30990600585938,103.18000030517578,1.21
2016-01-06,170.195556640625,91.30990600585938,103.18000030517578,1.19
2016-01-06,168.04861450195312,92.54027557373047,104.66999816894531,1.19
2016-01-07,168.04861450195312,92.54027557373047,104.66999816894531,1.2
2016-01-07,164.0169219970703,92.70636749267578,106.1500015258789,1.2
2016-01-08,164.0169219970703,92.70636749267578,106.1500015258789,1.19
2016-01-08,162.21652221679688,93.12158966064453,105.68000030517578,1.19
2016-01-11,162.21652221679688,93.12158966064453,105.68000030517578,1.23
2016-01-11,162.37713623046875,92.10250091552734,104.73999786376953,1.23
2016-01-12,162.37713623046875,92.10250091552734,104.73999786376953,1.19
2016-01-12,163.6873016357422,93.43106079101562,104.20999908447266,1.19
2016-01-13,163.6873016357422,93.43106079101562,104.20999908447266,1.17
2016-01-13,159.60482788085938,94.35197448730469,104.72000122070312,1.17
2016-01-14,159.60482788085938,94.35197448730469,104.72000122070312,1.2
2016-01-14,162.2249755859375,93.46885681152344,103.0199966430664,1.2
2016-01-15,162.2249755859375,93.46885681152344,103.0199966430664,1.18
2016-01-15,158.74264526367188,94.9257583618164,104.08000183105469,1.18
2016-01-19,158.74264526367188,94.9257583618164,104.08000183105469,1.18
2016-01-19,158.9539337158203,94.63130187988281,103.9800033569336,1.18
2016-01-20,158.9539337158203,94.63130187988281,103.9800033569336,1.16
2016-01-20,156.91696166992188,95.62774658203125,105.37000274658203,1.16
2016-01-21,156.91696166992188,95.62774658203125,105.37000274658203,1.18
2016-01-21,157.7960205078125,94.97857666015625,105.48999786376953,1.18
2016-01-22,157.7960205078125,94.97857666015625,105.48999786376953,1.19
2016-01-22,161.03323364257812,94.61622619628906,105.0,1.19
2016-01-25,161.03323364257812,94.61622619628906,105.0,1.15
2016-01-25,158.59898376464844,95.12950897216797,106.08000183105469,1.15
2016-01-26,158.59898376464844,95.12950897216797,106.08000183105469,1.16
2016-01-26,160.76278686523438,95.17483520507812,107.29000091552734,1.16
2016-01-27,160.76278686523438,95.17483520507812,107.29000091552734,1.18
2016-01-27,159.01318359375,95.1522216796875,107.69000244140625,1.18
2016-01-28,159.01318359375,95.1522216796875,107.69000244140625,1.17
2016-01-28,159.84141540527344,95.28810119628906,106.54000091552734,1.17
2016-01-29,159.84141540527344,95.28810119628906,106.54000091552734,1.18
2016-01-29,163.7379608154297,96.09578704833984,106.94999694824219,1.18
2016-02-01,163.7379608154297,96.09578704833984,106.94999694824219,1.16
2016-02-01,163.67880249023438,95.80158996582031,108.05000305175781,1.16
2016-02-02,163.67880249023438,95.80158996582031,108.05000305175781,1.12
2016-02-02,160.7289581298828,97.57890319824219,108.08999633789062,1.12
2016-02-03,160.7289581298828,97.57890319824219,108.08999633789062,1.16
2016-02-03,161.6925506591797,96.76964569091797,109.25,1.16
2016-02-04,161.6925506591797,96.76964569091797,109.25,1.17
2016-02-04,161.94607543945312,97.23857879638672,110.56999969482422,1.17
2016-02-05,161.94607543945312,97.23857879638672,110.56999969482422,1.12
2016-02-05,158.8610076904297,97.3520278930664,112.31999969482422,1.12
2016-02-08,158.8610076904297,97.3520278930664,112.31999969482422,1.09
2016-02-08,156.7225341796875,99.44697570800781,113.83000183105469,1.09
2016-02-09,156.7225341796875,99.44697570800781,113.83000183105469,1.05
2016-02-09,156.73104858398438,99.55284881591797,113.58000183105469,1.05
2016-02-10,156.73104858398438,99.55284881591797,113.58000183105469,1.0
2016-02-10,156.59576416015625,100.43016052246094,114.45999908447266,1.0
2016-02-11,156.59576416015625,100.43016052246094,114.45999908447266,0.99
2016-02-11,154.5587615966797,101.13356018066406,119.05999755859375,0.99
2016-02-12,154.5587615966797,101.13356018066406,119.05999755859375,1.03
2016-02-12,157.7452850341797,99.45455932617188,118.36000061035156,1.03
2016-02-16,157.7452850341797,99.45455932617188,118.36000061035156,1.04
2016-02-16,160.40777587890625,98.40328216552734,114.7699966430664,1.04
2016-02-17,160.40777587890625,98.40328216552734,114.7699966430664,1.07
2016-02-17,163.02798461914062,97.79823303222656,115.4800033569336,1.07
2016-02-18,163.02798461914062,97.79823303222656,115.4800033569336,1.04
2016-02-18,162.36019897460938,99.00072479248047,118.29000091552734,1.04
2016-02-19,162.36019897460938,99.00072479248047,118.29000091552734,1.0
2016-02-19,162.28419494628906,99.08395385742188,117.58000183105469,1.0
2016-02-22,162.28419494628906,99.08395385742188,117.58000183105469,0.99
2016-02-22,164.63397216796875,99.03101348876953,115.48999786376953,0.99
2016-02-23,164.63397216796875,99.03101348876953,115.48999786376953,0.98
2016-02-23,162.55465698242188,99.43187713623047,117.22000122070312,0.98
2016-02-24,162.55465698242188,99.43187713623047,117.22000122070312,1.0
2016-02-24,163.29840087890625,99.2352066040039,117.61000061035156,1.0
2016-02-25,163.29840087890625,99.2352066040039,117.61000061035156,0.99
2016-02-25,165.2762908935547,99.59068298339844,117.91999816894531,0.99
2016-02-26,165.2762908935547,99.59068298339844,117.91999816894531,0.96
2016-02-26,164.8959503173828,98.63014221191406,117.11000061035156,0.96
2016-02-29,164.8959503173828,98.63014221191406,117.11000061035156,0.96
2016-02-29,163.6027069091797,99.06124877929688,118.63999938964844,0.96
2016-03-01,163.6027069091797,99.06124877929688,118.63999938964844,0.98
2016-03-01,167.4485321044922,97.31694030761719,117.7699966430664,0.98
2016-03-02,167.4485321044922,97.31694030761719,117.7699966430664,0.99
2016-03-02,168.20074462890625,97.71851348876953,118.68000030517578,0.99
2016-03-03,168.20074462890625,97.71851348876953,118.68000030517578,0.98
2016-03-03,168.86007690429688,98.07467651367188,120.7300033569336,0.98
2016-03-04,168.86007690429688,98.07467651367188,120.7300033569336,1.0
2016-03-04,169.40945434570312,97.4457778930664,120.54000091552734,1.0
2016-03-07,169.40945434570312,97.4457778930664,120.54000091552734,1.0
2016-03-07,169.54469299316406,97.41541290283203,121.13999938964844,1.0
2016-03-08,169.54469299316406,97.41541290283203,121.13999938964844,0.95
2016-03-08,167.693603515625,98.49143981933594,120.58000183105469,0.95
2016-03-09,167.693603515625,98.49143981933594,120.58000183105469,1.0
2016-03-09,168.52198791503906,97.8928451538086,119.58000183105469,1.0
2016-03-10,168.52198791503906,97.8928451538086,119.58000183105469,1.0
2016-03-10,168.6571807861328,97.4911880493164,121.5,1.0
2016-03-11,168.6571807861328,97.4911880493164,121.5,1.01
2016-03-11,171.37881469726562,96.50614929199219,119.41000366210938,1.01
2016-03-14,171.37881469726562,96.50614929199219,119.41000366210938,1.0
2016-03-14,171.15916442871094,96.80928039550781,117.87000274658203,1.0
2016-03-15,171.15916442871094,96.80928039550781,117.87000274658203,0.99
2016-03-15,170.88021850585938,96.9001693725586,117.95999908447266,0.99
2016-03-16,170.88021850585938,96.9001693725586,117.95999908447266,1.07
2016-03-16,171.86911010742188,97.1881103515625,120.58999633789062,1.07
2016-03-17,171.86911010742188,97.1881103515625,120.58999633789062,1.04
2016-03-17,172.9593963623047,97.5897216796875,120.12999725341797,1.04
2016-03-18,172.9593963623047,97.5897216796875,120.12999725341797,1.04
2016-03-18,173.6390838623047,97.7942886352539,119.80000305175781,1.04
2016-03-21,173.6390838623047,97.7942886352539,119.80000305175781,1.05
2016-03-21,173.885498046875,97.04413604736328,118.95999908447266,1.05
2016-03-22,173.885498046875,97.04413604736328,118.95999908447266,1.03
2016-03-22,173.79205322265625,97.02142333984375,119.30999755859375,1.03
2016-03-23,173.79205322265625,97.02142333984375,119.30999755859375,1.01
2016-03-23,172.64511108398438,98.12014770507812,116.61000061035156,1.01
2016-03-24,172.64511108398438,98.12014770507812,116.61000061035156,1.02
2016-03-24,172.568603515625,98.15804290771484,116.33000183105469,1.02
2016-03-28,172.568603515625,98.15804290771484,116.33000183105469,1.0
2016-03-28,172.67054748535156,98.28681945800781,116.5999984741211,1.0
2016-03-29,172.67054748535156,98.28681945800781,116.5999984741211,1.03
2016-03-29,174.26779174804688,99.3173828125,118.76000213623047,1.03
2016-03-30,174.26779174804688,99.3173828125,118.76000213623047,1.07
2016-03-30,175.0323944091797,98.27171325683594,117.0999984741211,1.07
2016-03-31,175.0323944091797,98.27171325683594,117.0999984741211,1.05
2016-03-31,174.60763549804688,98.96881103515625,117.63999938964844,1.05
2016-04-01,174.60763549804688,98.96881103515625,117.63999938964844,1.03
2016-04-01,175.79705810546875,99.22697448730469,116.93000030517578,1.03
2016-04-04,175.79705810546875,99.22697448730469,116.93000030517578,1.03
2016-04-04,175.22779846191406,99.28772735595703,116.1500015258789,1.03
2016-04-05,175.22779846191406,99.28772735595703,116.1500015258789,1.01
2016-04-05,173.47767639160156,100.37354278564453,117.66000366210938,1.01
2016-04-06,173.47767639160156,100.37354278564453,117.66000366210938,1.03
2016-04-06,175.37229919433594,99.64459228515625,116.94000244140625,1.03
2016-04-07,175.37229919433594,99.64459228515625,116.94000244140625,1.0
2016-04-07,173.27377319335938,100.87469482421875,118.61000061035156,1.0
2016-04-08,173.27377319335938,100.87469482421875,118.61000061035156,1.02
2016-04-08,173.74107360839844,100.23684692382812,118.43000030517578,1.02
2016-04-11,173.74107360839844,100.23684692382812,118.43000030517578,1.03
2016-04-11,173.333251953125,100.10781860351562,120.02999877929688,1.03
2016-04-12,173.333251953125,100.10781860351562,120.02999877929688,1.05
2016-04-12,174.94741821289062,99.41680145263672,120.05000305175781,1.05
2016-04-13,174.94741821289062,99.41680145263672,120.05000305175781,1.02
2016-04-13,176.71458435058594,99.76607513427734,118.7699966430664,1.02
2016-04-14,176.71458435058594,99.76607513427734,118.7699966430664,1.03
2016-04-14,176.7230987548828,99.28772735595703,117.11000061035156,1.03
2016-04-15,176.7230987548828,99.28772735595703,117.11000061035156,1.02
2016-04-15,176.52772521972656,100.13816833496094,117.91999816894531,1.02
2016-04-18,176.52772521972656,100.13816833496094,117.91999816894531,1.03
2016-04-18,177.76806640625,99.70537567138672,117.73999786376953,1.03
2016-04-19,177.76806640625,99.70537567138672,117.73999786376953,1.02
2016-04-19,178.32884216308594,99.39396667480469,119.58000183105469,1.02
2016-04-20,178.32884216308594,99.39396667480469,119.58000183105469,1.05
2016-04-20,178.49879455566406,98.30059814453125,118.97000122070312,1.05
2016-04-21,178.49879455566406,98.30059814453125,118.97000122070312,1.06
2016-04-21,177.53868103027344,97.71590423583984,119.41999816894531,1.06
2016-04-22,177.53868103027344,97.71590423583984,119.41999816894531,1.05
2016-04-22,177.53868103027344,97.46533966064453,117.88999938964844,1.05
2016-04-25,177.53868103027344,97.46533966064453,117.88999938964844,1.06
2016-04-25,177.2328643798828,97.06292724609375,118.2300033569336,1.06
2016-04-26,177.2328643798828,97.06292724609375,118.2300033569336,1.08
2016-04-26,177.4962158203125,96.62252807617188,118.69999694824219,1.08
2016-04-27,177.4962158203125,96.62252807617188,118.69999694824219,1.04
2016-04-27,177.86158752441406,97.58690643310547,119.04000091552734,1.04
2016-04-28,177.86158752441406,97.58690643310547,119.04000091552734,1.06
2016-04-28,176.24732971191406,97.98926544189453,121.29000091552734,1.06
2016-04-29,176.24732971191406,97.98926544189453,121.29000091552734,1.06
2016-04-29,175.2958221435547,98.23991394042969,123.6500015258789,1.06
2016-05-02,175.2958221435547,98.23991394042969,123.6500015258789,1.08
2016-05-02,176.6890869140625,97.25078582763672,123.23999786376953,1.08
2016-05-03,176.6890869140625,97.25078582763672,123.23999786376953,1.06
2016-05-03,175.15133666992188,98.47572326660156,122.95999908447266,1.06
2016-05-04,175.15133666992188,98.47572326660156,122.95999908447266,1.04
2016-05-04,174.17431640625,99.01593017578125,122.20999908447266,1.04
2016-05-05,174.17431640625,99.01593017578125,122.20999908447266,1.04
2016-05-05,174.140380859375,99.67787170410156,122.06999969482422,1.04
2016-05-06,174.140380859375,99.67787170410156,122.06999969482422,1.05
2016-05-06,174.7775115966797,99.25177001953125,123.18000030517578,1.05
2016-05-09,174.7775115966797,99.25177001953125,123.18000030517578,1.05
2016-05-09,174.9219512939453,99.56378173828125,120.6500015258789,1.05
2016-05-10,174.9219512939453,99.56378173828125,120.6500015258789,1.05
2016-05-10,177.096923828125,99.57131958007812,120.9800033569336,1.05
2016-05-11,177.096923828125,99.57131958007812,120.9800033569336,0.99
2016-05-11,175.4402313232422,100.13436889648438,122.12000274658203,0.99
2016-05-12,175.4402313232422,100.13436889648438,122.12000274658203,0.99
2016-05-12,175.49118041992188,99.67787170410156,121.16000366210938,0.99
2016-05-13,175.49118041992188,99.67787170410156,121.16000366210938,0.95
2016-05-13,173.96194458007812,100.64417266845703,121.70999908447266,0.95
2016-05-16,173.96194458007812,100.64417266845703,121.70999908447266,0.96
2016-05-16,175.6781005859375,99.77679443359375,121.80000305175781,0.96
2016-05-17,175.6781005859375,99.77679443359375,121.80000305175781,0.94
2016-05-17,174.0383758544922,99.94415283203125,122.22000122070312,0.94
2016-05-18,174.0383758544922,99.94415283203125,122.22000122070312,0.97
2016-05-18,174.08938598632812,98.52141571044922,120.0999984741211,0.97
2016-05-19,174.08938598632812,98.52141571044922,120.0999984741211,0.96
2016-05-19,173.48617553710938,98.94746398925781,119.87000274658203,0.96
2016-05-20,173.48617553710938,98.94746398925781,119.87000274658203,0.96
2016-05-20,174.5821075439453,99.0235595703125,119.70999908447266,0.96
2016-05-23,174.5821075439453,99.0235595703125,119.70999908447266,0.93
2016-05-23,174.34425354003906,99.24420166015625,119.37000274658203,0.93
2016-05-24,174.34425354003906,99.24420166015625,119.37000274658203,0.94
2016-05-24,176.6041259765625,98.80290985107422,117.30000305175781,0.94
2016-05-25,176.6041259765625,98.80290985107422,117.30000305175781,0.95
2016-05-25,177.80206298828125,98.43003845214844,116.9800033569336,0.95
2016-05-26,177.80206298828125,98.43003845214844,116.9800033569336,0.96
2016-05-26,177.85304260253906,98.93984985351562,116.58000183105469,0.96
2016-05-27,177.85304260253906,98.93984985351562,116.58000183105469,0.95
2016-05-27,178.61767578125,98.79529571533203,115.62000274658203,0.95
2016-05-31,178.61767578125,98.79529571533203,115.62000274658203,0.97
2016-05-31,178.27789306640625,99.03114318847656,116.05999755859375,0.97
2016-06-01,178.27789306640625,99.03114318847656,116.05999755859375,0.94
2016-06-01,178.64317321777344,99.43292236328125,115.94000244140625,0.94
2016-06-02,178.64317321777344,99.43292236328125,115.94000244140625,0.92
2016-06-02,179.18692016601562,100.14958953857422,115.66999816894531,0.92
2016-06-03,179.18692016601562,100.14958953857422,115.66999816894531,0.93
2016-06-03,178.6516571044922,101.57530975341797,118.87999725341797,0.93
2016-06-06,178.6516571044922,101.57530975341797,118.87999725341797,0.93
2016-06-06,179.56072998046875,100.82054901123047,118.91999816894531,0.93
2016-06-07,179.56072998046875,100.82054901123047,118.91999816894531,0.94
2016-06-07,179.8411102294922,101.06448364257812,118.81999969482422,0.94
2016-06-08,179.8411102294922,101.06448364257812,118.81999969482422,0.93
2016-06-08,180.4273223876953,101.60578918457031,120.58000183105469,0.93
2016-06-09,180.4273223876953,101.60578918457031,120.58000183105469,0.91
2016-06-09,180.18089294433594,102.261474609375,121.25,0.91
2016-06-10,180.18089294433594,102.261474609375,121.25,0.91
2016-06-10,178.4732666015625,102.7569808959961,121.73999786376953,0.91
2016-06-13,178.4732666015625,102.7569808959961,121.73999786376953,0.89
2016-06-13,177.096923828125,103.21449279785156,122.63999938964844,0.89
2016-06-14,177.096923828125,103.21449279785156,122.63999938964844,0.88
2016-06-14,176.74855041503906,103.13821411132812,122.7699966430664,0.88
2016-06-15,176.74855041503906,103.13821411132812,122.7699966430664,0.91
2016-06-15,176.50221252441406,103.53474426269531,123.68000030517578,0.91
2016-06-16,176.50221252441406,103.53474426269531,123.68000030517578,0.87
2016-06-16,177.02891540527344,104.03789520263672,122.37999725341797,0.87
2016-06-17,177.02891540527344,104.03789520263672,122.37999725341797,0.92
2016-06-17,176.36962890625,103.38983154296875,123.94999694824219,0.92
2016-06-20,176.36962890625,103.38983154296875,123.94999694824219,0.93
2016-06-20,177.50546264648438,102.28435516357422,123.20999908447266,0.93
2016-06-21,177.50546264648438,102.28435516357422,123.20999908447266,0.95
2016-06-21,178.00936889648438,101.81166076660156,120.83999633789062,0.95
2016-06-22,178.00936889648438,101.81166076660156,120.83999633789062,0.94
2016-06-22,177.71897888183594,101.9793701171875,120.9000015258789,0.94
2016-06-23,177.71897888183594,101.9793701171875,120.9000015258789,0.96
2016-06-23,180.03338623046875,100.81292724609375,120.11000061035156,0.96
2016-06-24,180.03338623046875,100.81292724609375,120.11000061035156,0.93
2016-06-24,173.5685272216797,103.51945495605469,126.0,0.93
2016-06-27,173.5685272216797,103.51945495605469,126.0,0.85
2016-06-27,170.45985412597656,106.10400390625,126.68000030517578,0.85
2016-06-28,170.45985412597656,106.10400390625,126.68000030517578,0.85
2016-06-28,173.5343475341797,106.32511138916016,125.31999969482422,0.85
2016-06-29,173.5343475341797,106.32511138916016,125.31999969482422,0.88
2016-06-29,176.48919677734375,105.5092544555664,125.83999633789062,0.88
2016-06-30,176.48919677734375,105.5092544555664,125.83999633789062,0.91
2016-06-30,178.89749145507812,105.89813995361328,126.47000122070312,0.91
2016-07-01,178.89749145507812,105.89813995361328,126.47000122070312,0.87
2016-07-01,179.27328491210938,107.36851501464844,128.41000366210938,0.87
2016-07-05,179.27328491210938,107.36851501464844,128.41000366210938,0.81
2016-07-05,177.98374938964844,108.71278381347656,129.47000122070312,0.81
2016-07-06,177.98374938964844,108.71278381347656,129.47000122070312,0.8
2016-07-06,179.05117797851562,108.8884506225586,130.22999572753906,0.8
2016-07-07,179.05117797851562,108.8884506225586,130.22999572753906,0.82
2016-07-07,178.9402313232422,108.88085174560547,129.74000549316406,0.82
2016-07-08,178.9402313232422,108.88085174560547,129.74000549316406,0.76
2016-07-08,181.60472106933594,109.68282318115234,130.52000427246094,0.76
2016-07-11,181.60472106933594,109.68282318115234,130.52000427246094,0.77
2016-07-11,182.2452392578125,108.72039794921875,129.2899932861328,0.77
2016-07-12,182.2452392578125,108.72039794921875,129.2899932861328,0.84
2016-07-12,183.56895446777344,106.93312072753906,127.1500015258789,0.84
2016-07-13,183.56895446777344,106.93312072753906,127.1500015258789,0.8
2016-07-13,183.54327392578125,108.19336700439453,128.32000732421875,0.8
2016-07-14,183.54327392578125,108.19336700439453,128.32000732421875,0.85
2016-07-14,184.568115234375,106.61993408203125,127.33000183105469,0.85
2016-07-15,184.568115234375,106.61993408203125,127.33000183105469,0.89
2016-07-15,184.32044982910156,105.70332336425781,126.83999633789062,0.89
2016-07-18,184.32044982910156,105.70332336425781,126.83999633789062,0.91
2016-07-18,184.81576538085938,105.60405731201172,127.04000091552734,0.91
2016-07-19,184.81576538085938,105.60405731201172,127.04000091552734,0.86
2016-07-19,184.6279296875,106.19982147216797,127.20999908447266,0.86
2016-07-20,184.6279296875,106.19982147216797,127.20999908447266,0.86
2016-07-20,185.3965301513672,105.619384765625,125.38999938964844,0.86
2016-07-21,185.3965301513672,105.619384765625,125.38999938964844,0.87
2016-07-21,184.6962890625,105.83319854736328,127.30000305175781,0.87
2016-07-22,184.6962890625,105.83319854736328,127.30000305175781,0.86
2016-07-22,185.524658203125,106.01651763916016,126.3499984741211,0.86
2016-07-25,185.524658203125,106.01651763916016,126.3499984741211,0.86
2016-07-25,185.020751953125,105.94007110595703,125.47000122070312,0.86
2016-07-26,185.020751953125,105.94007110595703,125.47000122070312,0.82
2016-07-26,185.10617065429688,106.10822296142578,126.0,0.82
2016-07-27,185.10617065429688,106.10822296142578,126.0,0.79
2016-07-27,184.90975952148438,107.42959594726562,128.02999877929688,0.79
2016-07-28,184.90975952148438,107.42959594726562,128.02999877929688,0.8
2016-07-28,185.1232452392578,107.23102569580078,127.66000366210938,0.8
2016-07-29,185.1232452392578,107.23102569580078,127.66000366210938,0.79
2016-07-29,185.42214965820312,108.12467956542969,128.97999572753906,0.79
2016-08-01,185.42214965820312,108.12467956542969,128.97999572753906,0.84
2016-08-01,185.26846313476562,106.9523696899414,129.22000122070312,0.84
2016-08-02,185.26846313476562,106.9523696899414,129.22000122070312,0.88
2016-08-02,184.08139038085938,105.85049438476562,130.27000427246094,0.88
2016-08-03,184.08139038085938,105.85049438476562,130.27000427246094,0.88
2016-08-03,184.619384765625,105.91169738769531,129.64999389648438,0.88
2016-08-04,184.619384765625,105.91169738769531,129.64999389648438,0.87
2016-08-04,184.81576538085938,106.70748901367188,129.8699951171875,0.87
2016-08-05,184.81576538085938,106.70748901367188,129.8699951171875,0.87
2016-08-05,186.32740783691406,105.59795379638672,127.55000305175781,0.87
2016-08-08,186.32740783691406,105.59795379638672,127.55000305175781,0.85
2016-08-08,186.2163543701172,105.79686737060547,127.44000244140625,0.85
2016-08-09,186.2163543701172,105.79686737060547,127.44000244140625,0.84
2016-08-09,186.32740783691406,106.83750915527344,127.95999908447266,0.84
2016-08-10,186.32740783691406,106.83750915527344,127.95999908447266,0.81
2016-08-10,185.8662109375,107.25079345703125,128.55999755859375,0.81
2016-08-11,185.8662109375,107.25079345703125,128.55999755859375,0.81
2016-08-11,186.72879028320312,106.29431915283203,127.66999816894531,0.81
2016-08-12,186.72879028320312,106.29431915283203,127.66999816894531,0.8
2016-08-12,186.56654357910156,107.18958282470703,127.4000015258789,0.8
2016-08-15,186.56654357910156,107.18958282470703,127.4000015258789,0.83
2016-08-15,187.1044921875,106.17951965332031,127.83999633789062,0.83
2016-08-16,187.1044921875,106.17951965332031,127.83999633789062,0.81
2016-08-16,186.13955688476562,105.89631652832031,128.47000122070312,0.81
2016-08-17,186.13955688476562,105.89631652832031,128.47000122070312,0.82
2016-08-17,186.48965454101562,106.53150939941406,128.5,0.82
2016-08-18,186.48965454101562,106.53150939941406,128.5,0.82
2016-08-18,186.90811157226562,106.69981384277344,129.11000061035156,0.82
2016-08-19,186.90811157226562,106.69981384277344,129.11000061035156,0.82
2016-08-19,186.63482666015625,106.1412582397461,127.97000122070312,0.82
2016-08-22,186.63482666015625,106.1412582397461,127.97000122070312,0.79
2016-08-22,186.62632751464844,107.03649139404297,127.77999877929688,0.79
2016-08-23,186.62632751464844,107.03649139404297,127.77999877929688,0.81
2016-08-23,187.00210571289062,107.15129852294922,127.76000213623047,0.81
2016-08-24,187.00210571289062,107.15129852294922,127.76000213623047,0.8
2016-08-24,186.04554748535156,106.89881896972656,126.33999633789062,0.8
2016-08-25,186.04554748535156,106.89881896972656,126.33999633789062,0.8
2016-08-25,185.91748046875,106.49327087402344,126.2300033569336,0.8
2016-08-26,185.91748046875,106.49327087402344,126.2300033569336,0.78
2016-08-26,185.56735229492188,105.8733901977539,126.05000305175781,0.78
2016-08-29,185.56735229492188,105.8733901977539,126.05000305175781,0.76
2016-08-29,186.48109436035156,107.28900909423828,126.30000305175781,0.76
2016-08-30,186.48109436035156,107.28900909423828,126.30000305175781,0.77
2016-08-30,186.17364501953125,106.87586212158203,125.02999877929688,0.77
2016-08-31,186.17364501953125,106.87586212158203,125.02999877929688,0.78
2016-08-31,185.6442108154297,107.02891540527344,124.77999877929688,0.78
2016-09-01,185.6442108154297,107.02891540527344,124.77999877929688,0.79
2016-09-01,185.65269470214844,107.14692687988281,125.29000091552734,0.79
2016-09-02,185.65269470214844,107.14692687988281,125.29000091552734,0.8
2016-09-02,186.48965454101562,106.27304077148438,126.56999969482422,0.8
2016-09-06,186.48965454101562,106.27304077148438,126.56999969482422,0.81
2016-09-06,187.0533447265625,107.04722595214844,128.7100067138672,0.81
2016-09-07,187.0533447265625,107.04722595214844,128.7100067138672,0.8
2016-09-07,187.03622436523438,106.97063446044922,128.27000427246094,0.8
2016-09-08,187.03622436523438,106.97063446044922,128.27000427246094,0.83
2016-09-08,186.6091766357422,105.62906646728516,127.58999633789062,0.83
2016-09-09,186.6091766357422,105.62906646728516,127.58999633789062,0.88
2016-09-09,182.14276123046875,103.88887023925781,126.75,0.88
2016-09-12,182.14276123046875,103.88887023925781,126.75,0.89
2016-09-12,184.75604248046875,103.94258880615234,126.58999633789062,0.89
2016-09-13,184.75604248046875,103.94258880615234,126.58999633789062,0.93
2016-09-13,182.10003662109375,102.76204681396484,125.75,0.93
2016-09-14,182.10003662109375,102.76204681396484,125.75,0.93
2016-09-14,182.03175354003906,102.91535949707031,126.18000030517578,0.93
2016-09-15,182.03175354003906,102.91535949707031,126.18000030517578,0.97
2016-09-15,183.85076904296875,102.470703125,125.37000274658203,0.97
2016-09-16,183.85076904296875,102.470703125,125.37000274658203,0.93
2016-09-16,183.13998413085938,103.29861450195312,125.05999755859375,0.93
2016-09-19,183.13998413085938,103.29861450195312,125.05999755859375,0.91
2016-09-19,183.17442321777344,102.9613265991211,125.31999969482422,0.91
2016-09-20,183.17442321777344,102.9613265991211,125.31999969482422,0.9
2016-09-20,183.18299865722656,103.32160186767578,125.44000244140625,0.9
2016-09-21,183.18299865722656,103.32160186767578,125.44000244140625,0.87
2016-09-21,185.2429656982422,104.15721893310547,127.2699966430664,0.87
2016-09-22,185.2429656982422,104.15721893310547,127.2699966430664,0.84
2016-09-22,186.4102783203125,104.98509979248047,127.56999969482422,0.84
2016-09-23,186.4102783203125,104.98509979248047,127.56999969482422,0.85
2016-09-23,185.38888549804688,104.8854751586914,127.6500015258789,0.85
2016-09-26,185.38888549804688,104.8854751586914,127.6500015258789,0.83
2016-09-26,183.8868408203125,105.55239868164062,127.55000305175781,0.83
2016-09-27,183.8868408203125,105.55239868164062,127.55000305175781,0.81
2016-09-27,185.02841186523438,106.32662200927734,126.62000274658203,0.81
2016-09-28,185.02841186523438,106.32662200927734,126.62000274658203,0.82
2016-09-28,185.94679260253906,106.09672546386719,126.22000122070312,0.82
2016-09-29,185.94679260253906,106.09672546386719,126.22000122070312,0.83
2016-09-29,184.2644500732422,106.36495208740234,126.06999969482422,0.83
2016-09-30,184.2644500732422,106.36495208740234,126.06999969482422,0.83
2016-09-30,185.6549835205078,105.41445922851562,125.63999938964844,0.83
2016-10-03,185.6549835205078,105.41445922851562,125.63999938964844,0.83
2016-10-03,185.2086181640625,105.06654357910156,125.31999969482422,0.83
2016-10-04,185.2086181640625,105.06654357910156,125.31999969482422,0.87
2016-10-04,184.2644500732422,103.8377456665039,120.97000122070312,0.87
2016-10-05,184.2644500732422,103.8377456665039,120.97000122070312,0.87
2016-10-05,185.07984924316406,103.35391235351562,120.77999877929688,0.87
2016-10-06,185.07984924316406,103.35391235351562,120.77999877929688,0.89
2016-10-06,185.2086181640625,102.7779769897461,119.66000366210938,0.89
2016-10-07,185.2086181640625,102.7779769897461,119.66000366210938,0.9
2016-10-07,184.57345581054688,102.84709167480469,119.73999786376953,0.9
2016-10-10,185.5348358154297,102.2403564453125,120.16000366210938,0.9
2016-10-11,185.5348358154297,102.2403564453125,120.16000366210938,0.9
2016-10-11,183.19154357910156,102.01006317138672,119.55000305175781,0.9
2016-10-12,183.19154357910156,102.01006317138672,119.55000305175781,0.92
2016-10-12,183.4319610595703,102.10984802246094,119.73999786376953,0.92
2016-10-13,183.4319610595703,102.10984802246094,119.73999786376953,0.9
2016-10-13,182.83108520507812,102.49378967285156,120.02999877929688,0.9
2016-10-14,182.83108520507812,102.49378967285156,120.02999877929688,0.96
2016-10-14,182.92552185058594,101.05773162841797,119.36000061035156,0.96
2016-10-17,182.92552185058594,101.05773162841797,119.36000061035156,0.96
2016-10-17,182.2903594970703,101.70281982421875,119.68000030517578,0.96
2016-10-18,182.2903594970703,101.70281982421875,119.68000030517578,0.93
2016-10-18,183.4319610595703,102.03300476074219,120.41999816894531,0.93
2016-10-19,183.4319610595703,102.03300476074219,120.41999816894531,0.95
2016-10-19,183.92112731933594,102.11752319335938,121.11000061035156,0.95
2016-10-20,183.92112731933594,102.11752319335938,121.11000061035156,0.92
2016-10-20,183.5778350830078,102.22505187988281,120.73999786376953,0.92
2016-10-21,183.5778350830078,102.22505187988281,120.73999786376953,0.9
2016-10-21,183.6636505126953,102.37865447998047,120.83000183105469,0.9
2016-10-24,183.6636505126953,102.37865447998047,120.83000183105469,0.93
2016-10-24,184.4447021484375,101.93318939208984,120.55999755859375,0.93
2016-10-25,184.4447021484375,101.93318939208984,120.55999755859375,0.91
2016-10-25,183.82675170898438,102.2020034790039,121.47000122070312,0.91
2016-10-26,183.82675170898438,102.2020034790039,121.47000122070312,0.93
2016-10-26,183.45767211914062,101.5107650756836,120.79000091552734,0.93
2016-10-27,183.45767211914062,101.5107650756836,120.79000091552734,0.98
2016-10-27,182.96844482421875,100.4049301147461,121.01000213623047,0.98
2016-10-28,182.96844482421875,100.4049301147461,121.01000213623047,1.0
2016-10-28,182.42764282226562,100.18221282958984,121.58000183105469,1.0
2016-10-31,182.42764282226562,100.18221282958984,121.58000183105469,0.98
2016-10-31,182.43630981445312,100.7966079711914,121.94000244140625,0.98
2016-11-01,182.43630981445312,100.7966079711914,121.94000244140625,1.0
2016-11-01,181.1144561767578,100.8042984008789,122.7300033569336,1.0
2016-11-02,181.1144561767578,100.8042984008789,122.7300033569336,1.0
2016-11-02,180.0243682861328,101.2428970336914,123.63999938964844,1.0
2016-11-03,180.0243682861328,101.2428970336914,123.63999938964844,1.01
2016-11-03,179.20037841796875,100.46574401855469,124.30000305175781,1.01
2016-11-04,179.20037841796875,100.46574401855469,124.30000305175781,0.99
2016-11-04,179.0030059814453,101.36595153808594,124.38999938964844,0.99
2016-11-07,179.0030059814453,101.36595153808594,124.38999938964844,1.01
2016-11-07,182.95123291015625,100.50420379638672,122.1500015258789,1.01
2016-11-08,182.95123291015625,100.50420379638672,122.1500015258789,1.01
2016-11-08,183.77523803710938,100.09639739990234,121.63999938964844,1.01
2016-11-09,183.77523803710938,100.09639739990234,121.63999938964844,1.17
2016-11-09,185.72366333007812,95.84909057617188,121.55999755859375,1.17
2016-11-10,185.72366333007812,95.84909057617188,121.55999755859375,1.23
2016-11-10,186.18711853027344,94.4333267211914,119.75,1.23
2016-11-11,185.75796508789062,93.90241241455078,117.0999984741211,1.23
2016-11-14,185.75796508789062,93.90241241455078,117.0999984741211,1.23
2016-11-14,185.9038848876953,93.3406982421875,116.11000061035156,1.23
2016-11-15,185.9038848876953,93.3406982421875,116.11000061035156,1.21
2016-11-15,187.35438537597656,93.80243682861328,117.12000274658203,1.21
2016-11-16,187.35438537597656,93.80243682861328,117.12000274658203,1.22
2016-11-16,187.00253295898438,94.64875030517578,116.7699966430664,1.22
2016-11-17,187.00253295898438,94.64875030517578,116.7699966430664,1.25
2016-11-17,187.9638671875,93.25608825683594,116.16999816894531,1.25
2016-11-18,187.9638671875,93.25608825683594,116.16999816894531,1.27
2016-11-18,187.5432891845703,92.98677062988281,115.1500015258789,1.27
2016-11-21,187.5432891845703,92.98677062988281,115.1500015258789,1.25
2016-11-21,188.95950317382812,93.21758270263672,115.58000183105469,1.25
2016-11-22,188.95950317382812,93.21758270263672,115.58000183105469,1.24
2016-11-22,189.32859802246094,93.18681335449219,115.54000091552734,1.24
2016-11-23,189.32859802246094,93.18681335449219,115.54000091552734,1.24
2016-11-23,189.43162536621094,92.82518005371094,113.25,1.24
2016-11-25,189.43162536621094,92.82518005371094,113.25,1.24
2016-11-25,190.13536071777344,92.96369934082031,112.61000061035156,1.24
2016-11-28,190.13536071777344,92.96369934082031,112.61000061035156,1.21
2016-11-28,189.24273681640625,93.64850616455078,113.80000305175781,1.21
2016-11-29,189.24273681640625,93.64850616455078,113.80000305175781,1.21
2016-11-29,189.61181640625,94.04093933105469,113.2699966430664,1.21
2016-11-30,189.61181640625,94.04093933105469,113.2699966430664,1.26
2016-11-30,189.1569366455078,92.51742553710938,111.75,1.26
2016-12-01,189.1569366455078,92.51742553710938,111.75,1.31
2016-12-01,188.461669921875,91.54055786132812,111.54000091552734,1.31
2016-12-02,188.461669921875,91.54055786132812,111.54000091552734,1.29
2016-12-02,188.5561065673828,92.21135711669922,112.13999938964844,1.29
2016-12-05,188.5561065673828,92.21135711669922,112.13999938964844,1.26
2016-12-05,189.68905639648438,92.11112213134766,111.54000091552734,1.26
2016-12-06,189.68905639648438,92.11112213134766,111.54000091552734,1.27
2016-12-06,190.28990173339844,92.04173278808594,111.43000030517578,1.27
2016-12-07,190.28990173339844,92.04173278808594,111.43000030517578,1.24
2016-12-07,192.7790069580078,92.82811737060547,111.83000183105469,1.24
2016-12-08,192.7790069580078,92.82811737060547,111.83000183105469,1.28
2016-12-08,193.25111389160156,91.73333740234375,111.56999969482422,1.28
2016-12-09,193.25111389160156,91.73333740234375,111.56999969482422,1.32
2016-12-09,194.4184112548828,90.59228515625,110.4000015258789,1.32
2016-12-12,194.4184112548828,90.59228515625,110.4000015258789,1.34
2016-12-12,194.1952667236328,90.7618408203125,110.81999969482422,1.34
2016-12-13,194.1952667236328,90.7618408203125,110.81999969482422,1.31
2016-12-13,195.49136352539062,91.0856704711914,110.44999694824219,1.31
2016-12-14,195.49136352539062,91.0856704711914,110.44999694824219,1.27
2016-12-14,193.87770080566406,90.06797790527344,108.83000183105469,1.27
2016-12-15,193.87770080566406,90.06797790527344,108.83000183105469,1.31
2016-12-15,194.67591857910156,90.52287292480469,107.33999633789062,1.31
2016-12-16,194.67591857910156,90.52287292480469,107.33999633789062,1.32
2016-12-16,194.29519653320312,90.31468200683594,108.05000305175781,1.32
2016-12-19,194.29519653320312,90.31468200683594,108.05000305175781,1.3
2016-12-19,194.71823120117188,91.28614044189453,108.58999633789062,1.3
2016-12-20,194.71823120117188,91.28614044189453,108.58999633789062,1.32
2016-12-20,195.46939086914062,90.83123016357422,107.79000091552734,1.32
2016-12-21,195.46939086914062,90.83123016357422,107.79000091552734,1.34
2016-12-21,194.9254913330078,91.23218536376953,107.8499984741211,1.34
2016-12-22,194.9254913330078,91.23218536376953,107.8499984741211,1.33
2016-12-22,194.58877563476562,91.06905364990234,107.58999633789062,1.33
2016-12-23,194.58877563476562,91.06905364990234,107.58999633789062,1.33
2016-12-23,194.87367248535156,91.25457000732422,107.93000030517578,1.33
2016-12-27,194.87367248535156,91.25457000732422,107.93000030517578,1.29
2016-12-27,195.3571014404297,90.96082305908203,108.55999755859375,1.29
2016-12-28,195.3571014404297,90.96082305908203,108.55999755859375,1.25
2016-12-28,193.74256896972656,91.62561798095703,108.86000061035156,1.25
2016-12-29,193.74256896972656,91.62561798095703,108.86000061035156,1.27
2016-12-29,193.69944763183594,91.95032501220703,110.29000091552734,1.27
2016-12-30,193.69944763183594,91.95032501220703,110.29000091552734,1.25
2016-12-30,192.99147033691406,92.08943176269531,109.61000061035156,1.25
2017-01-03,192.99147033691406,92.08943176269531,109.61000061035156,1.23
2017-01-03,194.46788024902344,92.4836654663086,110.47000122070312,1.23
2017-01-04,194.46788024902344,92.4836654663086,110.47000122070312,1.22
2017-01-04,195.62477111816406,92.8392562866211,110.86000061035156,1.22
2017-01-05,195.62477111816406,92.8392562866211,110.86000061035156,1.2
2017-01-05,195.46939086914062,94.29255676269531,112.58000183105469,1.2
2017-01-06,195.46939086914062,94.29255676269531,112.58000183105469,1.2
2017-01-06,196.16871643066406,93.42678833007812,111.75,1.2
2017-01-09,196.16871643066406,93.42678833007812,111.75,1.17
2017-01-09,195.5211639404297,94.17657470703125,112.66999816894531,1.17
2017-01-10,195.5211639404297,94.17657470703125,112.66999816894531,1.19
2017-01-10,195.5211639404297,94.11474609375,113.1500015258789,1.19
2017-01-11,195.5211639404297,94.11474609375,113.1500015258789,1.18
2017-01-11,196.07376098632812,94.43170928955078,113.5,1.18
2017-01-12,196.07376098632812,94.43170928955078,113.5,1.18
2017-01-12,195.5816192626953,94.22291564941406,113.91000366210938,1.18
2017-01-13,195.5816192626953,94.22291564941406,113.91000366210938,1.19
2017-01-13,196.03054809570312,93.7746353149414,114.20999908447266,1.19
2017-01-17,196.03054809570312,93.7746353149414,114.20999908447266,1.16
2017-01-17,195.33987426757812,94.75637817382812,115.8499984741211,1.16
2017-01-18,195.33987426757812,94.75637817382812,115.8499984741211,1.19
2017-01-18,195.77154541015625,93.54276275634766,114.87000274658203,1.19
2017-01-19,195.77154541015625,93.54276275634766,114.87000274658203,1.22
2017-01-19,195.0463409423828,92.9011001586914,114.7699966430664,1.22
2017-01-20,195.0463409423828,92.9011001586914,114.7699966430664,1.28
2017-01-20,195.762939453125,92.71558380126953,115.05000305175781,1.28
2017-01-23,195.762939453125,92.71558380126953,115.05000305175781,1.25
2017-01-23,195.2535400390625,93.64321899414062,115.79000091552734,1.25
2017-01-24,195.2535400390625,93.64321899414062,115.79000091552734,1.26
2017-01-24,196.50546264648438,93.00163269042969,115.2699966430664,1.26
2017-01-25,196.50546264648438,93.00163269042969,115.2699966430664,1.3
2017-01-25,198.20632934570312,91.83433532714844,114.31999969482422,1.3
2017-01-26,198.20632934570312,91.83433532714844,114.31999969482422,1.3
2017-01-26,197.9990692138672,92.14358520507812,113.26000213623047,1.3
2017-01-27,197.9990692138672,92.14358520507812,113.26000213623047,1.27
2017-01-27,197.68829345703125,92.47596740722656,113.48999786376953,1.27
2017-01-30,197.68829345703125,92.47596740722656,113.48999786376953,1.27
2017-01-30,196.4622344970703,92.19764709472656,113.97000122070312,1.27
2017-01-31,196.4622344970703,92.19764709472656,113.97000122070312,1.26
2017-01-31,196.445068359375,92.8392562866211,115.55000305175781,1.26
2017-02-01,196.445068359375,92.8392562866211,115.55000305175781,1.26
2017-02-01,196.522705078125,92.26525115966797,115.19999694824219,1.26
2017-02-02,196.522705078125,92.26525115966797,115.19999694824219,1.27
2017-02-02,196.65223693847656,92.22648620605469,115.83999633789062,1.27
2017-02-03,196.65223693847656,92.22648620605469,115.83999633789062,1.28
2017-02-03,198.00770568847656,92.18773651123047,116.12999725341797,1.28
2017-02-06,198.00770568847656,92.18773651123047,116.12999725341797,1.26
2017-02-06,197.65374755859375,92.74555969238281,117.69999694824219,1.26
2017-02-07,197.65374755859375,92.74555969238281,117.69999694824219,1.24
2017-02-07,197.662353515625,93.42723846435547,117.45999908447266,1.24
2017-02-08,197.662353515625,93.42723846435547,117.45999908447266,1.19
2017-02-08,197.92138671875,94.69776153564453,118.19000244140625,1.19
2017-02-09,197.92138671875,94.69776153564453,118.19000244140625,1.2
2017-02-09,199.09559631347656,93.60541534423828,117.29000091552734,1.2
2017-02-10,199.09559631347656,93.60541534423828,117.29000091552734,1.21
2017-02-10,199.88121032714844,93.55120086669922,117.5999984741211,1.21
2017-02-13,199.88121032714844,93.55120086669922,117.5999984741211,1.23
2017-02-13,200.96914672851562,93.25684356689453,116.80000305175781,1.23
2017-02-14,200.96914672851562,93.25684356689453,116.80000305175781,1.22
2017-02-14,201.7720489501953,92.58285522460938,116.93000030517578,1.22
2017-02-15,201.7720489501953,92.58285522460938,116.93000030517578,1.24
2017-02-15,202.82537841796875,92.15676879882812,117.44999694824219,1.24
2017-02-16,202.82537841796875,92.15676879882812,117.44999694824219,1.23
2017-02-16,202.6527099609375,92.6603012084961,118.08000183105469,1.23
2017-02-17,202.6527099609375,92.6603012084961,118.08000183105469,1.21
2017-02-17,202.97218322753906,93.21037292480469,117.68000030517578,1.21
2017-02-21,202.97218322753906,93.21037292480469,117.68000030517578,1.21
2017-02-21,204.180908203125,93.04766845703125,117.75,1.21
2017-02-22,204.180908203125,93.04766845703125,117.75,1.2
2017-02-22,203.9995574951172,93.20259094238281,117.91000366210938,1.2
2017-02-23,203.9995574951172,93.20259094238281,117.91000366210938,1.2
2017-02-23,204.13772583007812,93.48149108886719,118.94000244140625,1.2
2017-02-24,204.13772583007812,93.48149108886719,118.94000244140625,1.19
2017-02-24,204.39674377441406,94.51959228515625,119.69999694824219,1.19
2017-02-27,204.39674377441406,94.51959228515625,119.69999694824219,1.16
2017-02-27,204.71615600585938,93.9617919921875,119.12000274658203,1.16
2017-02-28,204.71615600585938,93.9617919921875,119.12000274658203,1.14
2017-02-28,204.16358947753906,94.31041717529297,119.2300033569336,1.14
2017-03-01,204.16358947753906,94.31041717529297,119.2300033569336,1.17
2017-03-01,207.0214080810547,92.7301254272461,119.05999755859375,1.17
2017-03-02,207.0214080810547,92.7301254272461,119.05999755859375,1.17
2017-03-02,205.71771240234375,92.39635467529297,117.58000183105469,1.17
2017-03-03,205.71771240234375,92.39635467529297,117.58000183105469,1.17
2017-03-03,205.8472442626953,92.636962890625,117.51000213623047,1.17
2017-03-06,205.8472442626953,92.636962890625,117.51000213623047,1.18
2017-03-06,205.2341766357422,92.19453430175781,116.72000122070312,1.18
2017-03-07,205.2341766357422,92.19453430175781,116.72000122070312,1.2
2017-03-07,204.6212158203125,91.91508483886719,115.77999877929688,1.2
2017-03-08,204.6212158203125,91.91508483886719,115.77999877929688,1.21
2017-03-08,204.2412567138672,91.41835021972656,115.05999755859375,1.21
2017-03-09,204.2412567138672,91.41835021972656,115.05999755859375,1.23
2017-03-09,204.50033569335938,90.68872833251953,114.47000122070312,1.23
2017-03-10,204.50033569335938,90.68872833251953,114.47000122070312,1.22
2017-03-10,205.21694946289062,91.00702667236328,114.72000122070312,1.22
2017-03-13,205.21694946289062,91.00702667236328,114.72000122070312,1.22
2017-03-13,205.320556640625,90.4326400756836,114.73999786376953,1.22
2017-03-14,205.320556640625,90.4326400756836,114.73999786376953,1.2
2017-03-14,204.53488159179688,90.86726379394531,114.12000274658203,1.2
2017-03-15,204.53488159179688,90.86726379394531,114.12000274658203,1.18
2017-03-15,206.30477905273438,91.97721099853516,116.25,1.18
2017-03-16,206.30477905273438,91.97721099853516,116.25,1.18
2017-03-16,205.8990020751953,91.511474609375,116.7300033569336,1.18
2017-03-17,205.8990020751953,91.511474609375,116.7300033569336,1.17
2017-03-17,205.5374298095703,92.08589172363281,116.98999786376953,1.17
2017-03-20,205.5374298095703,92.08589172363281,116.98999786376953,1.17
2017-03-20,205.3119354248047,92.48174285888672,117.51000213623047,1.17
2017-03-21,205.3119354248047,92.48174285888672,117.51000213623047,1.16
2017-03-21,202.6758575439453,93.25011444091797,118.54000091552734,1.16
2017-03-22,202.6758575439453,93.25011444091797,118.54000091552734,1.13
2017-03-22,203.15277099609375,93.62273406982422,118.83000183105469,1.13
2017-03-23,203.15277099609375,93.62273406982422,118.83000183105469,1.15
2017-03-23,202.93601989746094,93.49073791503906,118.66999816894531,1.15
2017-03-24,202.93601989746094,93.49073791503906,118.66999816894531,1.14
2017-03-24,202.7886199951172,93.82450866699219,118.86000061035156,1.14
2017-03-27,202.7886199951172,93.82450866699219,118.86000061035156,1.11
2017-03-27,202.58045959472656,94.25142669677734,119.52999877929688,1.11
2017-03-28,202.58045959472656,94.25142669677734,119.52999877929688,1.12
2017-03-28,204.0546417236328,93.62273406982422,119.04000091552734,1.12
2017-03-29,204.0546417236328,93.62273406982422,119.04000091552734,1.13
2017-03-29,204.24534606933594,94.1815185546875,119.33000183105469,1.13
2017-03-30,204.24534606933594,94.1815185546875,119.33000183105469,1.14
2017-03-30,204.895751953125,93.42089080810547,118.47000122070312,1.14
2017-03-31,204.895751953125,93.42089080810547,118.47000122070312,1.13
2017-03-31,204.41883850097656,93.69257354736328,118.72000122070312,1.13
2017-04-03,204.41883850097656,93.69257354736328,118.72000122070312,1.11
2017-04-03,204.0632781982422,94.63758850097656,119.3499984741211,1.11
2017-04-04,204.0632781982422,94.63758850097656,119.3499984741211,1.11
2017-04-04,204.1933135986328,94.124267578125,119.62000274658203,1.11
2017-04-05,204.1933135986328,94.124267578125,119.62000274658203,1.1
2017-04-05,203.58636474609375,94.41206359863281,119.62000274658203,1.1
2017-04-06,203.58636474609375,94.41206359863281,119.62000274658203,1.1
2017-04-06,204.15869140625,94.2720718383789,119.18000030517578,1.1
2017-04-07,204.15869140625,94.2720718383789,119.18000030517578,1.09
2017-04-07,203.95059204101562,93.89093017578125,119.45999908447266,1.09
2017-04-10,203.95059204101562,93.89093017578125,119.45999908447266,1.08
2017-04-10,204.0719451904297,94.32649230957031,119.45999908447266,1.08
2017-04-11,204.0719451904297,94.32649230957031,119.45999908447266,1.08
2017-04-11,203.8291473388672,95.22100067138672,121.19000244140625,1.08
2017-04-12,203.8291473388672,95.22100067138672,121.19000244140625,1.04
2017-04-12,202.93601989746094,95.74212646484375,122.0199966430664,1.04
2017-04-13,202.93601989746094,95.74212646484375,122.0199966430664,1.03
2017-04-13,201.6179656982422,96.03771209716797,122.5999984741211,1.03
2017-04-17,201.6179656982422,96.03771209716797,122.5999984741211,1.05
2017-04-17,203.404296875,95.74212646484375,122.23999786376953,1.05
2017-04-18,203.404296875,95.74212646484375,122.23999786376953,1.0
2017-04-18,202.79725646972656,96.99442291259766,122.81999969482422,1.0
2017-04-19,202.79725646972656,96.99442291259766,122.81999969482422,1.02
2017-04-19,202.42445373535156,96.46550750732422,121.7300033569336,1.02
2017-04-20,202.42445373535156,96.46550750732422,121.7300033569336,1.03
2017-04-20,204.0719451904297,96.09213256835938,121.95999908447266,1.03
2017-04-21,204.0719451904297,96.09213256835938,121.95999908447266,1.04
2017-04-21,203.42164611816406,96.09213256835938,122.30999755859375,1.04
2017-04-24,203.42164611816406,96.09213256835938,122.30999755859375,1.03
2017-04-24,205.6587677001953,95.61767578125,121.4800033569336,1.03
2017-04-25,205.6587677001953,95.61767578125,121.4800033569336,1.06
2017-04-25,206.85546875,94.46647644042969,120.25,1.06
2017-04-26,206.85546875,94.46647644042969,120.25,1.04
2017-04-26,206.725341796875,94.9876480102539,120.83999633789062,1.04
2017-04-27,206.725341796875,94.9876480102539,120.83999633789062,1.05
2017-04-27,206.89878845214844,94.95652770996094,120.38999938964844,1.05
2017-04-28,206.89878845214844,94.95652770996094,120.38999938964844,1.01
2017-04-28,206.44789123535156,95.16655731201172,120.7699966430664,1.01
2017-05-01,206.44789123535156,95.16655731201172,120.7699966430664,1.05
2017-05-01,206.96820068359375,94.37541961669922,119.66999816894531,1.05
2017-05-02,206.96820068359375,94.37541961669922,119.66999816894531,1.02
2017-05-02,207.0462646484375,94.85868835449219,119.6500015258789,1.02
2017-05-03,207.0462646484375,94.85868835449219,119.6500015258789,1.03
2017-05-03,206.7947540283203,94.92101287841797,117.9800033569336,1.03
2017-05-04,206.7947540283203,94.92101287841797,117.9800033569336,1.04
2017-05-04,207.03756713867188,94.45333862304688,116.79000091552734,1.04
2017-05-05,207.03756713867188,94.45333862304688,116.79000091552734,1.04
2017-05-05,207.8526611328125,94.5390853881836,117.01000213623047,1.04
2017-05-08,207.8526611328125,94.5390853881836,117.01000213623047,1.06
2017-05-08,207.81802368164062,94.02466583251953,116.75,1.06
2017-05-09,207.81802368164062,94.02466583251953,116.75,1.05
2017-05-09,207.62722778320312,94.01686096191406,116.05000305175781,1.05
2017-05-10,207.62722778320312,94.01686096191406,116.05000305175781,1.06
2017-05-10,208.00009155273438,93.90772247314453,116.04000091552734,1.06
2017-05-11,208.00009155273438,93.90772247314453,116.04000091552734,1.04
2017-05-11,207.5751953125,93.90772247314453,116.5,1.04
2017-05-12,207.5751953125,93.90772247314453,116.5,1.04
2017-05-12,207.22828674316406,94.61703491210938,116.83000183105469,1.04
2017-05-15,207.22828674316406,94.61703491210938,116.83000183105469,1.03
2017-05-15,208.37294006347656,94.3598403930664,117.13999938964844,1.03
2017-05-16,208.37294006347656,94.3598403930664,117.13999938964844,1.04
2017-05-16,208.18212890625,94.7105484008789,117.6500015258789,1.04
2017-05-17,208.18212890625,94.7105484008789,117.6500015258789,0.96
2017-05-17,204.4881591796875,96.09019470214844,119.79000091552734,0.96
2017-05-18,204.4881591796875,96.09019470214844,119.79000091552734,0.96
2017-05-18,205.3119354248047,96.19931030273438,118.80999755859375,0.96
2017-05-19,205.3119354248047,96.19931030273438,118.80999755859375,0.95
2017-05-19,206.64730834960938,96.42533111572266,119.4000015258789,0.95
2017-05-22,206.64730834960938,96.42533111572266,119.4000015258789,0.96
2017-05-22,207.69662475585938,96.16035461425781,119.9000015258789,0.96
2017-05-23,207.69662475585938,96.16035461425781,119.9000015258789,0.98
2017-05-23,208.15618896484375,95.51335906982422,119.13999938964844,0.98
2017-05-24,208.15618896484375,95.51335906982422,119.13999938964844,0.97
2017-05-24,208.64178466796875,96.05126190185547,119.61000061035156,0.97
2017-05-25,208.64178466796875,96.05126190185547,119.61000061035156,0.95
2017-05-25,209.63897705078125,96.0823974609375,119.4800033569336,0.95
2017-05-26,209.63897705078125,96.0823974609375,119.4800033569336,0.95
2017-05-26,209.5956573486328,96.24607849121094,120.54000091552734,0.95
2017-05-30,209.5956573486328,96.24607849121094,120.54000091552734,0.93
2017-05-30,209.4134979248047,96.72151947021484,120.13999938964844,0.93
2017-05-31,209.4134979248047,96.72151947021484,120.13999938964844,0.93
2017-05-31,209.3614959716797,96.96318054199219,120.62000274658203,0.93
2017-06-01,209.3614959716797,96.96318054199219,120.62000274658203,0.93
2017-06-01,211.0263671875,96.97333526611328,120.72000122070312,0.93
2017-06-02,211.0263671875,96.97333526611328,120.72000122070312,0.87
2017-06-02,211.72879028320312,98.12153625488281,121.61000061035156,0.87
2017-06-05,211.72879028320312,98.12153625488281,121.61000061035156,0.86
2017-06-05,211.57272338867188,97.51228332519531,121.7300033569336,0.86
2017-06-06,211.57272338867188,97.51228332519531,121.7300033569336,0.84
2017-06-06,210.89633178710938,98.04341888427734,123.0999984741211,0.84
2017-06-07,210.89633178710938,98.04341888427734,123.0999984741211,0.86
2017-06-07,211.2864990234375,97.57476806640625,122.44999694824219,0.86
2017-06-08,211.2864990234375,97.57476806640625,122.44999694824219,0.86
2017-06-08,211.3905487060547,97.31700897216797,121.6500015258789,0.86
2017-06-09,211.3905487060547,97.31700897216797,121.6500015258789,0.86
2017-06-09,211.06971740722656,97.16860961914062,120.54000091552734,0.86
2017-06-12,211.06971740722656,97.16860961914062,120.54000091552734,0.86
2017-06-12,211.0263671875,97.13735961914062,120.36000061035156,0.86
2017-06-13,211.0263671875,97.13735961914062,120.36000061035156,0.83
2017-06-13,212.0583038330078,97.1529541015625,120.4800033569336,0.83
2017-06-14,212.0583038330078,97.1529541015625,120.4800033569336,0.8
2017-06-14,211.78945922851562,98.65270233154297,119.81999969482422,0.8
2017-06-15,211.78945922851562,98.65270233154297,119.81999969482422,0.81
2017-06-15,211.38189697265625,98.49650573730469,119.31999969482422,0.81
2017-06-16,211.38189697265625,98.49650573730469,119.31999969482422,0.84
2017-06-16,211.42813110351562,98.69174194335938,119.33999633789062,0.84
2017-06-19,211.42813110351562,98.69174194335938,119.33999633789062,0.83
2017-06-19,213.18829345703125,98.5511474609375,118.43000030517578,0.83
2017-06-20,213.18829345703125,98.5511474609375,118.43000030517578,0.8
2017-06-20,211.75048828125,99.43377685546875,118.18000030517578,0.8
2017-06-21,211.75048828125,99.43377685546875,118.18000030517578,0.8
2017-06-21,211.69822692871094,99.6368637084961,118.5199966430664,0.8
2017-06-22,211.69822692871094,99.6368637084961,118.5199966430664,0.81
2017-06-22,211.6023712158203,99.85558319091797,118.91999816894531,0.81
2017-06-23,211.6023712158203,99.85558319091797,118.91999816894531,0.81
2017-06-23,211.85508728027344,99.80870056152344,119.43000030517578,0.81
2017-06-26,211.85508728027344,99.80870056152344,119.43000030517578,0.78
2017-06-26,211.99447631835938,100.18360137939453,118.36000061035156,0.78
2017-06-27,211.99447631835938,100.18360137939453,118.36000061035156,0.83
2017-06-27,210.28663635253906,99.11353302001953,118.80999755859375,0.83
2017-06-28,210.28663635253906,99.11353302001953,118.80999755859375,0.88
2017-06-28,212.16876220703125,98.78545379638672,118.9000015258789,0.88
2017-06-29,212.16876220703125,98.78545379638672,118.9000015258789,0.89
2017-06-29,210.30404663085938,97.95750427246094,118.31999969482422,0.89
2017-06-30,210.30404663085938,97.95750427246094,118.31999969482422,0.93
2017-06-30,210.6961669921875,97.73101043701172,118.0199966430664,0.93
2017-07-03,210.6961669921875,97.73101043701172,118.0199966430664,0.94
2017-07-03,211.05340576171875,97.41632843017578,116.08999633789062,0.94
2017-07-05,211.05340576171875,97.41632843017578,116.08999633789062,0.92
2017-07-05,211.54135131835938,97.43980407714844,116.5199966430664,0.92
2017-07-06,211.54135131835938,97.43980407714844,116.5199966430664,0.97
2017-07-06,209.60694885253906,96.63360595703125,116.47000122070312,0.97
2017-07-07,209.60694885253906,96.63360595703125,116.47000122070312,0.99
2017-07-07,210.9662322998047,96.054443359375,115.27999877929688,0.99
2017-07-10,210.9662322998047,96.054443359375,115.27999877929688,0.98
2017-07-10,211.1927947998047,96.1953125,115.47000122070312,0.98
2017-07-11,211.1927947998047,96.1953125,115.47000122070312,1.0
2017-07-11,211.0359649658203,96.35963439941406,115.62000274658203,1.0
2017-07-12,211.0359649658203,96.35963439941406,115.62000274658203,0.98
2017-07-12,212.6219024658203,97.02497100830078,116.02999877929688,0.98
2017-07-13,212.6219024658203,97.02497100830078,116.02999877929688,0.98
2017-07-13,212.9791259765625,96.41446685791016,115.81999969482422,0.98
2017-07-14,212.9791259765625,96.41446685791016,115.81999969482422,0.98
2017-07-14,213.9724578857422,96.53185272216797,116.7699966430664,0.98
2017-07-17,213.9724578857422,96.53185272216797,116.7699966430664,0.95
2017-07-17,213.94635009765625,96.79798889160156,117.29000091552734,0.95
2017-07-18,213.94635009765625,96.79798889160156,117.29000091552734,0.91
2017-07-18,214.05963134765625,97.64330291748047,118.11000061035156,0.91
2017-07-19,214.05963134765625,97.64330291748047,118.11000061035156,0.9
2017-07-19,215.21853637695312,97.68248748779297,118.08000183105469,0.9
2017-07-20,215.21853637695312,97.68248748779297,118.08000183105469,0.9
2017-07-20,215.31434631347656,97.96424865722656,118.23999786376953,0.9
2017-07-21,215.31434631347656,97.96424865722656,118.23999786376953,0.88
2017-07-21,215.1226806640625,98.37904357910156,119.26000213623047,0.88
2017-07-24,215.1226806640625,98.37904357910156,119.26000213623047,0.89
2017-07-24,215.07044982910156,97.99556732177734,119.30999755859375,0.89
2017-07-25,215.07044982910156,97.99556732177734,119.30999755859375,0.93
2017-07-25,215.59323120117188,96.71974182128906,118.91999816894531,0.93
2017-07-26,215.59323120117188,96.71974182128906,118.91999816894531,0.93
2017-07-26,215.60195922851562,96.8762435913086,119.87999725341797,0.93
2017-07-27,215.60195922851562,96.8762435913086,119.87999725341797,0.96
2017-07-27,215.40155029296875,96.3988265991211,119.79000091552734,0.96
2017-07-28,215.40155029296875,96.3988265991211,119.79000091552734,0.96
2017-07-28,215.1488494873047,96.97019958496094,120.69000244140625,0.96
2017-07-31,215.1488494873047,96.97019958496094,120.69000244140625,0.96
2017-07-31,215.02684020996094,97.08760070800781,120.75,0.96
2017-08-01,215.02684020996094,97.08760070800781,120.75,0.92
2017-08-01,215.506103515625,97.76924133300781,120.6500015258789,0.92
2017-08-02,215.506103515625,97.76924133300781,120.6500015258789,0.91
2017-08-02,215.61068725585938,97.82414245605469,120.4000015258789,0.91
2017-08-03,215.61068725585938,97.82414245605469,120.4000015258789,0.9
2017-08-03,215.19241333007812,98.8360595703125,120.58999633789062,0.9
2017-08-04,215.19241333007812,98.8360595703125,120.58999633789062,0.91
2017-08-04,215.5845184326172,97.99673461914062,119.6500015258789,0.91
2017-08-07,215.5845184326172,97.99673461914062,119.6500015258789,0.9
2017-08-07,215.9853515625,98.10658264160156,119.51000213623047,0.9
2017-08-08,215.9853515625,98.10658264160156,119.51000213623047,0.93
2017-08-08,215.4537811279297,97.7535629272461,119.86000061035156,0.93
2017-08-09,215.4537811279297,97.7535629272461,119.86000061035156,0.91
2017-08-09,215.44509887695312,98.28697967529297,121.30999755859375,0.91
2017-08-10,215.44509887695312,98.28697967529297,121.30999755859375,0.87
2017-08-10,212.4040069580078,99.12628936767578,122.20999908447266,0.87
2017-08-11,212.4040069580078,99.12628936767578,122.20999908447266,0.89
2017-08-11,212.71771240234375,99.17333221435547,122.79000091552734,0.89
2017-08-14,212.71771240234375,99.17333221435547,122.79000091552734,0.89
2017-08-14,214.826416015625,98.6634521484375,121.91999816894531,0.89
2017-08-15,214.826416015625,98.6634521484375,121.91999816894531,0.92
2017-08-15,214.80027770996094,98.24773406982422,120.9800033569336,0.92
2017-08-16,214.80027770996094,98.24773406982422,120.9800033569336,0.9
2017-08-16,215.17495727539062,98.60853576660156,121.87000274658203,0.9
2017-08-17,215.17495727539062,98.60853576660156,121.87000274658203,0.87
2017-08-17,211.82020568847656,99.3459243774414,122.48999786376953,0.87
2017-08-18,211.82020568847656,99.3459243774414,122.48999786376953,0.86
2017-08-18,211.48910522460938,99.32240295410156,122.30000305175781,0.86
2017-08-21,211.48910522460938,99.32240295410156,122.30000305175781,0.86
2017-08-21,211.65464782714844,99.5655517578125,122.76000213623047,0.86
2017-08-22,211.65464782714844,99.5655517578125,122.76000213623047,0.89
2017-08-22,213.86790466308594,99.18119049072266,122.20999908447266,0.89
2017-08-23,213.86790466308594,99.18119049072266,122.20999908447266,0.85
2017-08-23,213.10113525390625,99.85578155517578,122.66999816894531,0.85
2017-08-24,213.10113525390625,99.85578155517578,122.66999816894531,0.86
2017-08-24,212.60440063476562,99.48714447021484,122.29000091552734,0.86
2017-08-25,212.60440063476562,99.48714447021484,122.29000091552734,0.82
2017-08-25,213.10113525390625,99.87149047851562,122.73999786376953,0.82
2017-08-28,213.10113525390625,99.87149047851562,122.73999786376953,0.83
2017-08-28,213.10987854003906,99.80874633789062,124.69000244140625,0.83
2017-08-29,213.10987854003906,99.80874633789062,124.69000244140625,0.8
2017-08-29,213.35379028320312,100.1303482055664,124.41999816894531,0.8
2017-08-30,213.35379028320312,100.1303482055664,124.41999816894531,0.82
2017-08-30,214.36460876464844,100.09896087646484,124.36000061035156,0.82
2017-08-31,214.36460876464844,100.09896087646484,124.36000061035156,0.79
2017-08-31,215.65423583984375,100.39704895019531,125.81999969482422,0.79
2017-09-01,215.65423583984375,100.39704895019531,125.81999969482422,0.81
2017-09-01,215.959228515625,99.62908172607422,126.05999755859375,0.81
2017-09-05,215.959228515625,99.62908172607422,126.05999755859375,0.77
2017-09-05,214.4081573486328,101.20899200439453,127.45999908447266,0.77
2017-09-06,214.4081573486328,101.20899200439453,127.45999908447266,0.8
2017-09-06,215.14004516601562,100.58808135986328,126.80999755859375,0.8
2017-09-07,215.14004516601562,100.58808135986328,126.80999755859375,0.78
2017-09-07,215.114013671875,101.61773681640625,128.1300048828125,0.78
2017-09-08,215.114013671875,101.61773681640625,128.1300048828125,0.79
2017-09-08,214.86126708984375,101.3976821899414,127.97000122070312,0.79
2017-09-11,214.86126708984375,101.3976821899414,127.97000122070312,0.82
2017-09-11,217.15293884277344,100.18716430664062,126.19000244140625,0.82
2017-09-12,217.15293884277344,100.18716430664062,126.19000244140625,0.84
2017-09-12,217.8849334716797,99.66050720214844,126.55999755859375,0.84
2017-09-13,217.8849334716797,99.66050720214844,126.55999755859375,0.85
2017-09-13,217.98951721191406,99.26752471923828,125.61000061035156,0.85
2017-09-14,217.98951721191406,99.26752471923828,125.61000061035156,0.83
2017-09-14,217.9197540283203,99.67626953125,126.16000366210938,0.83
2017-09-15,217.9197540283203,99.67626953125,126.16000366210938,0.81
2017-09-15,218.21311950683594,99.71554565429688,125.52999877929688,0.81
2017-09-18,218.21311950683594,99.71554565429688,125.52999877929688,0.83
2017-09-18,218.67726135253906,99.14176177978516,124.36000061035156,0.83
2017-09-19,218.67726135253906,99.14176177978516,124.36000061035156,0.84
2017-09-19,218.89620971679688,98.89805603027344,124.62000274658203,0.84
2017-09-20,218.89620971679688,98.89805603027344,124.62000274658203,0.83
2017-09-20,218.97500610351562,98.9688491821289,123.62000274658203,0.83
2017-09-21,218.97500610351562,98.9688491821289,123.62000274658203,0.82
2017-09-21,218.38824462890625,98.91380310058594,122.68000030517578,0.82
2017-09-22,218.38824462890625,98.91380310058594,122.68000030517578,0.8
2017-09-22,218.43202209472656,99.1967544555664,123.23999786376953,0.8
2017-09-25,218.43202209472656,99.1967544555664,123.23999786376953,0.78
2017-09-25,217.98541259765625,99.81776428222656,124.52999877929688,0.78
2017-09-26,217.98541259765625,99.81776428222656,124.52999877929688,0.79
2017-09-26,218.1168212890625,99.63694763183594,123.13999938964844,0.79
2017-09-27,218.1168212890625,99.63694763183594,123.13999938964844,0.84
2017-09-27,218.9662322998047,98.1356201171875,121.9800033569336,0.84
2017-09-28,218.9662322998047,98.1356201171875,121.9800033569336,0.86
2017-09-28,219.22898864746094,97.84484100341797,122.20999908447266,0.86
2017-09-29,219.22898864746094,97.84484100341797,122.20999908447266,0.86
2017-09-29,219.99957275390625,98.06491088867188,121.58000183105469,0.86
2017-10-02,219.99957275390625,98.06491088867188,121.58000183105469,0.85
2017-10-02,220.95404052734375,97.88528442382812,120.7699966430664,0.85
2017-10-03,220.95404052734375,97.88528442382812,120.7699966430664,0.86
2017-10-03,221.4269256591797,97.9798812866211,120.83000183105469,0.86
2017-10-04,221.4269256591797,97.9798812866211,120.83000183105469,0.86
2017-10-04,221.6896514892578,97.98772430419922,121.16999816894531,0.86
2017-10-05,221.6896514892578,97.98772430419922,121.16999816894531,0.86
2017-10-05,223.00315856933594,97.61753845214844,120.5199966430664,0.86
2017-10-06,223.00315856933594,97.61753845214844,120.5199966430664,0.83
2017-10-06,222.74917602539062,97.34187316894531,121.08999633789062,0.83
2017-10-09,222.3814239501953,97.6490249633789,122.08000183105469,0.83
2017-10-10,222.3814239501953,97.6490249633789,122.08000183105469,0.84
2017-10-10,222.96810913085938,97.80659484863281,122.4000015258789,0.84
2017-10-11,222.96810913085938,97.80659484863281,122.4000015258789,0.84
2017-10-11,223.3184356689453,97.99557495117188,122.79000091552734,0.84
2017-10-12,223.3184356689453,97.99557495117188,122.79000091552734,0.82
2017-10-12,222.9856414794922,98.41302490234375,122.88999938964844,0.82
2017-10-13,222.9856414794922,98.41302490234375,122.88999938964844,0.77
2017-10-13,223.2571258544922,99.12191009521484,123.81999969482422,0.77
2017-10-16,223.2571258544922,99.12191009521484,123.81999969482422,0.76
2017-10-16,223.55482482910156,99.051025390625,122.97000122070312,0.76
2017-10-17,223.55482482910156,99.051025390625,122.97000122070312,0.76
2017-10-17,223.71250915527344,99.17704010009766,122.12999725341797,0.76
2017-10-18,223.71250915527344,99.17704010009766,122.12999725341797,0.75
2017-10-18,223.93141174316406,98.52326202392578,121.66999816894531,0.75
2017-10-19,223.93141174316406,98.52326202392578,121.66999816894531,0.75
2017-10-19,223.9927215576172,98.69654846191406,122.38999938964844,0.75
2017-10-20,223.9927215576172,98.69654846191406,122.38999938964844,0.79
2017-10-20,225.14862060546875,97.6490249633789,121.61000061035156,0.79
2017-10-23,225.14862060546875,97.6490249633789,121.61000061035156,0.8
2017-10-23,224.2728729248047,97.8222885131836,121.80000305175781,0.8
2017-10-24,224.2728729248047,97.8222885131836,121.80000305175781,0.82
2017-10-24,224.66696166992188,97.21588134765625,121.33000183105469,0.82
2017-10-25,224.66696166992188,97.21588134765625,121.33000183105469,0.83
2017-10-25,223.55482482910156,96.75110626220703,121.3499984741211,0.83
2017-10-26,223.55482482910156,96.75110626220703,121.3499984741211,0.83
2017-10-26,223.84388732910156,96.42823791503906,120.33000183105469,0.83
2017-10-27,223.84388732910156,96.42823791503906,120.33000183105469,0.83
2017-10-27,225.67398071289062,97.06619262695312,120.9000015258789,0.83
2017-10-30,225.67398071289062,97.06619262695312,120.9000015258789,0.79
2017-10-30,224.83335876464844,97.99557495117188,121.12999725341797,0.79
2017-10-31,224.83335876464844,97.99557495117188,121.12999725341797,0.78
2017-10-31,225.18365478515625,98.0270767211914,120.66999816894531,0.78
2017-11-01,225.18365478515625,98.0270767211914,120.66999816894531,0.76
2017-11-01,225.48138427734375,98.46354675292969,121.11000061035156,0.76
2017-11-02,225.48138427734375,98.46354675292969,121.11000061035156,0.74
2017-11-02,225.56890869140625,98.89765167236328,121.19000244140625,0.74
2017-11-03,225.56890869140625,98.89765167236328,121.19000244140625,0.71
2017-11-03,226.322021484375,99.16603088378906,120.62000274658203,0.71
2017-11-06,226.322021484375,99.16603088378906,120.62000274658203,0.71
2017-11-06,226.6723175048828,99.53700256347656,121.6500015258789,0.71
2017-11-07,226.6723175048828,99.53700256347656,121.6500015258789,0.69
2017-11-07,226.51466369628906,99.9553451538086,121.20999908447266,0.69
2017-11-08,226.51466369628906,99.9553451538086,121.20999908447266,0.67
2017-11-08,226.8999481201172,99.73429107666016,121.62999725341797,0.67
2017-11-09,226.8999481201172,99.73429107666016,121.62999725341797,0.7
2017-11-09,226.07679748535156,99.45018005371094,122.12999725341797,0.7
2017-11-10,226.07679748535156,99.45018005371094,122.12999725341797,0.73
2017-11-10,226.0067596435547,97.95052337646484,121.12999725341797,0.73
2017-11-13,226.0067596435547,97.95052337646484,121.12999725341797,0.7
2017-11-13,226.21694946289062,98.1557388305664,121.30999755859375,0.7
2017-11-14,226.21694946289062,98.1557388305664,121.30999755859375,0.7
2017-11-14,225.6915283203125,98.81877136230469,121.55999755859375,0.7
2017-11-15,225.6915283203125,98.81877136230469,121.55999755859375,0.65
2017-11-15,224.5618896484375,99.89218139648438,121.41000366210938,0.65
2017-11-16,224.5618896484375,99.89218139648438,121.41000366210938,0.65
2017-11-16,226.4709014892578,99.02393341064453,121.4000015258789,0.65
2017-11-17,226.4709014892578,99.02393341064453,121.4000015258789,0.62
2017-11-17,225.8053741455078,99.7580337524414,122.86000061035156,0.62
2017-11-20,225.8053741455078,99.7580337524414,122.86000061035156,0.6
2017-11-20,226.190673828125,99.71852111816406,121.30999755859375,0.6
2017-11-21,226.190673828125,99.71852111816406,121.30999755859375,0.59
2017-11-21,227.6706085205078,100.03424072265625,121.51000213623047,0.59
2017-11-22,227.6706085205078,100.03424072265625,121.51000213623047,0.58
2017-11-22,227.4691619873047,100.35783386230469,122.62999725341797,0.58
2017-11-24,227.4691619873047,100.35783386230469,122.62999725341797,0.59
2017-11-24,227.99464416503906,100.08158874511719,122.31999969482422,0.59
2017-11-27,227.99464416503906,100.08158874511719,122.31999969482422,0.58
2017-11-27,227.88075256347656,99.93954467773438,122.83000183105469,0.58
2017-11-28,227.88075256347656,99.93954467773438,122.83000183105469,0.59
2017-11-28,230.19259643554688,100.07372283935547,122.80999755859375,0.59
2017-11-29,230.19259643554688,100.07372283935547,122.80999755859375,0.59
2017-11-29,230.0524444580078,99.08706665039062,122.04000091552734,0.59
2017-11-30,230.0524444580078,99.08706665039062,122.04000091552734,0.64
2017-11-30,232.0666046142578,98.755615234375,121.0999984741211,0.64
2017-12-01,232.0666046142578,98.755615234375,121.0999984741211,0.59
2017-12-01,231.5848846435547,100.08829498291016,121.58999633789062,0.59
2017-12-04,231.5848846435547,100.08829498291016,121.58999633789062,0.57
2017-12-04,231.3047332763672,100.1357192993164,121.18000030517578,0.57
2017-12-05,231.3047332763672,100.1357192993164,121.18000030517578,0.53
2017-12-05,230.47274780273438,100.63398742675781,120.31999969482422,0.53
2017-12-06,230.47274780273438,100.63398742675781,120.31999969482422,0.55
2017-12-06,230.51654052734375,100.98197174072266,120.06999969482422,0.55
2017-12-07,230.51654052734375,100.98197174072266,120.06999969482422,0.57
2017-12-07,231.24339294433594,100.19107818603516,118.48999786376953,0.57
2017-12-08,231.24339294433594,100.19107818603516,118.48999786376953,0.58
2017-12-08,232.5044403076172,100.198974609375,118.4800033569336,0.58
2017-12-11,232.5044403076172,100.198974609375,118.4800033569336,0.57
2017-12-11,233.2049102783203,99.99335479736328,118.01000213623047,0.57
2017-12-12,233.2049102783203,99.99335479736328,118.01000213623047,0.57
2017-12-12,233.61648559570312,99.95378112792969,118.1500015258789,0.57
2017-12-13,233.61648559570312,99.95378112792969,118.1500015258789,0.57
2017-12-13,233.5902862548828,100.70516204833984,119.16999816894531,0.57
2017-12-14,233.5902862548828,100.70516204833984,119.16999816894531,0.53
2017-12-14,232.6357879638672,101.13226318359375,118.93000030517578,0.53
2017-12-15,232.6357879638672,101.13226318359375,118.93000030517578,0.51
2017-12-15,234.572998046875,101.51190185546875,119.18000030517578,0.51
2017-12-18,234.572998046875,101.51190185546875,119.18000030517578,0.55
2017-12-18,236.06048583984375,100.58656311035156,119.7300033569336,0.55
2017-12-19,236.06048583984375,100.58656311035156,119.7300033569336,0.59
2017-12-19,235.1538848876953,99.28153991699219,119.81999969482422,0.59
2017-12-20,235.1538848876953,99.28153991699219,119.81999969482422,0.62
2017-12-20,235.0306396484375,98.18219757080078,120.13999938964844,0.62
2017-12-21,235.0306396484375,98.18219757080078,120.13999938964844,0.59
2017-12-21,235.51475524902344,98.75444030761719,120.30999755859375,0.59
2017-12-22,235.51475524902344,98.75444030761719,120.30999755859375,0.57
2017-12-22,235.45315551757812,98.88917541503906,120.94000244140625,0.57
2017-12-26,235.45315551757812,98.88917541503906,120.94000244140625,0.55
2017-12-26,235.1714630126953,99.18243408203125,121.7699966430664,0.55
2017-12-27,235.1714630126953,99.18243408203125,121.7699966430664,0.53
2017-12-27,235.28598022460938,100.47435760498047,122.2300033569336,0.53
2017-12-28,235.28598022460938,100.47435760498047,122.2300033569336,0.52
2017-12-28,235.77000427246094,100.38714599609375,122.8499984741211,0.52
2017-12-29,235.77000427246094,100.38714599609375,122.8499984741211,0.51
2017-12-29,234.88101196289062,100.5456771850586,123.6500015258789,0.51
2018-01-02,234.88101196289062,100.5456771850586,123.6500015258789,0.54
2018-01-02,236.56211853027344,99.4598388671875,125.1500015258789,0.54
2018-01-03,236.56211853027344,99.4598388671875,125.1500015258789,0.5
2018-01-03,238.05844116210938,99.93536376953125,124.81999969482422,0.5
2018-01-04,238.05844116210938,99.93536376953125,124.81999969482422,0.5
2018-01-04,239.06185913085938,99.91951751708984,125.45999908447266,0.5
2018-01-05,239.06185913085938,99.91951751708984,125.45999908447266,0.51
2018-01-05,240.65499877929688,99.63416290283203,125.33000183105469,0.51
2018-01-08,240.65499877929688,99.63416290283203,125.33000183105469,0.53
2018-01-08,241.09507751464844,99.57079315185547,125.30999755859375,0.53
2018-01-09,241.09507751464844,99.57079315185547,125.30999755859375,0.57
2018-01-09,241.6407012939453,98.23928833007812,124.7300033569336,0.57
2018-01-10,241.6407012939453,98.23928833007812,124.7300033569336,0.57
2018-01-10,241.27101135253906,98.12041473388672,125.02999877929688,0.57
2018-01-11,241.27101135253906,98.12041473388672,125.02999877929688,0.56
2018-01-11,243.0314178466797,98.52458953857422,125.44000244140625,0.56
2018-01-12,243.0314178466797,98.52458953857422,125.44000244140625,0.56
2018-01-12,244.6156463623047,98.69099426269531,126.95999908447266,0.56
2018-01-16,244.6156463623047,98.69099426269531,126.95999908447266,0.51
2018-01-16,243.779541015625,99.10318756103516,127.16999816894531,0.51
2018-01-17,243.779541015625,99.10318756103516,127.16999816894531,0.52
2018-01-17,246.10317993164062,98.96845245361328,126.13999938964844,0.52
2018-01-18,246.10317993164062,98.96845245361328,126.13999938964844,0.57
2018-01-18,245.68951416015625,98.04904174804688,125.86000061035156,0.57
2018-01-19,245.68951416015625,98.04904174804688,125.86000061035156,0.58
2018-01-19,246.8072509765625,97.53392028808594,126.41999816894531,0.58
2018-01-22,246.8072509765625,97.53392028808594,126.41999816894531,0.58
2018-01-22,248.8140869140625,97.62897491455078,126.6500015258789,0.58
2018-01-23,248.8140869140625,97.62897491455078,126.6500015258789,0.57
2018-01-23,249.34214782714844,98.04904174804688,127.27999877929688,0.57
2018-01-24,249.34214782714844,98.04904174804688,127.27999877929688,0.57
2018-01-24,249.24542236328125,97.51803588867188,128.8300018310547,0.57
2018-01-25,249.24542236328125,97.51803588867188,128.8300018310547,0.55
2018-01-25,249.35096740722656,98.31855010986328,127.97000122070312,0.55
2018-01-26,249.35096740722656,98.31855010986328,127.97000122070312,0.53
2018-01-26,252.23794555664062,97.9539566040039,128.07000732421875,0.53
2018-01-29,252.23794555664062,97.9539566040039,128.07000732421875,0.59
2018-01-29,250.565673828125,97.27230834960938,127.3499984741211,0.59
2018-01-30,250.565673828125,97.27230834960938,127.3499984741211,0.6
2018-01-30,247.9954833984375,96.70165252685547,126.80000305175781,0.6
2018-01-31,247.9954833984375,96.70165252685547,126.80000305175781,0.58
2018-01-31,248.11875915527344,97.27230834960938,127.6500015258789,0.58
2018-02-01,248.11875915527344,97.27230834960938,127.6500015258789,0.62
2018-02-01,247.83714294433594,95.86257934570312,128.07000732421875,0.62
2018-02-02,247.83714294433594,95.86257934570312,128.07000732421875,0.69
2018-02-02,242.441650390625,94.97303771972656,126.38999938964844,0.69
2018-02-05,242.441650390625,94.97303771972656,126.38999938964844,0.69
2018-02-05,232.30218505859375,95.87055206298828,126.70999908447266,0.69
2018-02-06,232.30218505859375,95.87055206298828,126.70999908447266,0.69
2018-02-06,236.87904357910156,95.27487182617188,125.37999725341797,0.69
2018-02-07,236.87904357910156,95.27487182617188,125.37999725341797,0.69
2018-02-07,235.59397888183594,94.36943054199219,124.79000091552734,0.69
2018-02-08,235.59397888183594,94.36943054199219,124.79000091552734,0.72
2018-02-08,226.7571258544922,94.26620483398438,124.9800033569336,0.72
2018-02-09,226.7571258544922,94.26620483398438,124.9800033569336,0.78
2018-02-09,230.16334533691406,93.67051696777344,124.7699966430664,0.78
2018-02-12,230.16334533691406,93.67051696777344,124.7699966430664,0.77
2018-02-12,233.543212890625,94.08352661132812,125.37000274658203,0.77
2018-02-13,233.543212890625,94.08352661132812,125.37000274658203,0.73
2018-02-13,234.1240997314453,94.5044937133789,126.08000183105469,0.73
2018-02-14,234.1240997314453,94.5044937133789,126.08000183105469,0.74
2018-02-14,237.28387451171875,93.45610046386719,128.22999572753906,0.74
2018-02-15,237.28387451171875,93.45610046386719,128.22999572753906,0.71
2018-02-15,240.31170654296875,93.77379608154297,128.3800048828125,0.71
2018-02-16,240.31170654296875,93.77379608154297,128.3800048828125,0.66
2018-02-16,240.38214111328125,94.2821044921875,127.95999908447266,0.66
2018-02-20,240.38214111328125,94.2821044921875,127.95999908447266,0.63
2018-02-20,238.87696838378906,93.86908721923828,126.23999786376953,0.63
2018-02-21,238.87696838378906,93.86908721923828,126.23999786376953,0.68
2018-02-21,237.6887664794922,92.71747589111328,125.66000366210938,0.68
2018-02-22,237.6887664794922,92.71747589111328,125.66000366210938,0.67
2018-02-22,237.9967803955078,92.99542999267578,126.30000305175781,0.67
2018-02-23,237.9967803955078,92.99542999267578,126.30000305175781,0.63
2018-02-23,241.7904052734375,93.82144165039062,126.13999938964844,0.63
2018-02-26,241.7904052734375,93.82144165039062,126.13999938964844,0.64
2018-02-26,244.59800720214844,93.85319519042969,126.44999694824219,0.64
2018-02-27,244.59800720214844,93.85319519042969,126.44999694824219,0.63
2018-02-27,241.54393005371094,93.71814727783203,125.12999725341797,0.63
2018-02-28,241.54393005371094,93.71814727783203,125.12999725341797,0.62
2018-02-28,239.09701538085938,94.3138656616211,125.0,0.62
2018-03-01,239.09701538085938,94.3138656616211,125.0,0.59
2018-03-01,235.62042236328125,94.9576416015625,124.72000122070312,0.59
2018-03-02,235.62042236328125,94.9576416015625,124.72000122070312,0.61
2018-03-02,236.8350067138672,94.1856918334961,125.38999938964844,0.61
2018-03-05,236.8350067138672,94.1856918334961,125.38999938964844,0.64
2018-03-05,239.57229614257812,93.93103790283203,125.18000030517578,0.64
2018-03-06,239.57229614257812,93.93103790283203,125.18000030517578,0.63
2018-03-06,240.1796875,94.01860046386719,126.52999877929688,0.63
2018-03-07,240.1796875,94.01860046386719,126.52999877929688,0.64
2018-03-07,240.09161376953125,93.91516876220703,125.72000122070312,0.64
2018-03-08,240.09161376953125,93.91516876220703,125.72000122070312,0.61
2018-03-08,241.25347900390625,94.45631408691406,125.41999816894531,0.61
2018-03-09,241.25347900390625,94.45631408691406,125.41999816894531,0.63
2018-03-09,245.45187377929688,93.83557891845703,125.54000091552734,0.63
2018-03-12,245.45187377929688,93.83557891845703,125.54000091552734,0.6
2018-03-12,245.1438446044922,94.37672424316406,125.54000091552734,0.6
2018-03-13,245.1438446044922,94.37672424316406,125.54000091552734,0.58
2018-03-13,243.5595245361328,94.8542709350586,125.77999877929688,0.58
2018-03-14,243.5595245361328,94.8542709350586,125.77999877929688,0.55
2018-03-14,242.30967712402344,95.68980407714844,125.69999694824219,0.55
2018-03-15,242.30967712402344,95.68980407714844,125.69999694824219,0.53
2018-03-15,242.0456085205078,95.68980407714844,124.9000015258789,0.53
2018-03-16,242.0456085205078,95.68980407714844,124.9000015258789,0.54
2018-03-16,242.30809020996094,95.34761810302734,124.5999984741211,0.54
2018-03-19,242.30809020996094,95.34761810302734,124.5999984741211,0.54
2018-03-19,239.02957153320312,95.04524230957031,124.87000274658203,0.54
2018-03-20,239.02957153320312,95.04524230957031,124.87000274658203,0.55
2018-03-20,239.43600463867188,94.66320037841797,124.30999755859375,0.55
2018-03-21,239.43600463867188,94.66320037841797,124.30999755859375,0.58
2018-03-21,238.9765167236328,94.76669311523438,126.4800033569336,0.58
2018-03-22,238.9765167236328,94.76669311523438,126.4800033569336,0.54
2018-03-22,233.0028076171875,95.70573425292969,125.9800033569336,0.54
2018-03-23,233.0028076171875,95.70573425292969,125.9800033569336,0.54
2018-03-23,228.0364227294922,95.63412475585938,127.61000061035156,0.54
2018-03-26,228.0364227294922,95.63412475585938,127.61000061035156,0.52
2018-03-26,234.2752685546875,95.26802825927734,128.27999877929688,0.52
2018-03-27,234.2752685546875,95.26802825927734,128.27999877929688,0.52
2018-03-27,230.28988647460938,96.28666687011719,127.48999786376953,0.52
2018-03-28,230.28988647460938,96.28666687011719,127.48999786376953,0.49
2018-03-28,229.60940551757812,96.54135131835938,125.7300033569336,0.49
2018-03-29,229.60940551757812,96.54135131835938,125.7300033569336,0.47
2018-03-29,232.5432586669922,97.01091003417969,125.79000091552734,0.47
2018-04-02,232.5432586669922,97.01091003417969,125.79000091552734,0.48
2018-04-02,227.52394104003906,97.20231628417969,127.26000213623047,0.48
2018-04-03,227.52394104003906,97.20231628417969,127.26000213623047,0.51
2018-04-03,230.4401092529297,96.4526138305664,126.30000305175781,0.51
2018-04-04,230.4401092529297,96.4526138305664,126.30000305175781,0.51
2018-04-04,232.90557861328125,96.25323486328125,126.44999694824219,0.51
2018-04-05,232.90557861328125,96.25323486328125,126.44999694824219,0.53
2018-04-05,234.74374389648438,95.53549194335938,125.80000305175781,0.53
2018-04-06,234.74374389648438,95.53549194335938,125.80000305175781,0.5
2018-04-06,229.51219177246094,96.58023834228516,126.38999938964844,0.5
2018-04-09,229.51219177246094,96.58023834228516,126.38999938964844,0.49
2018-04-09,230.64332580566406,96.73975372314453,126.81999969482422,0.49
2018-04-10,230.64332580566406,96.73975372314453,126.81999969482422,0.48
2018-04-10,234.31065368652344,96.56428527832031,127.12000274658203,0.48
2018-04-11,234.31065368652344,96.56428527832031,127.12000274658203,0.47
2018-04-11,233.0823516845703,96.90723419189453,128.11000061035156,0.47
2018-04-12,233.0823516845703,96.90723419189453,128.11000061035156,0.49
2018-04-12,234.99993896484375,96.19744110107422,126.62000274658203,0.49
2018-04-13,234.99993896484375,96.19744110107422,126.62000274658203,0.45
2018-04-13,234.31065368652344,96.42076873779297,127.44999694824219,0.45
2018-04-16,234.31065368652344,96.42076873779297,127.44999694824219,0.44
2018-04-16,236.23707580566406,96.4526138305664,127.62999725341797,0.44
2018-04-17,236.23707580566406,96.4526138305664,127.62999725341797,0.41
2018-04-17,238.76446533203125,96.71581268310547,127.75,0.41
2018-04-18,238.76446533203125,96.71581268310547,127.75,0.45
2018-04-18,238.94117736816406,95.94222259521484,127.8499984741211,0.45
2018-04-19,238.94117736816406,95.94222259521484,127.8499984741211,0.48
2018-04-19,237.61569213867188,95.16059875488281,127.5999984741211,0.48
2018-04-20,237.61569213867188,95.16059875488281,127.5999984741211,0.5
2018-04-20,235.60086059570312,94.47476959228516,126.62999725341797,0.5
2018-04-23,235.60086059570312,94.47476959228516,126.62999725341797,0.49
2018-04-23,235.56552124023438,94.49873352050781,125.62000274658203,0.49
2018-04-24,235.56552124023438,94.49873352050781,125.62000274658203,0.52
2018-04-24,232.39300537109375,94.06803894042969,126.2300033569336,0.52
2018-04-25,232.39300537109375,94.06803894042969,126.2300033569336,0.54
2018-04-25,232.9674835205078,93.43799591064453,125.41000366210938,0.54
2018-04-26,232.9674835205078,93.43799591064453,125.41000366210938,0.51
2018-04-26,235.33575439453125,94.09196472167969,124.97000122070312,0.51
2018-04-27,235.33575439453125,94.09196472167969,124.97000122070312,0.47
2018-04-27,235.55662536621094,94.81770324707031,125.5,0.47
2018-04-30,235.55662536621094,94.81770324707031,125.5,0.46
2018-04-30,233.74505615234375,94.98517608642578,124.58999633789062,0.46
2018-05-01,233.74505615234375,94.98517608642578,124.58999633789062,0.47
2018-05-01,234.16041564941406,94.64312744140625,123.70999908447266,0.47
2018-05-02,234.16041564941406,94.64312744140625,123.70999908447266,0.48
2018-05-02,232.5874481201172,94.5391845703125,123.6500015258789,0.48
2018-05-03,232.5874481201172,94.5391845703125,123.6500015258789,0.45
2018-05-03,232.07489013671875,94.96278381347656,124.27999877929688,0.45
2018-05-04,232.07489013671875,94.96278381347656,124.27999877929688,0.44
2018-05-04,235.07943725585938,95.1066665649414,124.54000091552734,0.44
2018-05-07,235.07943725585938,95.1066665649414,124.54000091552734,0.46
2018-05-07,235.8748016357422,94.95484161376953,124.56999969482422,0.46
2018-05-08,235.8748016357422,94.95484161376953,124.56999969482422,0.46
2018-05-08,235.8748016357422,94.86692810058594,124.58999633789062,0.46
2018-05-09,235.8748016357422,94.86692810058594,124.58999633789062,0.46
2018-05-09,238.1547088623047,94.29940795898438,124.33000183105469,0.46
2018-05-10,238.1547088623047,94.29940795898438,124.33000183105469,0.43
2018-05-10,240.38156127929688,95.05870056152344,125.18000030517578,0.43
2018-05-11,240.38156127929688,95.05870056152344,125.18000030517578,0.43
2018-05-11,241.11512756347656,95.29852294921875,125.0,0.43
2018-05-14,241.11512756347656,95.29852294921875,125.0,0.45
2018-05-14,241.22998046875,94.7949447631836,124.48999786376953,0.45
2018-05-15,241.22998046875,94.7949447631836,124.48999786376953,0.5
2018-05-15,239.56861877441406,93.7159194946289,122.4800033569336,0.5
2018-05-16,239.56861877441406,93.7159194946289,122.4800033569336,0.51
2018-05-16,240.57603454589844,93.35626983642578,122.29000091552734,0.51
2018-05-17,240.57603454589844,93.35626983642578,122.29000091552734,0.54
2018-05-17,240.37278747558594,92.8846664428711,122.36000061035156,0.54
2018-05-18,240.37278747558594,92.8846664428711,122.36000061035156,0.51
2018-05-18,239.77186584472656,93.6839599609375,122.41000366210938,0.51
2018-05-21,239.77186584472656,93.6839599609375,122.41000366210938,0.48
2018-05-21,241.57456970214844,93.73189544677734,122.4800033569336,0.48
2018-05-22,241.57456970214844,93.73189544677734,122.4800033569336,0.47
2018-05-22,240.90293884277344,93.5880355834961,122.41000366210938,0.47
2018-05-23,240.90293884277344,93.5880355834961,122.41000366210938,0.48
2018-05-23,241.5657501220703,94.2674331665039,122.54000091552734,0.48
2018-05-24,241.5657501220703,94.2674331665039,122.54000091552734,0.48
2018-05-24,241.07089233398438,95.01875305175781,123.58999633789062,0.48
2018-05-25,241.07089233398438,95.01875305175781,123.58999633789062,0.45
2018-05-25,240.49656677246094,95.6102294921875,123.20999908447266,0.45
2018-05-29,240.49656677246094,95.6102294921875,123.20999908447266,0.45
2018-05-29,237.7305145263672,97.7043685913086,123.19000244140625,0.45
2018-05-30,237.7305145263672,97.7043685913086,123.19000244140625,0.42
2018-05-30,240.90293884277344,97.04891967773438,123.37000274658203,0.42
2018-05-31,240.90293884277344,97.04891967773438,123.37000274658203,0.43
2018-05-31,239.42721557617188,96.88907623291016,123.0999984741211,0.43
2018-06-01,239.42721557617188,96.88907623291016,123.0999984741211,0.42
2018-06-01,241.7778778076172,96.37718963623047,122.48999786376953,0.42
2018-06-04,241.7778778076172,96.37718963623047,122.48999786376953,0.42
2018-06-04,242.92669677734375,95.68016052246094,122.37000274658203,0.42
2018-06-05,242.92669677734375,95.68016052246094,122.37000274658203,0.43
2018-06-05,243.10336303710938,95.90446472167969,122.8499984741211,0.43
2018-06-06,243.10336303710938,95.90446472167969,122.8499984741211,0.45
2018-06-06,245.13589477539062,95.12736511230469,122.91999816894531,0.45
2018-06-07,245.13589477539062,95.12736511230469,122.91999816894531,0.43
2018-06-07,245.10935974121094,96.04866027832031,122.86000061035156,0.43
2018-06-08,245.10935974121094,96.04866027832031,122.86000061035156,0.43
2018-06-08,245.83395385742188,95.76024627685547,123.01000213623047,0.43
2018-06-11,245.83395385742188,95.76024627685547,123.01000213623047,0.44
2018-06-11,246.16098022460938,95.58399963378906,123.2300033569336,0.44
2018-06-12,246.16098022460938,95.58399963378906,123.2300033569336,0.42
2018-06-12,246.47914123535156,95.60804748535156,122.81999969482422,0.42
2018-06-13,246.47914123535156,95.60804748535156,122.81999969482422,0.39
2018-06-13,245.69259643554688,95.55996704101562,123.19000244140625,0.39
2018-06-14,245.69259643554688,95.55996704101562,123.19000244140625,0.35
2018-06-14,246.3112030029297,96.35311126708984,123.37999725341797,0.35
2018-06-15,246.3112030029297,96.35311126708984,123.37999725341797,0.38
2018-06-15,245.99691772460938,96.44123077392578,121.33999633789062,0.38
2018-06-18,245.99691772460938,96.44123077392578,121.33999633789062,0.36
2018-06-18,245.49095153808594,96.35311126708984,121.11000061035156,0.36
2018-06-19,245.49095153808594,96.35311126708984,121.11000061035156,0.35
2018-06-19,244.55007934570312,96.9139175415039,120.80000305175781,0.35
2018-06-20,244.55007934570312,96.9139175415039,120.80000305175781,0.37
2018-06-20,244.96730041503906,96.06473541259766,120.26000213623047,0.37
2018-06-21,244.96730041503906,96.06473541259766,120.26000213623047,0.34
2018-06-21,243.4315643310547,96.56941223144531,120.05000305175781,0.34
2018-06-22,243.4315643310547,96.56941223144531,120.05000305175781,0.34
2018-06-22,243.8754425048828,96.5613784790039,120.33999633789062,0.34
2018-06-25,243.8754425048828,96.5613784790039,120.33999633789062,0.33
2018-06-25,240.5556182861328,96.77772521972656,119.88999938964844,0.33
2018-06-26,240.5556182861328,96.77772521972656,119.88999938964844,0.35
2018-06-26,241.0882110595703,96.9139175415039,119.26000213623047,0.35
2018-06-27,241.0882110595703,96.9139175415039,119.26000213623047,0.31
2018-06-27,239.0909423828125,97.82722473144531,118.58000183105469,0.31
2018-06-28,239.0909423828125,97.82722473144531,118.58000183105469,0.32
2018-06-28,240.45802307128906,97.8511962890625,118.22000122070312,0.32
2018-06-29,240.45802307128906,97.8511962890625,118.22000122070312,0.33
2018-06-29,240.80416870117188,97.51475524902344,118.6500015258789,0.33
2018-07-02,240.80416870117188,97.51475524902344,118.6500015258789,0.3
2018-07-02,241.31893920898438,97.43848419189453,117.45999908447266,0.3
2018-07-03,241.31893920898438,97.43848419189453,117.45999908447266,0.3
2018-07-03,240.46681213378906,97.96044921875,118.6500015258789,0.3
2018-07-05,240.46681213378906,97.96044921875,118.6500015258789,0.29
2018-07-05,242.4285430908203,98.24144744873047,119.05000305175781,0.29
2018-07-06,242.4285430908203,98.24144744873047,119.05000305175781,0.29
2018-07-06,244.47900390625,98.56261444091797,118.86000061035156,0.29
2018-07-09,244.47900390625,98.56261444091797,118.86000061035156,0.29
2018-07-09,246.6804656982422,97.92825317382812,119.1500015258789,0.29
2018-07-10,246.6804656982422,97.92825317382812,119.1500015258789,0.28
2018-07-10,247.56809997558594,97.92021179199219,118.93000030517578,0.28
2018-07-11,247.56809997558594,97.92021179199219,118.93000030517578,0.27
2018-07-11,245.75723266601562,98.29763793945312,117.63999938964844,0.27
2018-07-12,245.75723266601562,98.29763793945312,117.63999938964844,0.25
2018-07-12,247.9852752685547,98.28958892822266,118.12999725341797,0.25
2018-07-13,247.9852752685547,98.28958892822266,118.12999725341797,0.24
2018-07-13,248.1806182861328,98.53856658935547,117.61000061035156,0.24
2018-07-16,248.1806182861328,98.53856658935547,117.61000061035156,0.26
2018-07-16,247.9586639404297,98.12902069091797,117.55000305175781,0.26
2018-07-17,247.9586639404297,98.12902069091797,117.55000305175781,0.24
2018-07-17,248.9617462158203,97.94432067871094,116.27999877929688,0.24
2018-07-18,248.9617462158203,97.94432067871094,116.27999877929688,0.28
2018-07-18,249.48553466796875,97.5508804321289,116.30999755859375,0.28
2018-07-19,249.48553466796875,97.5508804321289,116.30999755859375,0.24
2018-07-19,248.54458618164062,98.1691665649414,115.80999755859375,0.24
2018-07-20,248.54458618164062,98.1691665649414,115.80999755859375,0.29
2018-07-20,248.26046752929688,96.96473693847656,116.55999755859375,0.29
2018-07-23,248.26046752929688,96.96473693847656,116.55999755859375,0.32
2018-07-23,248.72207641601562,95.76835632324219,116.0,0.32
2018-07-24,248.72207641601562,95.76835632324219,116.0,0.32
2018-07-24,249.9736328125,96.09754180908203,116.04000091552734,0.32
2018-07-25,249.9736328125,96.09754180908203,116.04000091552734,0.28
2018-07-25,252.10403442382812,95.94499969482422,116.68000030517578,0.28
2018-07-26,252.10403442382812,95.94499969482422,116.68000030517578,0.29
2018-07-26,251.50926208496094,95.76029205322266,115.7699966430664,0.29
2018-07-27,251.50926208496094,95.76029205322266,115.7699966430664,0.29
2018-07-27,249.80499267578125,95.9208984375,115.83000183105469,0.29
2018-07-30,249.80499267578125,95.9208984375,115.83000183105469,0.32
2018-07-30,248.5001678466797,95.59169006347656,115.6500015258789,0.32
2018-07-31,248.5001678466797,95.59169006347656,115.6500015258789,0.29
2018-07-31,249.72515869140625,96.11360168457031,115.98999786376953,0.29
2018-08-01,249.72515869140625,96.11360168457031,115.98999786376953,0.33
2018-08-01,249.30789184570312,95.33058166503906,115.13999938964844,0.33
2018-08-02,249.30789184570312,95.33058166503906,115.13999938964844,0.32
2018-08-02,250.66607666015625,95.46737670898438,114.5199966430664,0.32
2018-08-03,250.66607666015625,95.46737670898438,114.5199966430664,0.32
2018-08-03,251.7401123046875,95.94217681884766,114.91999816894531,0.32
2018-08-06,251.7401123046875,95.94217681884766,114.91999816894531,0.3
2018-08-06,252.66331481933594,95.99854278564453,114.33000183105469,0.3
2018-08-07,252.66331481933594,95.99854278564453,114.33000183105469,0.3
2018-08-07,253.49757385253906,95.49958038330078,114.58999633789062,0.3
2018-08-08,253.49757385253906,95.49958038330078,114.58999633789062,0.28
2018-08-08,253.3912353515625,95.59613800048828,114.91000366210938,0.28
2018-08-09,253.3912353515625,95.59613800048828,114.91000366210938,0.29
2018-08-09,253.04502868652344,96.40089416503906,114.73999786376953,0.29
2018-08-10,253.04502868652344,96.40089416503906,114.73999786376953,0.26
2018-08-10,251.3495330810547,97.10101318359375,114.69000244140625,0.26
2018-08-13,251.3495330810547,97.10101318359375,114.69000244140625,0.27
2018-08-13,250.4085693359375,96.89985656738281,112.95999908447266,0.27
2018-08-14,250.4085693359375,96.89985656738281,112.95999908447266,0.26
2018-08-14,252.00637817382812,96.68252563476562,113.06999969482422,0.26
2018-08-15,252.00637817382812,96.68252563476562,113.06999969482422,0.25
2018-08-15,250.12454223632812,97.24588775634766,111.19000244140625,0.25
2018-08-16,250.12454223632812,97.24588775634766,111.19000244140625,0.24
2018-08-16,252.14840698242188,97.23786926269531,111.0999984741211,0.24
2018-08-17,252.14840698242188,97.23786926269531,111.0999984741211,0.26
2018-08-17,253.0361328125,97.3585205078125,112.12999725341797,0.26
2018-08-20,253.0361328125,97.3585205078125,112.12999725341797,0.22
2018-08-20,253.57757568359375,98.01040649414062,112.69000244140625,0.22
2018-08-21,253.57757568359375,98.01040649414062,112.69000244140625,0.24
2018-08-21,254.17230224609375,97.6804428100586,113.0199966430664,0.24
2018-08-22,254.17230224609375,97.6804428100586,113.0199966430664,0.22
2018-08-22,254.0214385986328,98.06674194335938,113.2699966430664,0.22
2018-08-23,254.0214385986328,98.06674194335938,113.2699966430664,0.21
2018-08-23,253.68417358398438,98.21961975097656,112.19999694824219,0.21
2018-08-24,253.68417358398438,98.21961975097656,112.19999694824219,0.19
2018-08-24,255.21084594726562,98.41275024414062,114.16000366210938,0.19
2018-08-27,255.21084594726562,98.41275024414062,114.16000366210938,0.18
2018-08-27,257.2258605957031,97.84947967529297,114.58999633789062,0.18
2018-08-28,257.2258605957031,97.84947967529297,114.58999633789062,0.21
2018-08-28,257.3501281738281,97.261962890625,113.68000030517578,0.21
2018-08-29,257.3501281738281,97.261962890625,113.68000030517578,0.22
2018-08-29,258.73486328125,97.39073944091797,114.19999694824219,0.22
2018-08-30,258.73486328125,97.39073944091797,114.19999694824219,0.22
2018-08-30,257.6873474121094,97.59998321533203,113.63999938964844,0.22
2018-08-31,257.6873474121094,97.59998321533203,113.63999938964844,0.24
2018-08-31,257.6962890625,97.3746109008789,113.51000213623047,0.24
2018-09-04,257.6962890625,97.3746109008789,113.51000213623047,0.24
2018-09-04,257.2524719238281,96.81163787841797,112.93000030517578,0.24
2018-09-05,257.2524719238281,96.81163787841797,112.93000030517578,0.24
2018-09-05,256.5600891113281,96.5535888671875,113.31999969482422,0.24
2018-09-06,256.5600891113281,96.5535888671875,113.31999969482422,0.24
2018-09-06,255.78782653808594,96.908447265625,113.54000091552734,0.24
2018-09-07,255.78782653808594,96.908447265625,113.54000091552734,0.23
2018-09-07,255.29078674316406,96.08576965332031,113.2300033569336,0.23
2018-09-10,255.29078674316406,96.08576965332031,113.2300033569336,0.21
2018-09-10,255.73460388183594,96.440673828125,113.1500015258789,0.21
2018-09-11,255.73460388183594,96.440673828125,113.1500015258789,0.22
2018-09-11,256.5778503417969,95.70672607421875,113.22000122070312,0.22
2018-09-12,256.5778503417969,95.70672607421875,113.22000122070312,0.23
2018-09-12,256.6399841308594,95.93252563476562,114.16999816894531,0.23
2018-09-13,256.6399841308594,95.93252563476562,114.16999816894531,0.21
2018-09-13,258.1578674316406,96.07766723632812,113.76000213623047,0.21
2018-09-14,258.1578674316406,96.07766723632812,113.76000213623047,0.21
2018-09-14,258.2023620605469,95.61798095703125,113.0199966430664,0.21
2018-09-17,258.2023620605469,95.61798095703125,113.0199966430664,0.21
2018-09-17,256.8353271484375,95.61798095703125,113.61000061035156,0.21
2018-09-18,256.8353271484375,95.61798095703125,113.61000061035156,0.24
2018-09-18,258.2289733886719,94.6177978515625,113.44000244140625,0.24
2018-09-19,258.2289733886719,94.6177978515625,113.44000244140625,0.27
2018-09-19,258.50408935546875,94.05321502685547,113.87999725341797,0.27
2018-09-20,258.50408935546875,94.05321502685547,113.87999725341797,0.26
2018-09-20,260.59893798828125,94.48876190185547,114.2699966430664,0.26
2018-09-21,260.59893798828125,94.48876190185547,114.2699966430664,0.26
2018-09-21,260.3608703613281,94.44841003417969,113.48999786376953,0.26
2018-09-24,260.3608703613281,94.44841003417969,113.48999786376953,0.25
2018-09-24,259.4960021972656,94.2064437866211,113.47000122070312,0.25
2018-09-25,259.4960021972656,94.2064437866211,113.47000122070312,0.27
2018-09-25,259.2551574707031,94.10968017578125,113.6500015258789,0.27
2018-09-26,259.2551574707031,94.10968017578125,113.6500015258789,0.23
2018-09-26,258.4794616699219,94.77108001708984,113.05000305175781,0.23
2018-09-27,258.4794616699219,94.77108001708984,113.05000305175781,0.23
2018-09-27,259.2017822265625,94.8355941772461,112.05000305175781,0.23
2018-09-28,259.2017822265625,94.8355941772461,112.05000305175781,0.24
2018-09-28,259.2284240722656,94.5855484008789,112.76000213623047,0.24
2018-10-01,259.2284240722656,94.5855484008789,112.76000213623047,0.27
2018-10-01,260.12896728515625,93.89117431640625,112.56999969482422,0.27
2018-10-02,260.12896728515625,93.89117431640625,112.56999969482422,0.23
2018-10-02,259.9774475097656,94.46511840820312,113.87000274658203,0.23
2018-10-03,259.9774475097656,94.46511840820312,113.87000274658203,0.3
2018-10-03,260.1201171875,92.82411193847656,113.41999816894531,0.3
2018-10-04,260.1201171875,92.82411193847656,113.41999816894531,0.32
2018-10-04,258.0870666503906,92.16939544677734,113.4800033569336,0.32
2018-10-05,258.0870666503906,92.16939544677734,113.4800033569336,0.35
2018-10-05,256.6426086425781,91.37715911865234,113.80000305175781,0.35
2018-10-08,256.6426086425781,91.07001495361328,112.54000091552734,0.35
2018-10-09,256.6426086425781,91.07001495361328,112.54000091552734,0.33
2018-10-09,256.2680358886719,91.9915542602539,112.5999984741211,0.33
2018-10-10,256.2680358886719,91.9915542602539,112.5999984741211,0.34
2018-10-10,248.1537322998047,91.74093627929688,112.87999725341797,0.34
2018-10-11,248.1537322998047,91.74093627929688,112.87999725341797,0.29
2018-10-11,242.6878662109375,92.8564682006836,115.77999877929688,0.29
2018-10-12,242.6878662109375,92.8564682006836,115.77999877929688,0.3
2018-10-12,246.05833435058594,92.53313446044922,115.2300033569336,0.3
2018-10-15,246.05833435058594,92.53313446044922,115.2300033569336,0.31
2018-10-15,244.67620849609375,92.49272918701172,116.0,0.31
2018-10-16,244.67620849609375,92.49272918701172,116.0,0.29
2018-10-16,250.02627563476562,92.70288848876953,115.80000305175781,0.29
2018-10-17,250.02627563476562,92.70288848876953,115.80000305175781,0.3
2018-10-17,250.07089233398438,92.15314483642578,115.79000091552734,0.3
2018-10-18,250.07089233398438,92.15314483642578,115.79000091552734,0.3
2018-10-18,246.45965576171875,92.12089538574219,115.91999816894531,0.3
2018-10-19,246.45965576171875,92.12089538574219,115.91999816894531,0.28
2018-10-19,246.3258819580078,91.91877746582031,116.01000213623047,0.28
2018-10-22,246.3258819580078,91.91877746582031,116.01000213623047,0.28
2018-10-22,245.22021484375,91.79753112792969,115.70999908447266,0.28
2018-10-23,245.22021484375,91.79753112792969,115.70999908447266,0.28
2018-10-23,243.9718475341797,92.08851623535156,116.38999938964844,0.28
2018-10-24,243.9718475341797,92.08851623535156,116.38999938964844,0.26
2018-10-24,236.5797882080078,92.78375244140625,116.66000366210938,0.26
2018-10-25,236.5797882080078,92.78375244140625,116.66000366210938,0.28
2018-10-25,240.82420349121094,92.39569091796875,116.4000015258789,0.28
2018-10-26,240.82420349121094,92.39569091796875,116.4000015258789,0.27
2018-10-26,236.5886993408203,92.95347595214844,116.7699966430664,0.27
2018-10-29,236.5886993408203,92.95347595214844,116.7699966430664,0.27
2018-10-29,235.2779083251953,92.74329376220703,116.30999755859375,0.27
2018-10-30,235.2779083251953,92.74329376220703,116.30999755859375,0.28
2018-10-30,238.764404296875,92.28251647949219,115.80000305175781,0.28
2018-10-31,238.764404296875,92.28251647949219,115.80000305175781,0.28
2018-10-31,241.31471252441406,91.813720703125,115.1500015258789,0.28
2018-11-01,241.31471252441406,91.813720703125,115.1500015258789,0.3
2018-11-01,243.8826904296875,91.89878845214844,116.62999725341797,0.3
2018-11-02,243.8826904296875,91.89878845214844,116.62999725341797,0.31
2018-11-02,242.4381866455078,90.75621795654297,116.6500015258789,0.31
2018-11-05,242.4381866455078,90.75621795654297,116.6500015258789,0.29
2018-11-05,243.775634765625,91.11276245117188,116.37000274658203,0.29
2018-11-06,243.775634765625,91.11276245117188,116.37000274658203,0.29
2018-11-06,245.3182373046875,91.0560531616211,116.04000091552734,0.29
2018-11-07,245.3182373046875,91.0560531616211,116.04000091552734,0.26
2018-11-07,250.5702362060547,91.1775894165039,116.02999877929688,0.26
2018-11-08,250.5702362060547,91.1775894165039,116.02999877929688,0.26
2018-11-08,250.11538696289062,91.16949462890625,115.77999877929688,0.26
2018-11-09,250.11538696289062,91.16949462890625,115.77999877929688,0.25
2018-11-09,247.67230224609375,91.85012817382812,114.4800033569336,0.25
2018-11-12,243.04449462890625,92.44977569580078,113.66000366210938,0.25
2018-11-13,243.04449462890625,92.44977569580078,113.66000366210938,0.25
2018-11-13,242.58970642089844,92.39305877685547,113.69999694824219,0.25
2018-11-14,242.58970642089844,92.39305877685547,113.69999694824219,0.26
2018-11-14,240.9312744140625,92.44977569580078,114.63999938964844,0.26
2018-11-15,240.9312744140625,92.44977569580078,114.63999938964844,0.25
2018-11-15,243.44577026367188,92.40929412841797,114.7699966430664,0.25
2018-11-16,243.44577026367188,92.40929412841797,114.7699966430664,0.27
2018-11-16,244.07882690429688,92.9441146850586,115.62000274658203,0.27
2018-11-19,244.07882690429688,92.9441146850586,115.62000274658203,0.27
2018-11-19,239.95030212402344,93.20339965820312,115.66999816894531,0.27
2018-11-20,239.95030212402344,93.20339965820312,115.66999816894531,0.27
2018-11-20,235.50982666015625,93.23578643798828,115.66999816894531,0.27
2018-11-21,235.50982666015625,93.23578643798828,115.66999816894531,0.25
2018-11-21,236.31228637695312,93.20339965820312,115.86000061035156,0.25
2018-11-23,236.31228637695312,93.20339965820312,115.86000061035156,0.24
2018-11-23,234.7340545654297,93.30062866210938,115.7699966430664,0.24
2018-11-26,234.7340545654297,93.30062866210938,115.7699966430664,0.23
2018-11-26,238.52369689941406,93.0899429321289,115.63999938964844,0.23
2018-11-27,238.52369689941406,93.0899429321289,115.63999938964844,0.23
2018-11-27,239.32620239257812,93.19527435302734,114.94999694824219,0.23
2018-11-28,239.32620239257812,93.19527435302734,114.94999694824219,0.25
2018-11-28,244.83680725097656,92.74150085449219,115.37999725341797,0.25
2018-11-29,244.83680725097656,92.74150085449219,115.37999725341797,0.22
2018-11-29,244.30169677734375,93.10614013671875,115.73999786376953,0.22
2018-11-30,244.30169677734375,93.10614013671875,115.73999786376953,0.21
2018-11-30,245.79083251953125,93.45457458496094,115.54000091552734,0.21
2018-12-03,245.79083251953125,93.45457458496094,115.54000091552734,0.15
2018-12-03,249.04542541503906,94.1181640625,116.41000366210938,0.15
2018-12-04,249.04542541503906,94.1181640625,116.41000366210938,0.11
2018-12-04,240.97581481933594,95.69381713867188,117.12000274658203,0.11
2018-12-06,240.97581481933594,95.69381713867188,117.12000274658203,0.12
2018-12-06,240.61019897460938,95.99435424804688,117.13999938964844,0.12
2018-12-07,240.61019897460938,95.99435424804688,117.13999938964844,0.13
2018-12-07,235.0194091796875,96.17306518554688,118.08999633789062,0.13
2018-12-10,235.0194091796875,96.17306518554688,118.08999633789062,0.13
2018-12-10,235.46527099609375,96.571044921875,117.68000030517578,0.13
2018-12-11,235.46527099609375,96.571044921875,117.68000030517578,0.11
2018-12-11,235.51876831054688,96.55477142333984,117.54000091552734,0.11
2018-12-12,235.51876831054688,96.55477142333984,117.54000091552734,0.14
2018-12-12,236.70465087890625,96.12430572509766,117.79000091552734,0.14
2018-12-13,236.70465087890625,96.12430572509766,117.79000091552734,0.16
2018-12-13,236.6243438720703,95.89689636230469,117.52999877929688,0.16
2018-12-14,236.6243438720703,95.89689636230469,117.52999877929688,0.16
2018-12-14,232.25521850585938,96.22989654541016,117.05999755859375,0.16
2018-12-17,232.25521850585938,96.22989654541016,117.05999755859375,0.16
2018-12-17,227.69871520996094,96.79031372070312,117.87000274658203,0.16
2018-12-18,227.69871520996094,96.79031372070312,117.87000274658203,0.17
2018-12-18,227.44906616210938,97.3699722290039,118.1500015258789,0.17
2018-12-19,227.44906616210938,97.3699722290039,118.1500015258789,0.14
2018-12-19,224.0428466796875,98.65631103515625,117.43000030517578,0.14
2018-12-20,224.0428466796875,98.65631103515625,117.43000030517578,0.12
2018-12-20,220.39593505859375,98.29808807373047,119.23999786376953,0.12
2018-12-21,220.39593505859375,98.29808807373047,119.23999786376953,0.16
2018-12-21,215.8800811767578,98.28181457519531,118.72000122070312,0.16
2018-12-24,215.8800811767578,98.28181457519531,118.72000122070312,0.19
2018-12-24,210.1758575439453,98.77025604248047,120.0199966430664,0.19
2018-12-26,210.1758575439453,98.77025604248047,120.0199966430664,0.2
2018-12-26,220.79498291015625,97.71189880371094,119.66000366210938,0.2
2018-12-27,220.79498291015625,97.71189880371094,119.66000366210938,0.21
2018-12-27,222.49014282226562,97.72814178466797,120.56999969482422,0.21
2018-12-28,222.49014282226562,97.72814178466797,120.56999969482422,0.2
2018-12-28,222.20309448242188,98.55044555664062,121.05999755859375,0.2
2018-12-31,222.20309448242188,98.55044555664062,121.05999755859375,0.21
2018-12-31,224.14932250976562,98.9249496459961,121.25,0.21
2019-01-02,224.14932250976562,98.9249496459961,121.25,0.16
2019-01-02,224.3825225830078,99.44602966308594,121.33000183105469,0.16
2019-01-03,224.3825225830078,99.44602966308594,121.33000183105469,0.17
2019-01-03,219.02813720703125,100.57764434814453,122.43000030517578,0.17
2019-01-04,219.02813720703125,100.57764434814453,122.43000030517578,0.17
2019-01-04,226.36463928222656,99.4134292602539,121.44000244140625,0.17
2019-01-07,226.36463928222656,99.4134292602539,121.44000244140625,0.17
2019-01-07,228.14944458007812,99.12036895751953,121.86000061035156,0.17
2019-01-08,228.14944458007812,99.12036895751953,121.86000061035156,0.15
2019-01-08,230.29302978515625,98.85981750488281,121.52999877929688,0.15
2019-01-09,230.29302978515625,98.85981750488281,121.52999877929688,0.18
2019-01-09,231.3693084716797,98.70511627197266,122.30999755859375,0.18
2019-01-10,231.3693084716797,98.70511627197266,122.30999755859375,0.18
2019-01-10,232.18544006347656,98.07012176513672,121.58999633789062,0.18
2019-01-11,232.18544006347656,98.07012176513672,121.58999633789062,0.16
2019-01-11,232.275146484375,98.45276641845703,121.80000305175781,0.16
2019-01-14,232.275146484375,98.45276641845703,121.80000305175781,0.18
2019-01-14,230.8580322265625,98.08641052246094,122.08999633789062,0.18
2019-01-15,230.8580322265625,98.08641052246094,122.08999633789062,0.19
2019-01-15,233.50392150878906,97.72814178466797,121.87999725341797,0.19
2019-01-16,233.50392150878906,97.72814178466797,121.87999725341797,0.18
2019-01-16,234.0688934326172,97.82589721679688,122.2699966430664,0.18
2019-01-17,234.0688934326172,97.82589721679688,122.2699966430664,0.19
2019-01-17,235.84475708007812,97.85032653808594,122.11000061035156,0.19
2019-01-18,235.84475708007812,97.85032653808594,122.11000061035156,0.17
2019-01-18,238.98374938964844,97.33740997314453,121.0199966430664,0.17
2019-01-22,238.98374938964844,97.33740997314453,121.0199966430664,0.16
2019-01-22,235.7550048828125,97.99685668945312,121.44999694824219,0.16
2019-01-23,235.7550048828125,97.99685668945312,121.44999694824219,0.18
2019-01-23,236.24830627441406,97.95614624023438,121.27999877929688,0.18
2019-01-24,236.24830627441406,97.95614624023438,121.27999877929688,0.16
2019-01-24,236.37387084960938,98.59929656982422,121.08999633789062,0.16
2019-01-25,236.37387084960938,98.59929656982422,121.08999633789062,0.16
2019-01-25,238.37396240234375,98.1270980834961,122.86000061035156,0.16
2019-01-28,238.37396240234375,98.1270980834961,122.86000061035156,0.15
2019-01-28,236.56222534179688,98.0293960571289,123.29000091552734,0.15
2019-01-29,236.56222534179688,98.0293960571289,123.29000091552734,0.16
2019-01-29,236.24830627441406,98.5260238647461,123.9800033569336,0.16
2019-01-30,236.24830627441406,98.5260238647461,123.9800033569336,0.18
2019-01-30,239.98831176757812,98.45276641845703,124.69000244140625,0.18
2019-01-31,239.98831176757812,98.45276641845703,124.69000244140625,0.18
2019-01-31,242.09600830078125,99.29946899414062,124.75,0.18
2019-02-01,242.09600830078125,99.29946899414062,124.75,0.18
2019-02-01,242.21258544921875,98.69975280761719,124.5,0.18
2019-02-04,242.21258544921875,98.69975280761719,124.5,0.2
2019-02-04,243.9166717529297,98.25909423828125,123.95999908447266,0.2
2019-02-05,243.9166717529297,98.25909423828125,123.95999908447266,0.18
2019-02-05,244.939208984375,98.70791625976562,124.27999877929688,0.18
2019-02-06,244.939208984375,98.70791625976562,124.27999877929688,0.18
2019-02-06,244.61622619628906,98.75682830810547,123.44000244140625,0.18
2019-02-07,244.61622619628906,98.75682830810547,123.44000244140625,0.17
2019-02-07,242.28433227539062,99.4096450805664,123.73999786376953,0.17
2019-02-08,242.28433227539062,99.4096450805664,123.73999786376953,0.18
2019-02-08,242.5802764892578,99.83391571044922,124.20999908447266,0.18
2019-02-11,242.5802764892578,99.83391571044922,124.20999908447266,0.17
2019-02-11,242.71487426757812,99.4422607421875,123.5999984741211,0.17
2019-02-12,242.71487426757812,99.4422607421875,123.5999984741211,0.18
2019-02-12,245.83599853515625,99.18928527832031,123.86000061035156,0.18
2019-02-13,245.83599853515625,99.18928527832031,123.86000061035156,0.18
2019-02-13,246.6342315673828,98.81395721435547,123.37000274658203,0.18
2019-02-14,246.6342315673828,98.81395721435547,123.37000274658203,0.16
2019-02-14,246.08717346191406,99.37699127197266,124.05999755859375,0.16
2019-02-15,246.08717346191406,99.37699127197266,124.05999755859375,0.14
2019-02-15,248.76882934570312,99.53202819824219,124.80000305175781,0.14
2019-02-19,248.76882934570312,99.53202819824219,124.80000305175781,0.15
2019-02-19,249.19932556152344,99.78495788574219,126.69999694824219,0.15
2019-02-20,249.19932556152344,99.78495788574219,126.69999694824219,0.15
2019-02-20,249.70162963867188,99.49939727783203,126.4800033569336,0.15
2019-02-21,249.70162963867188,99.49939727783203,126.4800033569336,0.16
2019-02-21,248.81361389160156,98.60995483398438,125.05000305175781,0.16
2019-02-22,248.81361389160156,98.60995483398438,125.05000305175781,0.17
2019-02-22,250.35633850097656,99.1974868774414,125.5,0.17
2019-02-25,250.35633850097656,99.1974868774414,125.5,0.16
2019-02-25,250.6970977783203,98.90371704101562,125.37000274658203,0.16
2019-02-26,250.6970977783203,98.90371704101562,125.37000274658203,0.16
2019-02-26,250.5177459716797,99.39330291748047,125.58000183105469,0.16
2019-02-27,250.5177459716797,99.39330291748047,125.58000183105469,0.19
2019-02-27,250.41009521484375,98.26726531982422,124.69000244140625,0.19
2019-02-28,250.41009521484375,98.26726531982422,124.69000244140625,0.21
2019-02-28,249.94366455078125,97.93270111083984,123.98999786376953,0.21
2019-03-01,249.94366455078125,97.93270111083984,123.98999786376953,0.21
2019-03-01,251.5043182373047,97.02755737304688,121.87999725341797,0.21
2019-03-04,251.5043182373047,97.02755737304688,121.87999725341797,0.17
2019-03-04,250.5894317626953,97.78800201416016,121.55999755859375,0.17
2019-03-05,250.5894317626953,97.78800201416016,121.55999755859375,0.17
2019-03-05,250.2486572265625,97.99241638183594,121.72000122070312,0.17
2019-03-06,250.2486572265625,97.99241638183594,121.72000122070312,0.17
2019-03-06,248.7328643798828,98.35214233398438,121.61000061035156,0.17
2019-03-07,248.7328643798828,98.35214233398438,121.61000061035156,0.17
2019-03-07,246.6522216796875,98.98999786376953,121.51000213623047,0.17
2019-03-08,246.6522216796875,98.98999786376953,121.51000213623047,0.17
2019-03-08,246.15892028808594,99.40705108642578,122.83999633789062,0.17
2019-03-11,246.15892028808594,99.40705108642578,122.83999633789062,0.17
2019-03-11,249.72850036621094,99.11262512207031,122.23999786376953,0.17
2019-03-12,249.72850036621094,99.11262512207031,122.23999786376953,0.16
2019-03-12,250.67018127441406,99.80768585205078,122.9800033569336,0.16
2019-03-13,250.67018127441406,99.80768585205078,122.9800033569336,0.16
2019-03-13,252.32952880859375,99.61963653564453,123.83999633789062,0.16
2019-03-14,252.32952880859375,99.61963653564453,123.83999633789062,0.17
2019-03-14,252.1680908203125,98.9000473022461,122.41000366210938,0.17
2019-03-15,252.1680908203125,98.9000473022461,122.41000366210938,0.16
2019-03-15,253.41384887695312,99.55420684814453,122.97000122070312,0.16
2019-03-18,253.41384887695312,99.55420684814453,122.97000122070312,0.15
2019-03-18,254.3326873779297,99.4969711303711,123.04000091552734,0.15
2019-03-19,254.3326873779297,99.4969711303711,123.04000091552734,0.15
2019-03-19,254.39576721191406,99.27615356445312,123.37999725341797,0.15
2019-03-20,254.39576721191406,99.27615356445312,123.37999725341797,0.14
2019-03-20,253.63003540039062,100.31465148925781,124.18000030517578,0.14
2019-03-21,253.63003540039062,100.31465148925781,124.18000030517578,0.13
2019-03-21,256.49462890625,100.53544616699219,123.68000030517578,0.13
2019-03-22,256.49462890625,100.53544616699219,123.68000030517578,0.13
2019-03-22,251.55816650390625,102.09722137451172,123.97000122070312,0.13
2019-03-25,251.55816650390625,102.09722137451172,123.97000122070312,0.17
2019-03-25,251.36895751953125,102.26077270507812,124.91999816894531,0.17
2019-03-26,251.36895751953125,102.26077270507812,124.91999816894531,0.17
2019-03-26,253.24266052246094,102.18720245361328,124.30000305175781,0.17
2019-03-27,253.24266052246094,102.18720245361328,124.30000305175781,0.17
2019-03-27,251.91851806640625,103.12751770019531,123.6500015258789,0.17
2019-03-28,251.91851806640625,103.12751770019531,123.6500015258789,0.16
2019-03-28,252.87338256835938,103.48735046386719,121.9000015258789,0.16
2019-03-29,252.87338256835938,103.48735046386719,121.9000015258789,0.14
2019-03-29,254.46788024902344,103.38922882080078,122.01000213623047,0.14
2019-04-01,254.46788024902344,103.38922882080078,122.01000213623047,0.16
2019-04-01,257.4855651855469,101.920654296875,121.52999877929688,0.16
2019-04-02,257.4855651855469,101.920654296875,121.52999877929688,0.18
2019-04-02,257.6117248535156,102.10914611816406,121.9800033569336,0.18
2019-04-03,257.6117248535156,102.10914611816406,121.9800033569336,0.19
2019-04-03,258.0171813964844,101.22407531738281,121.80000305175781,0.19
2019-04-04,258.0171813964844,101.22407531738281,121.80000305175781,0.18
2019-04-04,258.7017822265625,101.51091766357422,122.11000061035156,0.18
2019-04-05,258.7017822265625,101.51091766357422,122.11000061035156,0.15
2019-04-05,259.9538879394531,101.64203643798828,121.9800033569336,0.15
2019-04-08,259.9538879394531,101.64203643798828,121.9800033569336,0.16
2019-04-08,260.1520690917969,101.28144073486328,122.51000213623047,0.16
2019-04-09,260.1520690917969,101.28144073486328,122.51000213623047,0.16
2019-04-09,258.81884765625,101.60103607177734,123.1500015258789,0.16
2019-04-10,258.81884765625,101.60103607177734,123.1500015258789,0.17
2019-04-10,259.7017517089844,101.8469009399414,123.52999877929688,0.17
2019-04-11,259.7017517089844,101.8469009399414,123.52999877929688,0.16
2019-04-11,259.6296691894531,101.24864959716797,121.94999694824219,0.16
2019-04-12,259.6296691894531,101.24864959716797,121.94999694824219,0.16
2019-04-12,261.3863220214844,100.52751159667969,121.83000183105469,0.16
2019-04-15,261.3863220214844,100.52751159667969,121.83000183105469,0.15
2019-04-15,261.2151184082031,100.78155517578125,121.5999984741211,0.15
2019-04-16,261.2151184082031,100.78155517578125,121.5999984741211,0.19
2019-04-16,261.3863220214844,100.1505355834961,120.51000213623047,0.19
2019-04-17,261.3863220214844,100.1505355834961,120.51000213623047,0.19
2019-04-17,260.7467346191406,100.19148254394531,120.27999877929688,0.19
2019-04-18,260.7467346191406,100.19148254394531,120.27999877929688,0.19
2019-04-18,261.2601318359375,100.71600341796875,120.37000274658203,0.19
2019-04-22,261.2601318359375,100.71600341796875,120.37000274658203,0.21
2019-04-22,261.4853210449219,100.23249816894531,120.37000274658203,0.21
2019-04-23,261.4853210449219,100.23249816894531,120.37000274658203,0.21
2019-04-23,263.8365783691406,100.44552612304688,120.12000274658203,0.21
2019-04-24,263.8365783691406,100.44552612304688,120.12000274658203,0.21
2019-04-24,263.2510070800781,101.26506805419922,120.47000122070312,0.21
2019-04-25,263.2510070800781,101.26506805419922,120.47000122070312,0.21
2019-04-25,263.0888366699219,101.11753845214844,120.56999969482422,0.21
2019-04-26,263.0888366699219,101.11753845214844,120.56999969482422,0.23
2019-04-26,264.31396484375,101.46173095703125,121.37000274658203,0.23
2019-04-29,264.31396484375,101.46173095703125,121.37000274658203,0.24
2019-04-29,264.7283630371094,100.81432342529297,120.83000183105469,0.24
2019-04-30,264.7283630371094,100.81432342529297,120.83000183105469,0.24
2019-04-30,264.8634338378906,101.33063507080078,121.19999694824219,0.24
2019-05-01,264.8634338378906,101.33063507080078,121.19999694824219,0.21
2019-05-01,262.8727111816406,101.74861907958984,120.4000015258789,0.21
2019-05-02,262.8727111816406,101.74861907958984,120.4000015258789,0.2
2019-05-02,262.3050842285156,101.26410675048828,119.94000244140625,0.2
2019-05-03,262.3050842285156,101.26410675048828,119.94000244140625,0.21
2019-05-03,264.87255859375,101.551513671875,120.6500015258789,0.21
2019-05-06,264.87255859375,101.551513671875,120.6500015258789,0.2
2019-05-06,263.7825012207031,101.83073425292969,120.80999755859375,0.2
2019-05-07,263.7825012207031,101.83073425292969,120.80999755859375,0.17
2019-05-07,259.3774108886719,102.61087799072266,121.20999908447266,0.17
2019-05-08,259.3774108886719,102.61087799072266,121.20999908447266,0.19
2019-05-08,259.01715087890625,102.16741943359375,120.91000366210938,0.19
2019-05-09,259.01715087890625,102.16741943359375,120.91000366210938,0.19
2019-05-09,258.23333740234375,102.58625793457031,121.19999694824219,0.19
2019-05-10,258.23333740234375,102.58625793457031,121.19999694824219,0.21
2019-05-10,259.530517578125,102.4466323852539,121.43000030517578,0.21
2019-05-13,259.530517578125,102.4466323852539,121.43000030517578,0.22
2019-05-13,253.0084686279297,103.25142669677734,122.66999816894531,0.22
2019-05-14,253.0084686279297,103.25142669677734,122.66999816894531,0.22
2019-05-14,255.29656982421875,102.94758605957031,122.45999908447266,0.22
2019-05-15,255.29656982421875,102.94758605957031,122.45999908447266,0.21
2019-05-15,256.79205322265625,103.57994079589844,122.38999938964844,0.21
2019-05-16,256.79205322265625,103.57994079589844,122.38999938964844,0.2
2019-05-16,259.1701965332031,103.2349853515625,121.51000213623047,0.2
2019-05-17,259.1701965332031,103.2349853515625,121.51000213623047,0.19
2019-05-17,257.49462890625,103.46498107910156,120.6500015258789,0.19
2019-05-20,257.49462890625,103.46498107910156,120.6500015258789,0.2
2019-05-20,255.79214477539062,103.25142669677734,120.63999938964844,0.2
2019-05-21,255.79214477539062,103.25142669677734,120.63999938964844,0.17
2019-05-21,258.0982666015625,103.08719635009766,120.36000061035156,0.17
2019-05-22,258.0982666015625,103.08719635009766,120.36000061035156,0.16
2019-05-22,257.30548095703125,103.67849731445312,120.23999786376953,0.16
2019-05-23,257.30548095703125,103.67849731445312,120.23999786376953,0.19
2019-05-23,254.16159057617188,104.84461212158203,121.16999816894531,0.19
2019-05-24,254.16159057617188,104.84461212158203,121.16999816894531,0.16
2019-05-24,254.73802185058594,104.9349365234375,121.30000305175781,0.16
2019-05-28,254.73802185058594,104.9349365234375,121.30000305175781,0.14
2019-05-28,252.3688507080078,105.69046020507812,120.83000183105469,0.14
2019-05-29,252.3688507080078,105.69046020507812,120.83000183105469,0.16
2019-05-29,250.67527770996094,106.01069641113281,120.87000274658203,0.16
2019-05-30,250.67527770996094,106.01069641113281,120.87000274658203,0.16
2019-05-30,251.3599395751953,106.92230987548828,121.69000244140625,0.16
2019-05-31,251.3599395751953,106.92230987548828,121.69000244140625,0.19
2019-05-31,247.97286987304688,108.26087188720703,123.33000183105469,0.19
2019-06-03,247.97286987304688,108.26087188720703,123.33000183105469,0.25
2019-06-03,247.34230041503906,108.98497772216797,125.11000061035156,0.25
2019-06-04,247.34230041503906,108.98497772216797,125.11000061035156,0.24
2019-06-04,252.71119689941406,107.74244689941406,125.1500015258789,0.24
2019-06-05,252.71119689941406,107.74244689941406,125.1500015258789,0.29
2019-06-05,254.90020751953125,107.13349151611328,125.47000122070312,0.29
2019-06-06,254.90020751953125,107.13349151611328,125.47000122070312,0.24
2019-06-06,256.5577392578125,107.4791259765625,125.87999725341797,0.24
2019-06-07,256.5577392578125,107.4791259765625,125.87999725341797,0.24
2019-06-07,259.125244140625,108.40901184082031,126.58999633789062,0.24
2019-06-10,259.125244140625,108.40901184082031,126.58999633789062,0.25
2019-06-10,260.3143310546875,107.38855743408203,125.33000183105469,0.25
2019-06-11,260.3143310546875,107.38855743408203,125.33000183105469,0.22
2019-06-11,260.251220703125,107.45443725585938,125.18000030517578,0.22
2019-06-12,260.251220703125,107.45443725585938,125.18000030517578,0.25
2019-06-12,259.791748046875,107.53668212890625,125.83000183105469,0.25
2019-06-13,259.791748046875,107.53668212890625,125.83000183105469,0.27
2019-06-13,260.8637390136719,107.90702056884766,126.5999984741211,0.27
2019-06-14,260.8637390136719,107.90702056884766,126.5999984741211,0.25
2019-06-14,260.5755615234375,108.17852783203125,126.55999755859375,0.25
2019-06-17,260.5755615234375,108.17852783203125,126.55999755859375,0.23
2019-06-17,260.6746520996094,108.36782836914062,126.4800033569336,0.23
2019-06-18,260.6746520996094,108.36782836914062,126.4800033569336,0.2
2019-06-18,263.4041442871094,108.9109115600586,127.12000274658203,0.2
2019-06-19,263.4041442871094,108.9109115600586,127.12000274658203,0.29
2019-06-19,263.99859619140625,109.06729888916016,127.88999938964844,0.29
2019-06-20,263.99859619140625,109.06729888916016,127.88999938964844,0.29
2019-06-20,266.5210266113281,109.35530853271484,131.11000061035156,0.29
2019-06-21,266.5210266113281,109.35530853271484,131.11000061035156,0.3
2019-06-21,266.1336669921875,108.15389251708984,131.97999572753906,0.3
2019-06-24,266.1336669921875,108.15389251708984,131.97999572753906,0.3
2019-06-24,265.80780029296875,108.9603271484375,133.94000244140625,0.3
2019-06-25,265.80780029296875,108.9603271484375,133.94000244140625,0.29
2019-06-25,263.2007751464844,109.2977294921875,134.1999969482422,0.29
2019-06-26,263.2007751464844,109.2977294921875,134.1999969482422,0.28
2019-06-26,262.93817138671875,108.5982437133789,132.97000122070312,0.28
2019-06-27,262.93817138671875,108.5982437133789,132.97000122070312,0.27
2019-06-27,263.8704833984375,109.36353302001953,132.83999633789062,0.27
2019-06-28,263.8704833984375,109.36353302001953,132.83999633789062,0.25
2019-06-28,265.2284240722656,109.28946685791016,133.1999969482422,0.25
2019-07-01,265.2284240722656,109.28946685791016,133.1999969482422,0.25
2019-07-01,267.6362609863281,109.03387451171875,130.6199951171875,0.25
2019-07-02,267.6362609863281,109.03387451171875,130.6199951171875,0.21
2019-07-02,268.33331298828125,109.8748779296875,133.41000366210938,0.21
2019-07-03,268.33331298828125,109.8748779296875,133.41000366210938,0.19
2019-07-03,270.47857666015625,110.65817260742188,133.6300048828125,0.19
2019-07-05,270.47857666015625,110.65817260742188,133.6300048828125,0.17
2019-07-05,270.17083740234375,109.19051361083984,132.13999938964844,0.17
2019-07-08,270.17083740234375,109.19051361083984,132.13999938964844,0.17
2019-07-08,268.6862487792969,109.33900451660156,131.2899932861328,0.17
2019-07-09,268.6862487792969,109.33900451660156,131.2899932861328,0.15
2019-07-09,269.02117919921875,109.29772186279297,131.75,0.15
2019-07-10,269.02117919921875,109.29772186279297,131.75,0.25
2019-07-10,270.3066711425781,108.69584655761719,133.8300018310547,0.25
2019-07-11,270.3066711425781,108.69584655761719,133.8300018310547,0.28
2019-07-11,270.9402160644531,107.24466705322266,132.6999969482422,0.28
2019-07-12,270.9402160644531,107.24466705322266,132.6999969482422,0.28
2019-07-12,272.15325927734375,107.36835479736328,133.52999877929688,0.28
2019-07-15,272.15325927734375,107.36835479736328,133.52999877929688,0.26
2019-07-15,272.24383544921875,107.98674011230469,133.52999877929688,0.26
2019-07-16,272.24383544921875,107.98674011230469,133.52999877929688,0.26
2019-07-16,271.3657531738281,107.66520690917969,132.39999389648438,0.26
2019-07-17,271.3657531738281,107.66520690917969,132.39999389648438,0.23
2019-07-17,269.51910400390625,108.82775115966797,134.5800018310547,0.23
2019-07-18,269.51910400390625,108.82775115966797,134.5800018310547,0.27
2019-07-18,270.5057067871094,108.83599090576172,136.47999572753906,0.27
2019-07-19,270.5057067871094,108.83599090576172,136.47999572753906,0.25
2019-07-19,269.00311279296875,108.58039093017578,134.47000122070312,0.25
2019-07-22,269.00311279296875,108.58039093017578,134.47000122070312,0.25
2019-07-22,269.6639404296875,108.78652954101562,134.4499969482422,0.25
2019-07-23,269.6639404296875,108.78652954101562,134.4499969482422,0.25
2019-07-23,271.5920715332031,108.19287872314453,133.69000244140625,0.25
2019-07-24,271.5920715332031,108.19287872314453,133.69000244140625,0.22
2019-07-24,272.8683776855469,108.66283416748047,134.3699951171875,0.22
2019-07-25,272.8683776855469,108.66283416748047,134.3699951171875,0.22
2019-07-25,271.56488037109375,108.1434326171875,133.4199981689453,0.22
2019-07-26,271.56488037109375,108.1434326171875,133.4199981689453,0.22
2019-07-26,273.3843688964844,108.39897155761719,133.63999938964844,0.22
2019-07-29,273.3843688964844,108.39897155761719,133.63999938964844,0.21
2019-07-29,272.8864440917969,108.43199157714844,134.52999877929688,0.21
2019-07-30,272.8864440917969,108.43199157714844,134.52999877929688,0.21
2019-07-30,272.2165832519531,108.69584655761719,134.97999572753906,0.21
2019-07-31,272.2165832519531,108.69584655761719,134.97999572753906,0.13
2019-07-31,269.2384338378906,109.56980895996094,133.2100067138672,0.13
2019-08-01,269.2384338378906,109.56980895996094,133.2100067138672,0.17
2019-08-01,266.8940124511719,111.74591064453125,136.41000366210938,0.17
2019-08-02,266.8940124511719,111.74591064453125,136.41000366210938,0.14
2019-08-02,264.8843994140625,112.7785873413086,135.88999938964844,0.14
2019-08-05,264.8843994140625,112.7785873413086,135.88999938964844,0.16
2019-08-05,256.91839599609375,114.7282943725586,137.7899932861328,0.16
2019-08-06,256.91839599609375,114.7282943725586,137.7899932861328,0.13
2019-08-06,260.5212707519531,115.64533233642578,138.91000366210938,0.13
2019-08-07,260.5212707519531,115.64533233642578,138.91000366210938,0.12
2019-08-07,260.6751708984375,115.68663787841797,141.02000427246094,0.12
2019-08-08,260.6751708984375,115.68663787841797,141.02000427246094,0.1
2019-08-08,265.7896728515625,115.9345474243164,141.72999572753906,0.1
2019-08-09,265.7896728515625,115.9345474243164,141.72999572753906,0.11
2019-08-09,263.9791564941406,115.7032241821289,141.25999450683594,0.11
2019-08-12,263.9791564941406,115.7032241821289,141.25999450683594,0.07
2019-08-12,260.7656555175781,118.1156234741211,142.6300048828125,0.07
2019-08-13,260.7656555175781,118.1156234741211,142.6300048828125,0.02
2019-08-13,264.8209533691406,117.71073150634766,141.77999877929688,0.02
2019-08-14,264.8209533691406,117.71073150634766,141.77999877929688,0.01
2019-08-14,256.9909362792969,120.36272430419922,142.75,0.01
2019-08-15,256.9909362792969,120.36272430419922,142.75,0.04
2019-08-15,257.66973876953125,121.70113372802734,143.6999969482422,0.04
2019-08-16,257.66973876953125,121.70113372802734,143.6999969482422,0.07
2019-08-16,261.4716796875,120.72622680664062,142.77999877929688,0.07
2019-08-19,261.4716796875,120.72622680664062,142.77999877929688,0.07
2019-08-19,264.6218566894531,118.9995346069336,141.11000061035156,0.07
2019-08-20,264.6218566894531,118.9995346069336,141.11000061035156,0.05
2019-08-20,262.5942077636719,120.23053741455078,142.2100067138672,0.05
2019-08-21,262.5942077636719,120.23053741455078,142.2100067138672,0.03
2019-08-21,264.73046875,119.42916870117188,141.75999450683594,0.03
2019-08-22,264.73046875,119.42916870117188,141.75999450683594,0.01
2019-08-22,264.6490173339844,118.63606262207031,141.39999389648438,0.01
2019-08-23,264.6490173339844,118.63606262207031,141.39999389648438,0.01
2019-08-23,257.850830078125,120.5857925415039,144.1699981689453,0.01
2019-08-26,257.850830078125,120.5857925415039,144.1699981689453,0.0
2019-08-26,260.7023010253906,120.09832000732422,144.19000244140625,0.0
2019-08-27,260.7023010253906,120.09832000732422,144.19000244140625,-0.04
2019-08-27,259.67938232421875,121.9488754272461,145.57000732421875,-0.04
2019-08-28,259.67938232421875,121.9488754272461,145.57000732421875,-0.03
2019-08-28,261.508056640625,122.10594177246094,145.16000366210938,-0.03
2019-08-29,261.508056640625,122.10594177246094,145.16000366210938,-0.03
2019-08-29,264.84820556640625,121.64324188232422,144.1199951171875,-0.03
2019-08-30,264.84820556640625,121.64324188232422,144.1199951171875,0.0
2019-08-30,264.73046875,121.67633056640625,143.75,0.0
2019-09-03,264.73046875,121.67633056640625,143.75,0.0
2019-09-03,263.1826171875,121.83352661132812,145.75,0.0
2019-09-04,263.1826171875,121.83352661132812,145.75,0.04
2019-09-04,266.16986083984375,122.0156021118164,146.66000366210938,0.04
2019-09-05,266.16986083984375,122.0156021118164,146.66000366210938,0.02
2019-09-05,269.59149169921875,119.80590057373047,143.13999938964844,0.02
2019-09-06,269.59149169921875,119.80590057373047,143.13999938964844,0.02
2019-09-06,269.7997131347656,120.65831756591797,141.9199981689453,0.02
2019-09-09,269.7997131347656,120.65831756591797,141.9199981689453,0.05
2019-09-09,269.9355773925781,118.51475524902344,141.38999938964844,0.05
2019-09-10,269.9355773925781,118.51475524902344,141.38999938964844,0.05
2019-09-10,269.8720703125,116.43749237060547,140.17999267578125,0.05
2019-09-11,269.8720703125,116.43749237060547,140.17999267578125,0.07
2019-09-11,271.7911682128906,116.23057556152344,141.02999877929688,0.07
2019-09-12,271.7911682128906,116.23057556152344,141.02999877929688,0.07
2019-09-12,272.732666015625,115.46918487548828,141.32000732421875,0.07
2019-09-13,272.732666015625,115.46918487548828,141.32000732421875,0.11
2019-09-13,272.55157470703125,113.0029067993164,140.14999389648438,0.11
2019-09-16,272.55157470703125,113.0029067993164,140.14999389648438,0.1
2019-09-16,271.7097473144531,114.44292449951172,141.32000732421875,0.1
2019-09-17,271.7097473144531,114.44292449951172,141.32000732421875,0.09
2019-09-17,272.3977355957031,115.06367492675781,141.60000610351562,0.09
2019-09-18,272.3977355957031,115.06367492675781,141.60000610351562,0.03
2019-09-18,272.56060791015625,115.55194091796875,140.7100067138672,0.03
2019-09-19,272.56060791015625,115.55194091796875,140.7100067138672,0.05
2019-09-19,272.5425109863281,115.89952850341797,141.27999877929688,0.05
2019-09-20,272.5425109863281,115.89952850341797,141.27999877929688,0.05
2019-09-20,271.2548522949219,117.43061828613281,142.9499969482422,0.05
2019-09-23,271.2548522949219,117.43061828613281,142.9499969482422,0.04
2019-09-23,271.1911926269531,117.40580749511719,143.75,0.04
2019-09-24,271.1911926269531,117.40580749511719,143.75,0.04
2019-09-24,269.0632019042969,118.82107543945312,144.50999450683594,0.04
2019-09-25,269.0632019042969,118.82107543945312,144.50999450683594,0.05
2019-09-25,270.6546325683594,117.08306884765625,141.8300018310547,0.05
2019-09-26,270.6546325683594,117.08306884765625,141.8300018310547,0.04
2019-09-26,270.0908203125,117.83617401123047,141.7899932861328,0.04
2019-09-27,270.0908203125,117.83617401123047,141.7899932861328,0.06
2019-09-27,268.6357727050781,118.12584686279297,141.05999755859375,0.06
2019-09-30,268.6357727050781,118.12584686279297,141.05999755859375,0.05
2019-09-30,269.88165283203125,118.41547393798828,138.8699951171875,0.05
2019-10-01,269.88165283203125,118.41547393798828,138.8699951171875,0.09
2019-10-01,266.67144775390625,118.77203369140625,139.6300048828125,0.09
2019-10-02,266.67144775390625,118.77203369140625,139.6300048828125,0.12
2019-10-02,261.9607849121094,119.06217193603516,141.25999450683594,0.12
2019-10-03,261.9607849121094,119.06217193603516,141.25999450683594,0.15
2019-10-03,264.1069641113281,120.14825439453125,141.89999389648438,0.15
2019-10-04,264.1069641113281,120.14825439453125,141.89999389648438,0.12
2019-10-04,267.6808166503906,121.03535461425781,141.89999389648438,0.12
2019-10-07,267.6808166503906,121.03535461425781,141.89999389648438,0.1
2019-10-07,266.5259094238281,120.03218841552734,140.69000244140625,0.1
2019-10-08,266.5259094238281,120.03218841552734,140.69000244140625,0.12
2019-10-08,262.38812255859375,120.35552215576172,141.9199981689453,0.12
2019-10-09,262.38812255859375,120.35552215576172,141.9199981689453,0.12
2019-10-09,264.8798828125,119.67567443847656,142.0500030517578,0.12
2019-10-10,264.8798828125,119.67567443847656,142.0500030517578,0.14
2019-10-10,266.67144775390625,117.89320373535156,140.80999755859375,0.14
2019-10-11,266.67144775390625,117.89320373535156,140.80999755859375,0.13
2019-10-11,269.4360656738281,116.43401336669922,140.02999877929688,0.13
2019-10-14,269.135986328125,117.27969360351562,140.58999633789062,0.13
2019-10-15,269.135986328125,117.27969360351562,140.58999633789062,0.16
2019-10-15,271.8003845214844,115.86197662353516,139.61000061035156,0.16
2019-10-16,271.8003845214844,115.86197662353516,139.61000061035156,0.17
2019-10-16,271.36395263671875,116.00289154052734,140.41000366210938,0.17
2019-10-17,271.36395263671875,116.00289154052734,140.41000366210938,0.16
2019-10-17,272.16424560546875,115.72101593017578,140.61000061035156,0.16
2019-10-18,272.16424560546875,115.72101593017578,140.61000061035156,0.18
2019-10-18,270.972900390625,115.72101593017578,140.4600067138672,0.18
2019-10-21,270.972900390625,115.72101593017578,140.4600067138672,0.18
2019-10-21,272.8098449707031,114.85052490234375,139.7899932861328,0.18
2019-10-22,272.8098449707031,114.85052490234375,139.7899932861328,0.18
2019-10-22,271.9186706542969,115.5220718383789,140.1999969482422,0.18
2019-10-23,271.9186706542969,115.5220718383789,140.1999969482422,0.19
2019-10-23,272.7098083496094,115.63813018798828,140.52999877929688,0.19
2019-10-24,272.7098083496094,115.63813018798828,140.52999877929688,0.19
2019-10-24,273.1554260253906,115.40597534179688,141.52999877929688,0.19
2019-10-25,273.1554260253906,115.40597534179688,141.52999877929688,0.17
2019-10-25,274.2740478515625,114.84220886230469,141.86000061035156,0.17
2019-10-28,274.2740478515625,114.84220886230469,141.86000061035156,0.21
2019-10-28,275.8199157714844,113.79756927490234,140.63999938964844,0.21
2019-10-29,275.8199157714844,113.79756927490234,140.63999938964844,0.2
2019-10-29,275.7381591796875,113.87223052978516,140.25,0.2
2019-10-30,275.7381591796875,113.87223052978516,140.25,0.17
2019-10-30,276.5838623046875,115.53861999511719,141.02000427246094,0.17
2019-10-31,276.5838623046875,115.53861999511719,141.02000427246094,0.17
2019-10-31,275.84722900390625,117.0972900390625,142.42999267578125,0.17
2019-11-01,275.84722900390625,117.0972900390625,142.42999267578125,0.17
2019-11-01,278.40277099609375,116.73680877685547,142.55999755859375,0.17
2019-11-04,278.40277099609375,116.73680877685547,142.55999755859375,0.19
2019-11-04,279.521240234375,115.20038604736328,142.14999389648438,0.19
2019-11-05,279.521240234375,115.20038604736328,142.14999389648438,0.23
2019-11-05,279.2120361328125,113.90473937988281,139.85000610351562,0.23
2019-11-06,279.2120361328125,113.90473937988281,139.85000610351562,0.2
2019-11-06,279.2756652832031,114.59410858154297,140.4499969482422,0.2
2019-11-07,279.2756652832031,114.59410858154297,140.4499969482422,0.24
2019-11-07,280.25775146484375,112.51780700683594,138.27000427246094,0.24
2019-11-08,280.25775146484375,112.51780700683594,138.27000427246094,0.26
2019-11-08,280.948974609375,112.04444885253906,137.38999938964844,0.26
2019-11-11,280.4124450683594,112.11919403076172,137.05999755859375,0.26
2019-11-12,280.4124450683594,112.11919403076172,137.05999755859375,0.26
2019-11-12,281.0035095214844,112.63406372070312,137.42999267578125,0.26
2019-11-13,281.0035095214844,112.63406372070312,137.42999267578125,0.25
2019-11-13,281.0944519042969,113.364990234375,137.97999572753906,0.25
2019-11-14,281.0944519042969,113.364990234375,137.97999572753906,0.24
2019-11-14,281.5036926269531,114.5360107421875,138.55999755859375,0.24
2019-11-15,281.5036926269531,114.5360107421875,138.55999755859375,0.23
2019-11-15,283.54083251953125,114.41132354736328,138.2100067138672,0.23
2019-11-18,283.54083251953125,114.41132354736328,138.2100067138672,0.21
2019-11-18,283.74981689453125,114.61903381347656,138.6199951171875,0.21
2019-11-19,283.74981689453125,114.61903381347656,138.6199951171875,0.19
2019-11-19,283.6680908203125,115.5740737915039,138.69000244140625,0.19
2019-11-20,283.6680908203125,115.5740737915039,138.69000244140625,0.17
2019-11-20,282.6131286621094,116.77005004882812,138.75999450683594,0.17
2019-11-21,282.6131286621094,116.77005004882812,138.75999450683594,0.17
2019-11-21,282.1584777832031,116.0391616821289,138.0,0.17
2019-11-22,282.1584777832031,116.0391616821289,138.0,0.16
2019-11-22,282.7859191894531,116.18868255615234,137.74000549316406,0.16
2019-11-25,282.7859191894531,116.18868255615234,137.74000549316406,0.15
2019-11-25,284.9775695800781,116.52916717529297,137.0800018310547,0.15
2019-11-26,284.9775695800781,116.52916717529297,137.0800018310547,0.16
2019-11-26,285.62322998046875,117.2102279663086,137.74000549316406,0.16
2019-11-27,285.62322998046875,117.2102279663086,137.74000549316406,0.14
2019-11-27,286.8964538574219,116.86974334716797,137.00999450683594,0.14
2019-11-29,286.8964538574219,116.86974334716797,137.00999450683594,0.17
2019-11-29,285.8324279785156,116.62056732177734,137.86000061035156,0.17
2019-12-02,285.8324279785156,116.62056732177734,137.86000061035156,0.22
2019-12-02,283.4043273925781,115.0656509399414,137.7899932861328,0.22
2019-12-03,283.4043273925781,115.0656509399414,137.7899932861328,0.19
2019-12-03,281.5036926269531,117.47827911376953,139.11000061035156,0.19
2019-12-04,281.5036926269531,117.47827911376953,139.11000061035156,0.19
2019-12-04,283.2406921386719,116.30525207519531,138.9199981689453,0.19
2019-12-05,283.2406921386719,116.30525207519531,138.9199981689453,0.22
2019-12-05,283.74981689453125,115.73954010009766,139.0,0.22
2019-12-06,283.74981689453125,115.73954010009766,139.0,0.23
2019-12-06,286.3417053222656,115.09892272949219,137.6199951171875,0.23
2019-12-09,286.3417053222656,115.09892272949219,137.6199951171875,0.2
2019-12-09,285.44146728515625,115.3485336303711,137.5800018310547,0.2
2019-12-10,285.44146728515625,115.3485336303711,137.5800018310547,0.2
2019-12-10,285.123046875,115.35688018798828,137.97000122070312,0.2
2019-12-11,285.123046875,115.35688018798828,137.97000122070312,0.18
2019-12-11,285.9324645996094,116.26363372802734,138.9199981689453,0.18
2019-12-12,285.9324645996094,116.26363372802734,138.9199981689453,0.24
2019-12-12,288.3969421386719,114.3502197265625,138.42999267578125,0.24
2019-12-13,288.3969421386719,114.3502197265625,138.42999267578125,0.21
2019-12-13,288.5697326660156,115.6729736328125,139.0500030517578,0.21
2019-12-16,288.5697326660156,115.6729736328125,139.0500030517578,0.24
2019-12-16,290.55224609375,114.6330795288086,139.0399932861328,0.24
2019-12-17,290.55224609375,114.6330795288086,139.0399932861328,0.26
2019-12-17,290.61590576171875,114.4749984741211,139.00999450683594,0.26
2019-12-18,290.61590576171875,114.4749984741211,139.00999450683594,0.29
2019-12-18,290.6340637207031,113.534912109375,139.02000427246094,0.29
2019-12-19,290.6340637207031,113.534912109375,139.02000427246094,0.3
2019-12-19,291.8253479003906,113.71656799316406,139.3800048828125,0.3
2019-12-20,291.8253479003906,113.71656799316406,139.3800048828125,0.29
2019-12-20,293.1047668457031,113.86654663085938,139.52000427246094,0.29
2019-12-23,293.1047668457031,113.86654663085938,139.52000427246094,0.29
2019-12-23,293.55255126953125,113.69992065429688,139.9499969482422,0.29
2019-12-24,293.55255126953125,113.69992065429688,139.9499969482422,0.28
2019-12-24,293.5616760253906,114.02482604980469,141.27000427246094,0.28
2019-12-26,293.5616760253906,114.02482604980469,141.27000427246094,0.26
2019-12-26,295.1244201660156,114.29981231689453,142.3800048828125,0.26
2019-12-27,295.1244201660156,114.29981231689453,142.3800048828125,0.29
2019-12-27,295.0513000488281,114.42483520507812,142.3300018310547,0.29
2019-12-30,295.0513000488281,114.42483520507812,142.3300018310547,0.32
2019-12-30,293.42462158203125,114.00822448730469,142.6300048828125,0.32
2019-12-31,293.42462158203125,114.00822448730469,142.6300048828125,0.34
2019-12-31,294.1374816894531,112.89158630371094,142.89999389648438,0.34
2020-01-02,294.1374816894531,112.89158630371094,142.89999389648438,0.3
2020-01-02,296.8882141113281,114.16654205322266,143.9499969482422,0.3
2020-01-03,296.8882141113281,114.16654205322266,143.9499969482422,0.27
2020-01-03,294.64007568359375,115.92472076416016,145.86000061035156,0.27
2020-01-06,294.64007568359375,115.92472076416016,145.86000061035156,0.27
2020-01-06,295.7641906738281,115.26641082763672,147.38999938964844,0.27
2020-01-07,295.7641906738281,115.26641082763672,147.38999938964844,0.29
2020-01-07,294.9325256347656,114.6998291015625,147.97000122070312,0.29
2020-01-08,294.9325256347656,114.6998291015625,147.97000122070312,0.29
2020-01-08,296.50439453125,113.9415283203125,146.86000061035156,0.29
2020-01-09,296.50439453125,113.9415283203125,146.86000061035156,0.27
2020-01-09,298.51495361328125,114.34146881103516,146.02999877929688,0.27
2020-01-10,298.51495361328125,114.34146881103516,146.02999877929688,0.27
2020-01-10,297.6558532714844,115.35811614990234,146.91000366210938,0.27
2020-01-13,297.6558532714844,115.35811614990234,146.91000366210938,0.27
2020-01-13,299.7029724121094,115.00811004638672,145.82000732421875,0.27
2020-01-14,299.7029724121094,115.00811004638672,145.82000732421875,0.24
2020-01-14,299.24591064453125,115.59969329833984,145.69000244140625,0.24
2020-01-15,299.24591064453125,115.59969329833984,145.69000244140625,0.23
2020-01-15,299.9222717285156,116.36638641357422,146.5399932861328,0.23
2020-01-16,299.9222717285156,116.36638641357422,146.5399932861328,0.23
2020-01-16,302.41717529296875,115.99969482421875,146.30999755859375,0.23
2020-01-17,302.41717529296875,115.99969482421875,146.30999755859375,0.26
2020-01-17,303.35833740234375,115.00811004638672,146.5800018310547,0.26
2020-01-21,303.35833740234375,115.00811004638672,146.5800018310547,0.25
2020-01-21,302.7643737792969,116.21636199951172,146.74000549316406,0.25
2020-01-22,302.7643737792969,116.21636199951172,146.74000549316406,0.24
2020-01-22,302.8008117675781,116.62471008300781,146.7899932861328,0.24
2020-01-23,302.8008117675781,116.62471008300781,146.7899932861328,0.23
2020-01-23,303.14813232421875,117.44126892089844,147.1199951171875,0.23
2020-01-24,303.14813232421875,117.44126892089844,147.1199951171875,0.21
2020-01-24,300.4521789550781,118.39118957519531,147.97999572753906,0.21
2020-01-27,300.4521789550781,118.39118957519531,147.97999572753906,0.17
2020-01-27,295.63629150390625,120.23273468017578,148.99000549316406,0.17
2020-01-28,295.63629150390625,120.23273468017578,148.99000549316406,0.2
2020-01-28,298.73419189453125,119.2911376953125,147.66000366210938,0.2
2020-01-29,298.73419189453125,119.2911376953125,147.66000366210938,0.18
2020-01-29,298.4874572753906,120.45773315429688,148.4600067138672,0.18
2020-01-30,298.4874572753906,120.45773315429688,148.4600067138672,0.16
2020-01-30,299.4561462402344,120.47437286376953,148.47000122070312,0.16
2020-01-31,299.4561462402344,120.47437286376953,148.47000122070312,0.18
2020-01-31,294.01861572265625,121.57427978515625,149.3300018310547,0.18
2020-02-03,294.01861572265625,121.57427978515625,149.3300018310547,0.18
2020-02-03,296.2027282714844,121.47581481933594,148.36000061035156,0.18
2020-02-04,296.2027282714844,121.47581481933594,148.36000061035156,0.2
2020-02-04,300.71728515625,119.83993530273438,146.42999267578125,0.2
2020-02-05,300.71728515625,119.83993530273438,146.42999267578125,0.22
2020-02-05,304.18994140625,118.52947235107422,146.61000061035156,0.22
2020-02-06,304.18994140625,118.52947235107422,146.61000061035156,0.21
2020-02-06,305.2134704589844,119.0636215209961,147.39999389648438,0.21
2020-02-07,305.2134704589844,119.0636215209961,147.39999389648438,0.18
2020-02-07,303.5869140625,120.54928588867188,147.7899932861328,0.18
2020-02-10,303.5869140625,120.54928588867188,147.7899932861328,0.19
2020-02-10,305.8531494140625,120.88323211669922,148.1699981689453,0.19
2020-02-11,305.8531494140625,120.88323211669922,148.1699981689453,0.18
2020-02-11,306.3832702636719,120.27383422851562,147.66000366210938,0.18
2020-02-12,306.3832702636719,120.27383422851562,147.66000366210938,0.18
2020-02-12,308.35723876953125,119.66458892822266,147.5399932861328,0.18
2020-02-13,308.35723876953125,119.66458892822266,147.5399932861328,0.17
2020-02-13,308.0281982421875,120.1236801147461,148.3800048828125,0.17
2020-02-14,308.0281982421875,120.1236801147461,148.3800048828125,0.17
2020-02-14,308.52178955078125,120.64949035644531,149.0,0.17
2020-02-18,308.52178955078125,120.64949035644531,149.0,0.14
2020-02-18,307.7267150878906,121.47581481933594,150.91000366210938,0.14
2020-02-19,307.7267150878906,121.47581481933594,150.91000366210938,0.14
2020-02-19,309.1979675292969,121.4674072265625,151.7899932861328,0.14
2020-02-20,309.1979675292969,121.4674072265625,151.7899932861328,0.13
2020-02-20,307.9277038574219,122.41897583007812,152.41000366210938,0.13
2020-02-21,307.9277038574219,122.41897583007812,152.41000366210938,0.12
2020-02-21,304.756591796875,123.56246185302734,154.6999969482422,0.12
2020-02-24,304.756591796875,123.56246185302734,154.6999969482422,0.12
2020-02-24,294.64923095703125,125.40702056884766,156.08999633789062,0.12
2020-02-25,294.64923095703125,125.40702056884766,156.08999633789062,0.13
2020-02-25,285.7206726074219,126.0747299194336,153.3000030517578,0.13
2020-02-26,285.7206726074219,126.0747299194336,153.3000030517578,0.17
2020-02-26,284.6697998046875,125.40702056884766,153.97000122070312,0.17
2020-02-27,284.6697998046875,125.40702056884766,153.97000122070312,0.19
2020-02-27,271.88482666015625,126.76748657226562,154.0,0.19
2020-02-28,271.88482666015625,126.76748657226562,154.0,0.27
2020-02-28,270.7424621582031,129.63035583496094,148.3800048828125,0.27
2020-03-02,270.7424621582031,129.63035583496094,148.3800048828125,0.26
2020-03-02,282.4671936035156,128.67666625976562,149.1999969482422,0.26
2020-03-03,282.4671936035156,128.67666625976562,149.1999969482422,0.31
2020-03-03,274.37957763671875,130.67442321777344,153.88999938964844,0.31
2020-03-04,274.37957763671875,130.67442321777344,153.88999938964844,0.35
2020-03-04,285.91259765625,129.28689575195312,154.16000366210938,0.35
2020-03-05,285.91259765625,129.28689575195312,154.16000366210938,0.33
2020-03-05,276.4083557128906,132.5050506591797,157.49000549316406,0.33
2020-03-06,276.4083557128906,132.5050506591797,157.49000549316406,0.25
2020-03-06,271.8389892578125,139.4011688232422,157.5500030517578,0.25
2020-03-09,271.8389892578125,139.4011688232422,157.5500030517578,0.16
2020-03-09,250.6099090576172,143.17933654785156,157.80999755859375,0.16
2020-03-10,250.6099090576172,143.17933654785156,157.80999755859375,0.26
2020-03-10,263.5776062011719,135.84014892578125,154.47999572753906,0.26
2020-03-11,263.5776062011719,135.84014892578125,154.47999572753906,0.32
2020-03-11,250.7288360595703,130.841552734375,153.92999267578125,0.32
2020-03-12,250.7288360595703,130.841552734375,153.92999267578125,0.38
2020-03-12,226.7397003173828,131.6524200439453,147.7899932861328,0.38
2020-03-13,226.7397003173828,131.6524200439453,147.7899932861328,0.45
2020-03-13,246.12281799316406,128.67666625976562,143.27999877929688,0.45
2020-03-16,246.12281799316406,128.67666625976562,143.27999877929688,0.37
2020-03-16,219.19113159179688,137.01051330566406,141.63999938964844,0.37
2020-03-17,219.19113159179688,137.01051330566406,141.63999938964844,0.55
2020-03-17,231.0257568359375,127.87418365478516,143.55999755859375,0.55
2020-03-18,231.0257568359375,127.87418365478516,143.55999755859375,0.64
2020-03-18,219.32827758789062,120.66046142578125,140.6999969482422,0.64
2020-03-19,219.32827758789062,120.66046142578125,140.6999969482422,0.68
2020-03-19,219.7942657470703,123.94554901123047,138.0399932861328,0.68
2020-03-20,219.7942657470703,123.94554901123047,138.0399932861328,0.55
2020-03-20,210.32244873046875,133.26571655273438,140.11000061035156,0.55
2020-03-23,210.32244873046875,133.26571655273438,140.11000061035156,0.48
2020-03-23,204.94488525390625,138.75743103027344,146.3000030517578,0.48
2020-03-24,204.94488525390625,138.75743103027344,146.3000030517578,0.46
2020-03-24,223.51356506347656,136.17457580566406,153.39999389648438,0.46
2020-03-25,223.51356506347656,136.17457580566406,153.39999389648438,0.54
2020-03-25,226.85960388183594,135.86526489257812,151.3000030517578,0.54
2020-03-26,226.85960388183594,135.86526489257812,151.3000030517578,0.53
2020-03-26,240.10586547851562,136.53399658203125,153.24000549316406,0.53
2020-03-27,240.10586547851562,136.53399658203125,153.24000549316406,0.47
2020-03-27,232.95416259765625,140.17845153808594,152.25,0.47
2020-03-30,232.95416259765625,140.17845153808594,152.25,0.47
2020-03-30,240.51951599121094,139.02496337890625,152.9199981689453,0.47
2020-03-31,240.51951599121094,139.02496337890625,152.9199981689453,0.47
2020-03-31,236.93450927734375,137.896484375,148.0500030517578,0.47
2020-04-01,236.93450927734375,137.896484375,148.0500030517578,0.39
2020-04-01,226.2712860107422,139.8284912109375,149.4499969482422,0.39
2020-04-02,226.2712860107422,139.8284912109375,149.4499969482422,0.4
2020-04-02,231.4925994873047,140.71583557128906,151.89999389648438,0.4
2020-04-03,231.4925994873047,140.71583557128906,151.89999389648438,0.39
2020-04-03,228.14654541015625,141.0506591796875,152.64999389648438,0.39
2020-04-06,228.14654541015625,141.0506591796875,152.64999389648438,0.4
2020-04-06,243.4702606201172,140.68234252929688,156.8800048828125,0.4
2020-04-07,243.4702606201172,140.68234252929688,156.8800048828125,0.47
2020-04-07,243.7184600830078,139.20907592773438,156.0399932861328,0.47
2020-04-08,243.7184600830078,139.20907592773438,156.0399932861328,0.5
2020-04-08,251.89971923828125,138.19613647460938,154.64999389648438,0.5
2020-04-09,251.89971923828125,138.19613647460938,154.64999389648438,0.5
2020-04-09,255.73301696777344,138.44729614257812,158.69000244140625,0.5
2020-04-13,255.73301696777344,138.44729614257812,158.69000244140625,0.51
2020-04-13,253.39808654785156,137.18328857421875,161.41000366210938,0.51
2020-04-14,253.39808654785156,137.18328857421875,161.41000366210938,0.53
2020-04-14,260.87158203125,137.14984130859375,162.67999267578125,0.53
2020-04-15,260.87158203125,137.14984130859375,162.67999267578125,0.43
2020-04-15,255.32847595214844,140.7827606201172,161.85000610351562,0.43
2020-04-16,255.32847595214844,140.7827606201172,161.85000610351562,0.41
2020-04-16,256.5602111816406,142.38168334960938,161.7100067138672,0.41
2020-04-17,256.5602111816406,142.38168334960938,161.7100067138672,0.45
2020-04-17,263.49139404296875,140.47305297851562,158.57000732421875,0.45
2020-04-20,263.49139404296875,140.47305297851562,158.57000732421875,0.43
2020-04-20,258.8492431640625,141.60316467285156,159.6999969482422,0.43
2020-04-21,258.8492431640625,141.60316467285156,159.6999969482422,0.38
2020-04-21,250.98968505859375,143.3861541748047,158.61000061035156,0.38
2020-04-22,250.98968505859375,143.3861541748047,158.61000061035156,0.41
2020-04-22,256.5602111816406,141.9211883544922,161.72999572753906,0.41
2020-04-23,256.5602111816406,141.9211883544922,161.72999572753906,0.39
2020-04-23,256.54180908203125,142.67454528808594,163.33999633789062,0.39
2020-04-24,256.54180908203125,142.67454528808594,163.33999633789062,0.38
2020-04-24,260.1177978515625,143.0094757080078,162.63999938964844,0.38
2020-04-27,260.1177978515625,143.0094757080078,162.63999938964844,0.43
2020-04-27,263.8681640625,140.34751892089844,161.55999755859375,0.43
2020-04-28,263.8681640625,140.34751892089844,161.55999755859375,0.42
2020-04-28,262.65484619140625,141.9630889892578,160.83999633789062,0.42
2020-04-29,262.65484619140625,141.9630889892578,160.83999633789062,0.43
2020-04-29,269.53082275390625,141.2265167236328,161.72999572753906,0.43
2020-04-30,269.53082275390625,141.2265167236328,161.72999572753906,0.44
2020-04-30,267.02130126953125,139.5774688720703,158.8000030517578,0.44
2020-05-01,267.02130126953125,139.5774688720703,158.8000030517578,0.44
2020-05-01,259.9522705078125,140.77259826660156,159.77999877929688,0.44
2020-05-04,259.9522705078125,140.77259826660156,159.77999877929688,0.45
2020-05-04,260.66925048828125,140.11041259765625,160.33999633789062,0.45
2020-05-05,260.66925048828125,140.11041259765625,160.33999633789062,0.47
2020-05-05,263.07769775390625,139.21359252929688,161.02000427246094,0.47
2020-05-06,263.07769775390625,139.21359252929688,161.02000427246094,0.55
2020-05-06,261.2943420410156,136.96728515625,158.9499969482422,0.55
2020-05-07,261.2943420410156,136.96728515625,158.9499969482422,0.5
2020-05-07,264.44732666015625,139.25552368164062,161.38999938964844,0.5
2020-05-08,264.44732666015625,139.25552368164062,161.38999938964844,0.53
2020-05-08,268.822998046875,137.445068359375,160.4199981689453,0.53
2020-05-11,268.822998046875,137.445068359375,160.4199981689453,0.56
2020-05-11,268.87811279296875,136.37217712402344,159.4199981689453,0.56
2020-05-12,268.87811279296875,136.37217712402344,159.4199981689453,0.52
2020-05-12,263.51898193359375,137.7719268798828,160.0399932861328,0.52
2020-05-13,263.51898193359375,137.7719268798828,160.0399932861328,0.48
2020-05-13,258.8584289550781,138.73583984375,161.5800018310547,0.48
2020-05-14,258.8584289550781,138.73583984375,161.5800018310547,0.47
2020-05-14,261.95623779296875,140.09368896484375,163.00999450683594,0.47
2020-05-15,261.95623779296875,140.09368896484375,163.00999450683594,0.48
2020-05-15,263.16046142578125,139.73330688476562,163.92999267578125,0.48
2020-05-18,263.16046142578125,139.73330688476562,163.92999267578125,0.55
2020-05-18,271.17620849609375,136.66554260253906,162.69000244140625,0.55
2020-05-19,271.17620849609375,136.66554260253906,162.69000244140625,0.53
2020-05-19,268.39093017578125,137.17686462402344,164.25999450683594,0.53
2020-05-20,268.39093017578125,137.17686462402344,164.25999450683594,0.52
2020-05-20,272.9504089355469,137.5874786376953,164.64999389648438,0.52
2020-05-21,272.9504089355469,137.5874786376953,164.64999389648438,0.51
2020-05-21,271.06591796875,137.93118286132812,162.25,0.51
2020-05-22,271.06591796875,137.93118286132812,162.25,0.49
2020-05-22,271.5807189941406,138.76097106933594,163.2100067138672,0.49
2020-05-26,271.5807189941406,138.76097106933594,163.2100067138672,0.51
2020-05-26,274.9267578125,136.90023803710938,160.88999938964844,0.51
2020-05-27,274.9267578125,136.90023803710938,160.88999938964844,0.49
2020-05-27,279.0173645019531,136.6488494873047,161.17999267578125,0.49
2020-05-28,279.0173645019531,136.6488494873047,161.17999267578125,0.53
2020-05-28,278.50262451171875,136.14585876464844,161.72000122070312,0.53
2020-05-29,278.50262451171875,136.14585876464844,161.72000122070312,0.49
2020-05-29,279.7435607910156,137.11810302734375,162.91000366210938,0.49
2020-06-01,279.7435607910156,137.11810302734375,162.91000366210938,0.52
2020-06-01,280.87420654296875,136.19496154785156,163.66000366210938,0.52
2020-06-02,280.87420654296875,136.19496154785156,163.66000366210938,0.51
2020-06-02,283.19989013671875,135.69981384277344,162.60000610351562,0.51
2020-06-03,283.19989013671875,135.69981384277344,162.60000610351562,0.58
2020-06-03,286.96881103515625,133.89544677734375,159.60000610351562,0.58
2020-06-04,286.96881103515625,133.89544677734375,159.60000610351562,0.63
2020-06-04,286.2149963378906,131.95675659179688,161.27999877929688,0.63
2020-06-05,286.2149963378906,131.95675659179688,161.27999877929688,0.69
2020-06-05,293.5505676269531,131.01678466796875,158.00999450683594,0.69
2020-06-08,293.5505676269531,131.01678466796875,158.00999450683594,0.66
2020-06-08,297.09881591796875,131.52029418945312,159.72000122070312,0.66
2020-06-09,297.09881591796875,131.52029418945312,159.72000122070312,0.64
2020-06-09,294.88348388671875,133.0142364501953,161.25999450683594,0.64
2020-06-10,294.88348388671875,133.0142364501953,161.25999450683594,0.58
2020-06-10,293.2380065917969,134.9864501953125,163.57000732421875,0.58
2020-06-11,293.2380065917969,134.9864501953125,163.57000732421875,0.47
2020-06-11,276.3331298828125,137.5377655029297,162.38999938964844,0.47
2020-06-12,276.3331298828125,137.5377655029297,162.38999938964844,0.52
2020-06-12,279.6424560546875,136.2117919921875,162.6199951171875,0.52
2020-06-15,279.6424560546875,136.2117919921875,162.6199951171875,0.52
2020-06-15,282.2530822753906,136.2872772216797,162.3300018310547,0.52
2020-06-16,282.2530822753906,136.2872772216797,162.3300018310547,0.54
2020-06-16,287.6857604980469,134.1975555419922,162.25,0.54
2020-06-17,287.6857604980469,134.1975555419922,162.25,0.55
2020-06-17,286.49078369140625,134.75149536132812,162.55999755859375,0.55
2020-06-18,286.49078369140625,134.75149536132812,162.55999755859375,0.52
2020-06-18,286.6010437011719,136.1781768798828,162.24000549316406,0.52
2020-06-19,286.6010437011719,136.1781768798828,162.24000549316406,0.51
2020-06-19,284.96319580078125,136.2872772216797,164.02999877929688,0.51
2020-06-22,284.96319580078125,136.2872772216797,164.02999877929688,0.52
2020-06-22,286.79119873046875,136.3040313720703,165.08999633789062,0.52
2020-06-23,286.79119873046875,136.3040313720703,165.08999633789062,0.54
2020-06-23,288.111572265625,135.37254333496094,166.47999572753906,0.54
2020-06-24,288.111572265625,135.37254333496094,166.47999572753906,0.5
2020-06-24,280.7622375488281,136.82444763183594,165.89999389648438,0.5
2020-06-25,280.7622375488281,136.82444763183594,165.89999389648438,0.51
2020-06-25,283.7721862792969,137.21888732910156,165.8000030517578,0.51
2020-06-26,283.7721862792969,137.21888732910156,165.8000030517578,0.47
2020-06-26,277.0321044921875,138.68759155273438,166.5399932861328,0.47
2020-06-29,277.0321044921875,138.68759155273438,166.5399932861328,0.48
2020-06-29,281.1038513183594,138.2511444091797,166.6300048828125,0.48
2020-06-30,281.1038513183594,138.2511444091797,166.6300048828125,0.5
2020-06-30,284.7047119140625,137.57977294921875,167.3699951171875,0.5
2020-07-01,284.7047119140625,137.57977294921875,167.3699951171875,0.52
2020-07-01,286.69891357421875,137.3125457763672,166.6199951171875,0.52
2020-07-02,286.69891357421875,137.3125457763672,166.6199951171875,0.52
2020-07-02,288.2777404785156,137.45542907714844,166.97999572753906,0.52
2020-07-06,288.2777404785156,137.45542907714844,166.97999572753906,0.53
2020-07-06,292.7280578613281,136.89234924316406,167.97999572753906,0.53
2020-07-07,292.7280578613281,136.89234924316406,167.97999572753906,0.49
2020-07-07,289.7088928222656,138.8166046142578,169.0399932861328,0.49
2020-07-08,289.7088928222656,138.8166046142578,169.0399932861328,0.51
2020-07-08,291.9247741699219,138.26197814941406,170.08999633789062,0.51
2020-07-09,291.9247741699219,138.26197814941406,170.08999633789062,0.46
2020-07-09,290.26287841796875,140.46348571777344,169.6300048828125,0.46
2020-07-10,290.26287841796875,140.46348571777344,169.6300048828125,0.49
2020-07-10,293.2266540527344,139.7576446533203,169.19000244140625,0.49
2020-07-13,293.2266540527344,139.7576446533203,169.19000244140625,0.48
2020-07-13,290.6875915527344,140.2198028564453,169.39999389648438,0.48
2020-07-14,290.6875915527344,140.2198028564453,169.39999389648438,0.49
2020-07-14,294.4546203613281,140.4214630126953,170.19000244140625,0.49
2020-07-15,294.4546203613281,140.4214630126953,170.19000244140625,0.48
2020-07-15,297.1598205566406,139.76605224609375,170.33999633789062,0.48
2020-07-16,297.1598205566406,139.76605224609375,170.33999633789062,0.46
2020-07-16,296.1811218261719,140.42991638183594,168.72999572753906,0.46
2020-07-17,296.1811218261719,140.42991638183594,168.72999572753906,0.5
2020-07-17,297.0397644042969,140.13580322265625,170.1199951171875,0.5
2020-07-20,297.0397644042969,140.13580322265625,170.1199951171875,0.46
2020-07-20,299.4403076171875,140.480224609375,170.94000244140625,0.46
2020-07-21,299.4403076171875,140.480224609375,170.94000244140625,0.47
2020-07-21,300.0773620605469,140.56427001953125,173.0,0.47
2020-07-22,300.0773620605469,140.56427001953125,173.0,0.46
2020-07-22,301.785400390625,140.98448181152344,175.6300048828125,0.46
2020-07-23,301.785400390625,140.98448181152344,175.6300048828125,0.43
2020-07-23,298.1846618652344,142.63131713867188,177.17999267578125,0.43
2020-07-24,298.1846618652344,142.63131713867188,177.17999267578125,0.45
2020-07-24,296.2642517089844,142.62283325195312,178.6999969482422,0.45
2020-07-27,296.2642517089844,142.62283325195312,178.6999969482422,0.47
2020-07-27,298.4247131347656,142.0935516357422,182.22999572753906,0.47
2020-07-28,298.4247131347656,142.0935516357422,182.22999572753906,0.45
2020-07-28,296.5319519042969,143.0766143798828,183.75,0.45
2020-07-29,296.5319519042969,143.0766143798828,183.75,0.46
2020-07-29,300.178955078125,142.8329620361328,185.1300048828125,0.46
2020-07-30,300.178955078125,142.8329620361328,185.1300048828125,0.44
2020-07-30,299.1079406738281,143.77401733398438,183.75999450683594,0.44
2020-07-31,299.1079406738281,143.77401733398438,183.75999450683594,0.44
2020-07-31,301.4715270996094,143.68162536621094,185.42999267578125,0.44
2020-08-03,301.4715270996094,143.68162536621094,185.42999267578125,0.45
2020-08-03,303.56744384765625,142.95816040039062,185.63999938964844,0.45
2020-08-04,303.56744384765625,142.95816040039062,185.63999938964844,0.41
2020-08-04,304.7399597167969,144.32090759277344,189.58999633789062,0.41
2020-08-05,304.7399597167969,144.32090759277344,189.58999633789062,0.44
2020-08-05,306.6326599121094,143.05914306640625,191.35000610351562,0.44
2020-08-06,306.6326599121094,143.05914306640625,191.35000610351562,0.44
2020-08-06,308.682373046875,143.85830688476562,193.88999938964844,0.44
2020-08-07,308.682373046875,143.85830688476562,193.88999938964844,0.44
2020-08-07,308.90399169921875,142.8993682861328,190.80999755859375,0.44
2020-08-10,308.90399169921875,142.8993682861328,190.80999755859375,0.45
2020-08-10,309.82733154296875,142.26002502441406,190.14999389648438,0.45
2020-08-11,309.82733154296875,142.26002502441406,190.14999389648438,0.48
2020-08-11,307.269775390625,140.56919860839844,179.94000244140625,0.48
2020-08-12,307.269775390625,140.56919860839844,179.94000244140625,0.53
2020-08-12,311.55389404296875,139.29066467285156,179.10000610351562,0.53
2020-08-13,311.55389404296875,139.29066467285156,179.10000610351562,0.55
2020-08-13,310.99066162109375,137.8017120361328,183.3300018310547,0.55
2020-08-14,310.99066162109375,137.8017120361328,183.3300018310547,0.57
2020-08-14,310.9998779296875,137.2633819580078,182.5399932861328,0.57
2020-08-17,310.9998779296875,137.2633819580078,182.5399932861328,0.55
2020-08-17,311.98779296875,137.6083221435547,186.5,0.55
2020-08-18,311.98779296875,137.6083221435547,186.5,0.53
2020-08-18,312.66180419921875,138.59246826171875,188.17999267578125,0.53
2020-08-19,312.66180419921875,138.59246826171875,188.17999267578125,0.54
2020-08-19,311.3599853515625,137.7260284423828,182.24000549316406,0.54
2020-08-20,311.3599853515625,137.7260284423828,182.24000549316406,0.52
2020-08-20,312.32940673828125,138.97103881835938,183.5,0.52
2020-08-21,312.32940673828125,138.97103881835938,183.5,0.48
2020-08-21,313.43731689453125,139.80374145507812,182.02999877929688,0.48
2020-08-24,313.43731689453125,139.80374145507812,182.02999877929688,0.51
2020-08-24,316.61346435546875,139.57669067382812,181.0,0.51
2020-08-25,316.61346435546875,139.57669067382812,181.0,0.54
2020-08-25,317.7214050292969,138.50840759277344,181.22000122070312,0.54
2020-08-26,317.7214050292969,138.50840759277344,181.22000122070312,0.53
2020-08-26,320.9068298339844,137.97836303710938,183.36000061035156,0.53
2020-08-27,320.9068298339844,137.97836303710938,183.36000061035156,0.58
2020-08-27,321.6084289550781,135.63156127929688,181.24000549316406,0.58
2020-08-28,321.6084289550781,135.63156127929688,181.24000549316406,0.6
2020-08-28,323.6857604980469,135.5305938720703,184.38999938964844,0.6
2020-08-31,323.6857604980469,135.5305938720703,184.38999938964844,0.58
2020-08-31,322.5133056640625,136.43060302734375,184.8300018310547,0.58
2020-09-01,322.5133056640625,136.43060302734375,184.8300018310547,0.55
2020-09-01,325.5509033203125,137.9911346435547,185.0500030517578,0.55
2020-09-02,325.5509033203125,137.9911346435547,185.0500030517578,0.52
2020-09-02,330.2596435546875,139.3047637939453,182.6199951171875,0.52
2020-09-03,330.2596435546875,139.3047637939453,182.6199951171875,0.5
2020-09-03,318.89404296875,139.70065307617188,181.13999938964844,0.5
2020-09-04,318.89404296875,139.70065307617188,181.13999938964844,0.58
2020-09-04,316.2903747558594,137.04794311523438,181.63999938964844,0.58
2020-09-08,316.2903747558594,137.04794311523438,181.63999938964844,0.55
2020-09-08,307.6484375,137.89002990722656,181.2899932861328,0.55
2020-09-09,307.6484375,137.89002990722656,181.2899932861328,0.57
2020-09-09,313.72357177734375,137.51947021484375,183.0500030517578,0.57
2020-09-10,313.72357177734375,137.51947021484375,183.0500030517578,0.54
2020-09-10,308.27618408203125,138.21849060058594,182.4600067138672,0.54
2020-09-11,308.27618408203125,138.21849060058594,182.4600067138672,0.54
2020-09-11,308.4331359863281,138.51321411132812,182.4499969482422,0.54
2020-09-14,308.4331359863281,138.51321411132812,182.4499969482422,0.54
2020-09-14,312.4955139160156,138.5048065185547,183.88999938964844,0.54
2020-09-15,312.4955139160156,138.5048065185547,183.88999938964844,0.54
2020-09-15,314.0744323730469,138.16798400878906,183.4499969482422,0.54
2020-09-16,314.0744323730469,138.16798400878906,183.4499969482422,0.55
2020-09-16,312.8279724121094,137.75535583496094,183.97000122070312,0.55
2020-09-17,312.8279724121094,137.75535583496094,183.97000122070312,0.56
2020-09-17,310.0765686035156,138.1763458251953,182.9600067138672,0.56
2020-09-18,310.0765686035156,138.1763458251953,182.9600067138672,0.56
2020-09-18,306.50677490234375,137.7469024658203,183.1999969482422,0.56
2020-09-21,306.50677490234375,137.7469024658203,183.1999969482422,0.54
2020-09-21,303.095458984375,138.4458465576172,179.52000427246094,0.54
2020-09-22,303.095458984375,138.4458465576172,179.52000427246094,0.55
2020-09-22,306.1822814941406,138.33639526367188,178.64999389648438,0.55
2020-09-23,306.1822814941406,138.33639526367188,178.64999389648438,0.54
2020-09-23,299.0816650390625,138.52169799804688,174.7899932861328,0.54
2020-09-24,299.0816650390625,138.52169799804688,174.7899932861328,0.53
2020-09-24,299.87896728515625,139.05218505859375,175.44000244140625,0.53
2020-09-25,299.87896728515625,139.05218505859375,175.44000244140625,0.54
2020-09-25,304.72705078125,139.05218505859375,174.94000244140625,0.54
2020-09-28,304.72705078125,139.05218505859375,174.94000244140625,0.53
2020-09-28,309.7882385253906,138.65640258789062,176.6999969482422,0.53
2020-09-29,309.7882385253906,138.65640258789062,176.6999969482422,0.55
2020-09-29,308.10113525390625,138.81637573242188,178.19000244140625,0.55
2020-09-30,308.10113525390625,138.81637573242188,178.19000244140625,0.56
2020-09-30,310.437255859375,137.48582458496094,177.1199951171875,0.56
2020-10-01,310.437255859375,137.48582458496094,177.1199951171875,0.54
2020-10-01,312.43023681640625,137.7126007080078,178.6999969482422,0.54
2020-10-02,312.43023681640625,137.7126007080078,178.6999969482422,0.57
2020-10-02,309.4638671875,137.19833374023438,178.5399932861328,0.57
2020-10-05,309.4638671875,137.19833374023438,178.5399932861328,0.64
2020-10-05,314.9515380859375,134.51759338378906,179.41000366210938,0.64
2020-10-06,314.9515380859375,134.51759338378906,179.41000366210938,0.62
2020-10-06,310.4742431640625,135.24261474609375,177.3000030517578,0.62
2020-10-07,310.4742431640625,135.24261474609375,177.3000030517578,0.65
2020-10-07,315.8785705566406,134.25628662109375,177.22000122070312,0.65
2020-10-08,315.8785705566406,134.25628662109375,177.22000122070312,0.65
2020-10-08,318.67803955078125,134.98123168945312,177.85000610351562,0.65
2020-10-09,318.67803955078125,134.98123168945312,177.85000610351562,0.63
2020-10-09,321.52386474609375,134.95594787597656,181.0800018310547,0.63
2020-10-12,326.69647216796875,135.38592529296875,180.55999755859375,0.63
2020-10-13,326.69647216796875,135.38592529296875,180.55999755859375,0.58
2020-10-13,324.56439208984375,136.35537719726562,177.72000122070312,0.58
2020-10-14,324.56439208984375,136.35537719726562,177.72000122070312,0.59
2020-10-14,322.5250549316406,136.6672821044922,178.27000427246094,0.59
2020-10-15,322.5250549316406,136.6672821044922,178.27000427246094,0.6
2020-10-15,322.12640380859375,136.4311981201172,178.9199981689453,0.6
2020-10-16,322.12640380859375,136.4311981201172,178.9199981689453,0.62
2020-10-16,321.9317932128906,136.05184936523438,178.3000030517578,0.62
2020-10-19,321.9317932128906,136.05184936523438,178.3000030517578,0.62
2020-10-19,317.03729248046875,135.53765869140625,178.38999938964844,0.62
2020-10-20,317.03729248046875,135.53765869140625,178.38999938964844,0.67
2020-10-20,318.3072814941406,134.24789428710938,179.25,0.67
2020-10-21,318.3072814941406,134.24789428710938,179.25,0.69
2020-10-21,317.7047119140625,133.7842254638672,180.60000610351562,0.69
2020-10-22,317.7047119140625,133.7842254638672,180.60000610351562,0.71
2020-10-22,319.447509765625,132.39328002929688,178.8300018310547,0.71
2020-10-23,319.447509765625,132.39328002929688,178.8300018310547,0.67
2020-10-23,320.5320739746094,133.20252990722656,178.63999938964844,0.67
2020-10-26,320.5320739746094,133.20252990722656,178.63999938964844,0.65
2020-10-26,314.6086730957031,134.44175720214844,178.5500030517578,0.65
2020-10-27,314.6086730957031,134.44175720214844,178.5500030517578,0.63
2020-10-27,313.5240478515625,135.34381103515625,179.02000427246094,0.63
2020-10-28,313.5240478515625,135.34381103515625,179.02000427246094,0.63
2020-10-28,302.8081970214844,135.47019958496094,176.1300048828125,0.63
2020-10-29,302.8081970214844,135.47019958496094,176.1300048828125,0.69
2020-10-29,305.8857116699219,134.15518188476562,175.39999389648438,0.69
2020-10-30,305.8857116699219,134.15518188476562,175.39999389648438,0.74
2020-10-30,302.6968994140625,132.83163452148438,176.1999969482422,0.74
2020-11-02,302.6968994140625,132.83163452148438,176.1999969482422,0.71
2020-11-02,306.08966064453125,133.82659912109375,177.91000366210938,0.71
2020-11-03,306.08966064453125,133.82659912109375,177.91000366210938,0.73
2020-11-03,311.4939270019531,133.0502166748047,178.9199981689453,0.73
2020-11-04,311.4939270019531,133.0502166748047,178.9199981689453,0.64
2020-11-04,318.45556640625,135.93637084960938,178.82000732421875,0.64
2020-11-05,318.45556640625,135.93637084960938,178.82000732421875,0.65
2020-11-05,324.6664123535156,136.17269897460938,182.92999267578125,0.65
2020-11-06,324.6664123535156,136.17269897460938,182.92999267578125,0.67
2020-11-06,324.59222412109375,134.52703857421875,183.19000244140625,0.67
2020-11-09,324.59222412109375,134.52703857421875,183.19000244140625,0.79
2020-11-09,328.67095947265625,131.69993591308594,175.0800018310547,0.79
2020-11-10,328.67095947265625,131.69993591308594,175.0800018310547,0.79
2020-11-10,328.1888732910156,130.94036865234375,175.66000366210938,0.79
2020-11-11,330.6268615722656,131.4129638671875,174.89999389648438,0.79
2020-11-12,330.6268615722656,131.4129638671875,174.89999389648438,0.71
2020-11-12,327.41943359375,133.64938354492188,175.9600067138672,0.71
2020-11-13,327.41943359375,133.64938354492188,175.9600067138672,0.72
2020-11-13,331.952392578125,133.47213745117188,177.16000366210938,0.72
2020-11-16,331.952392578125,133.47213745117188,177.16000366210938,0.72
2020-11-16,336.09600830078125,133.15142822265625,177.14999389648438,0.72
2020-11-17,336.09600830078125,133.15142822265625,177.14999389648438,0.69
2020-11-17,334.2884521484375,134.0206298828125,176.5,0.69
2020-11-18,334.2884521484375,134.0206298828125,176.5,0.72
2020-11-18,330.2653503417969,134.4088897705078,175.49000549316406,0.72
2020-11-19,330.2653503417969,134.4088897705078,175.49000549316406,0.68
2020-11-19,331.65582275390625,135.10084533691406,175.16000366210938,0.68
2020-11-20,331.65582275390625,135.10084533691406,175.16000366210938,0.67
2020-11-20,329.3847351074219,136.29922485351562,175.69000244140625,0.67
2020-11-23,329.3847351074219,136.29922485351562,175.69000244140625,0.7
2020-11-23,331.35919189453125,135.67474365234375,172.22999572753906,0.7
2020-11-24,331.35919189453125,135.67474365234375,172.22999572753906,0.72
2020-11-24,336.6985168457031,134.3245086669922,169.58999633789062,0.72
2020-11-25,336.6985168457031,134.3245086669922,169.58999633789062,0.71
2020-11-25,336.1794738769531,133.9109649658203,169.50999450683594,0.71
2020-11-27,336.1794738769531,133.9109649658203,169.50999450683594,0.68
2020-11-27,337.1157531738281,135.21060180664062,167.7899932861328,0.68
2020-11-30,337.1157531738281,135.21060180664062,167.7899932861328,0.68
2020-11-30,335.62322998046875,135.04185485839844,166.6699981689453,0.68
2020-12-01,335.62322998046875,135.04185485839844,166.6699981689453,0.75
2020-12-01,339.2941589355469,133.0507049560547,170.17999267578125,0.75
2020-12-02,339.2941589355469,133.0507049560547,170.17999267578125,0.79
2020-12-02,340.00787353515625,131.99476623535156,171.4600067138672,0.79
2020-12-03,340.00787353515625,131.99476623535156,171.4600067138672,0.76
2020-12-03,339.9152526855469,133.05911254882812,172.80999755859375,0.76
2020-12-04,339.9152526855469,133.05911254882812,172.80999755859375,0.81
2020-12-04,342.8445129394531,131.1077117919922,172.32000732421875,0.81
2020-12-07,342.8445129394531,131.1077117919922,172.32000732421875,0.8
2020-12-07,342.1400451660156,132.29039001464844,174.88999938964844,0.8
2020-12-08,342.1400451660156,132.29039001464844,174.88999938964844,0.78
2020-12-08,343.14117431640625,132.91554260253906,175.5,0.78
2020-12-09,343.14117431640625,132.91554260253906,175.5,0.79
2020-12-09,340.0635681152344,132.4762725830078,172.5,0.79
2020-12-10,340.0635681152344,132.4762725830078,172.5,0.78
2020-12-10,339.95233154296875,133.65054321289062,172.1699981689453,0.78
2020-12-11,339.95233154296875,133.65054321289062,172.1699981689453,0.79
2020-12-11,339.5537414550781,134.12351989746094,172.49000549316406,0.79
2020-12-14,339.5537414550781,134.12351989746094,172.49000549316406,0.77
2020-12-14,338.0334777832031,133.75189208984375,171.5399932861328,0.77
2020-12-15,338.0334777832031,133.75189208984375,171.5399932861328,0.81
2020-12-15,342.6034851074219,133.30413818359375,173.94000244140625,0.81
2020-12-16,342.6034851074219,133.30413818359375,173.94000244140625,0.79
2020-12-16,343.14117431640625,132.9493408203125,174.89999389648438,0.79
2020-12-17,343.14117431640625,132.9493408203125,174.89999389648438,0.81
2020-12-17,345.0600280761719,132.59750366210938,176.74000549316406,0.81
2020-12-18,345.0600280761719,132.59750366210938,176.74000549316406,0.82
2020-12-18,343.68212890625,132.20008850097656,176.44000244140625,0.82
2020-12-21,343.68212890625,132.20008850097656,176.44000244140625,0.82
2020-12-21,342.453369140625,132.7244110107422,175.8800048828125,0.82
2020-12-22,342.453369140625,132.7244110107422,175.8800048828125,0.8
2020-12-22,341.8762512207031,133.4093475341797,174.49000549316406,0.8
2020-12-23,341.8762512207031,133.4093475341797,174.49000549316406,0.83
2020-12-23,342.1833801269531,132.48764038085938,175.64999389648438,0.83
2020-12-24,342.1833801269531,132.48764038085938,175.64999389648438,0.81
2020-12-24,343.51458740234375,133.0118865966797,176.35000610351562,0.81
2020-12-28,343.51458740234375,133.0118865966797,176.35000610351562,0.81
2020-12-28,346.4657287597656,133.07110595703125,175.7100067138672,0.81
2020-12-29,346.4657287597656,133.07110595703125,175.7100067138672,0.82
2020-12-29,345.8047790527344,132.9019775390625,176.35000610351562,0.82
2020-12-30,345.8047790527344,132.9019775390625,176.35000610351562,0.81
2020-12-30,346.2980651855469,133.1895294189453,177.6999969482422,0.81
2020-12-31,346.2980651855469,133.1895294189453,177.6999969482422,0.8
2020-12-31,348.0576477050781,133.38397216796875,178.36000061035156,0.8
2021-01-04,348.0576477050781,133.38397216796875,178.36000061035156,0.82
2021-01-04,343.3190612792969,133.22332763671875,182.3300018310547,0.82
2021-01-05,343.3190612792969,133.22332763671875,182.3300018310547,0.83
2021-01-05,345.6837158203125,132.23387145996094,182.8699951171875,0.83
2021-01-06,345.6837158203125,132.23387145996094,182.8699951171875,0.9
2021-01-06,347.75042724609375,129.51934814453125,179.89999389648438,0.9
2021-01-07,347.75042724609375,129.51934814453125,179.89999389648438,0.94
2021-01-07,352.91705322265625,128.37774658203125,179.47999572753906,0.94
2021-01-08,352.91705322265625,128.37774658203125,179.47999572753906,0.99
2021-01-08,354.9278259277344,127.96343994140625,173.33999633789062,0.99
2021-01-11,354.9278259277344,127.96343994140625,173.33999633789062,1.01
2021-01-11,352.535400390625,127.75202941894531,173.0,1.01
2021-01-12,352.535400390625,127.75202941894531,173.0,1.01
2021-01-12,352.60980224609375,127.65044403076172,174.1199951171875,1.01
2021-01-13,352.60980224609375,127.65044403076172,174.1199951171875,0.96
2021-01-13,353.5594482421875,129.088134765625,173.3699951171875,0.96
2021-01-14,353.5594482421875,129.088134765625,173.3699951171875,0.99
2021-01-14,352.3211975097656,127.87885284423828,173.27999877929688,0.99
2021-01-15,352.3211975097656,127.87885284423828,173.27999877929688,0.98
2021-01-15,349.75189208984375,128.38626098632812,171.1300048828125,0.98
2021-01-19,349.75189208984375,128.38626098632812,171.1300048828125,0.96
2021-01-19,352.498046875,128.80056762695312,172.5800018310547,0.96
2021-01-20,352.498046875,128.80056762695312,172.5800018310547,0.97
2021-01-20,357.37615966796875,128.92745971679688,175.38999938964844,0.97
2021-01-21,357.37615966796875,128.92745971679688,175.38999938964844,0.99
2021-01-21,357.7019958496094,128.02259826660156,175.27999877929688,0.99
2021-01-22,357.7019958496094,128.02259826660156,175.27999877929688,0.97
2021-01-22,356.43603515625,128.43695068359375,173.89999389648438,0.97
2021-01-25,356.43603515625,128.43695068359375,173.89999389648438,0.92
2021-01-25,357.84173583984375,129.95068359375,174.0500030517578,0.92
2021-01-26,357.84173583984375,129.95068359375,174.0500030517578,0.94
2021-01-26,357.2830505371094,129.70545959472656,173.6199951171875,0.94
2021-01-27,357.2830505371094,129.70545959472656,173.6199951171875,0.92
2021-01-27,348.551025390625,130.03530883789062,172.52000427246094,0.92
2021-01-28,348.551025390625,130.03530883789062,172.52000427246094,0.95
2021-01-28,351.5485534667969,129.31643676757812,172.67999267578125,0.95
2021-01-29,351.5485534667969,129.31643676757812,172.67999267578125,1.0
2021-01-29,344.5107727050781,128.53846740722656,172.61000061035156,1.0
2021-02-01,344.5107727050781,128.53846740722656,172.61000061035156,0.98
2021-02-01,350.2452087402344,128.6874542236328,174.22999572753906,0.98
2021-02-02,350.2452087402344,128.6874542236328,174.22999572753906,1.01
2021-02-02,355.1978454589844,127.85774230957031,172.11000061035156,1.01
2021-02-03,355.1978454589844,127.85774230957031,172.11000061035156,1.04
2021-02-03,355.4770812988281,126.7232666015625,171.85000610351562,1.04
2021-02-04,355.4770812988281,126.7232666015625,171.85000610351562,1.04
2021-02-04,359.51739501953125,126.3846206665039,168.14999389648438,1.04
2021-02-05,359.51739501953125,126.3846206665039,168.14999389648438,1.1
2021-02-05,360.9324035644531,125.32637023925781,169.80999755859375,1.1
2021-02-08,360.9324035644531,125.32637023925781,169.80999755859375,1.08
2021-02-08,363.5389709472656,125.87662506103516,171.52000427246094,1.08
2021-02-09,363.5389709472656,125.87662506103516,171.52000427246094,1.07
2021-02-09,363.296875,125.9697494506836,172.0800018310547,1.07
2021-02-10,363.296875,125.9697494506836,172.0800018310547,1.04
2021-02-10,363.13873291015625,126.80791473388672,172.7100067138672,1.04
2021-02-11,363.13873291015625,126.80791473388672,172.7100067138672,1.05
2021-02-11,363.72515869140625,126.11372375488281,171.2100067138672,1.05
2021-02-12,363.72515869140625,126.11372375488281,171.2100067138672,1.09
2021-02-12,365.52191162109375,124.54744720458984,170.69000244140625,1.09
2021-02-16,365.52191162109375,124.54744720458984,170.69000244140625,1.17
2021-02-16,365.20538330078125,122.65100860595703,168.24000549316406,1.17
2021-02-17,365.20538330078125,122.65100860595703,168.24000549316406,1.18
2021-02-17,365.28912353515625,123.42982482910156,166.3300018310547,1.18
2021-02-18,365.28912353515625,123.42982482910156,166.3300018310547,1.18
2021-02-18,363.73455810546875,122.930419921875,166.32000732421875,1.18
2021-02-19,363.73455810546875,122.930419921875,166.32000732421875,1.23
2021-02-19,363.0921630859375,121.2963638305664,167.00999450683594,1.23
2021-02-22,363.0921630859375,121.2963638305664,167.00999450683594,1.26
2021-02-22,360.29937744140625,120.3735122680664,169.50999450683594,1.26
2021-02-23,360.29937744140625,120.3735122680664,169.50999450683594,1.26
2021-02-23,360.7369079589844,120.02645111083984,169.1199951171875,1.26
2021-02-24,360.7369079589844,120.02645111083984,169.1199951171875,1.26
2021-02-24,364.7120056152344,119.23909759521484,169.0,1.26
2021-02-25,364.7120056152344,119.23909759521484,169.0,1.37
2021-02-25,355.9240417480469,117.29177856445312,165.82000732421875,1.37
2021-02-26,355.9240417480469,117.29177856445312,165.82000732421875,1.3
2021-02-26,354.0899658203125,121.16938018798828,161.80999755859375,1.3
2021-03-01,354.0899658203125,121.16938018798828,161.80999755859375,1.32
2021-03-01,362.6732177734375,119.56902313232422,161.52999877929688,1.32
2021-03-02,362.6732177734375,119.56902313232422,161.52999877929688,1.29
2021-03-02,359.84326171875,119.5775146484375,162.41000366210938,1.29
2021-03-03,359.84326171875,119.5775146484375,162.41000366210938,1.33
2021-03-03,355.0768127441406,118.28060150146484,160.6199951171875,1.33
2021-03-04,355.0768127441406,118.28060150146484,160.6199951171875,1.4
2021-03-04,350.68280029296875,117.5177230834961,159.0399932861328,1.4
2021-03-05,350.68280029296875,117.5177230834961,159.0399932861328,1.42
2021-03-05,357.1341552734375,117.74658966064453,159.13999938964844,1.42
2021-03-08,357.1341552734375,117.74658966064453,159.13999938964844,1.42
2021-03-08,355.3561096191406,116.83111572265625,157.49000549316406,1.42
2021-03-09,355.3561096191406,116.83111572265625,157.49000549316406,1.38
2021-03-09,360.4297180175781,118.45012664794922,160.83999633789062,1.38
2021-03-10,360.4297180175781,118.45012664794922,160.83999633789062,1.37
2021-03-10,362.6732177734375,118.68748474121094,161.66000366210938,1.37
2021-03-11,362.6732177734375,118.68748474121094,161.66000366210938,1.4
2021-03-11,366.35040283203125,117.83129119873047,161.52000427246094,1.4
2021-03-12,366.35040283203125,117.83129119873047,161.52000427246094,1.5
2021-03-12,366.8437805175781,115.33080291748047,161.49000549316406,1.5
2021-03-15,366.8437805175781,115.33080291748047,161.49000549316406,1.48
2021-03-15,369.031494140625,116.00889587402344,162.1999969482422,1.48
2021-03-16,369.031494140625,116.00889587402344,162.1999969482422,1.47
2021-03-16,368.5659484863281,115.54271697998047,162.35000610351562,1.47
2021-03-17,368.5659484863281,115.54271697998047,162.35000610351562,1.5
2021-03-17,369.8228759765625,114.67809295654297,163.50999450683594,1.5
2021-03-18,369.8228759765625,114.67809295654297,163.50999450683594,1.55
2021-03-18,364.4420166015625,113.516845703125,162.55999755859375,1.55
2021-03-19,364.4420166015625,113.516845703125,162.55999755859375,1.58
2021-03-19,363.7677307128906,114.22038269042969,163.24000549316406,1.58
2021-03-22,363.7677307128906,114.22038269042969,163.24000549316406,1.54
2021-03-22,366.67242431640625,115.50032806396484,163.0,1.54
2021-03-23,366.67242431640625,115.50032806396484,163.0,1.48
2021-03-23,363.7864074707031,116.54291534423828,161.80999755859375,1.48
2021-03-24,363.7864074707031,116.54291534423828,161.80999755859375,1.48
2021-03-24,361.93701171875,117.170166015625,162.3699951171875,1.48
2021-03-25,361.93701171875,117.170166015625,162.3699951171875,1.49
2021-03-25,363.97308349609375,116.24629211425781,161.77999877929688,1.49
2021-03-26,363.97308349609375,116.24629211425781,161.77999877929688,1.53
2021-03-26,369.838623046875,115.83938598632812,162.24000549316406,1.53
2021-03-29,369.838623046875,115.83938598632812,162.24000549316406,1.59
2021-03-29,369.65179443359375,114.85612487792969,160.30999755859375,1.59
2021-03-30,369.65179443359375,114.85612487792969,160.30999755859375,1.57
2021-03-30,368.671142578125,115.45796203613281,157.57000732421875,1.57
2021-03-31,368.671142578125,115.45796203613281,157.57000732421875,1.58
2021-03-31,370.16546630859375,114.81373596191406,159.9600067138672,1.58
2021-04-01,370.16546630859375,114.81373596191406,159.9600067138672,1.52
2021-04-01,374.16290283203125,116.7193374633789,161.97999572753906,1.52
2021-04-02,374.16290283203125,116.7193374633789,161.97999572753906,1.53
2021-04-05,374.16290283203125,116.7193374633789,161.97999572753906,1.56
2021-04-05,379.5333251953125,116.21002960205078,161.9199981689453,1.56
2021-04-06,379.5333251953125,116.21002960205078,161.9199981689453,1.51
2021-04-06,379.30914306640625,116.99939727783203,163.22000122070312,1.51
2021-04-07,379.30914306640625,116.99939727783203,163.22000122070312,1.52
2021-04-07,379.7480773925781,116.18457794189453,162.75999450683594,1.52
2021-04-08,379.7480773925781,116.18457794189453,162.75999450683594,1.5
2021-04-08,381.5506896972656,117.14368438720703,164.50999450683594,1.5
2021-04-09,381.5506896972656,117.14368438720703,164.50999450683594,1.51
2021-04-09,384.32464599609375,116.7193374633789,163.27000427246094,1.51
2021-04-12,384.32464599609375,116.7193374633789,163.27000427246094,1.51
2021-04-12,384.4647216796875,116.66842651367188,162.27999877929688,1.51
2021-04-13,384.4647216796875,116.66842651367188,162.27999877929688,1.48
2021-04-13,385.60418701171875,117.54268646240234,163.42999267578125,1.48
2021-04-14,385.60418701171875,117.54268646240234,163.42999267578125,1.48
2021-04-14,384.2872314453125,117.1691665649414,162.72000122070312,1.48
2021-04-15,384.2872314453125,117.1691665649414,162.72000122070312,1.4
2021-04-15,388.41552734375,119.12992095947266,165.35000610351562,1.4
2021-04-16,388.41552734375,119.12992095947266,165.35000610351562,1.43
2021-04-16,389.7137756347656,118.20467376708984,166.35000610351562,1.43
2021-04-19,389.7137756347656,118.20467376708984,166.35000610351562,1.45
2021-04-19,387.7990417480469,117.86515045166016,165.88999938964844,1.45
2021-04-20,387.7990417480469,117.86515045166016,165.88999938964844,1.43
2021-04-20,384.959716796875,118.408447265625,166.47999572753906,1.43
2021-04-21,384.959716796875,118.408447265625,166.47999572753906,1.42
2021-04-21,388.6022033691406,118.64606475830078,168.1300048828125,1.42
2021-04-22,388.6022033691406,118.64606475830078,168.1300048828125,1.41
2021-04-22,385.0531921386719,119.16389465332031,167.0399932861328,1.41
2021-04-23,385.0531921386719,119.16389465332031,167.0399932861328,1.42
2021-04-23,389.2280578613281,118.88369750976562,166.39999389648438,1.42
2021-04-26,389.2280578613281,118.88369750976562,166.39999389648438,1.4
2021-04-26,390.0406799316406,118.71402740478516,166.83999633789062,1.4
2021-04-27,390.0406799316406,118.71402740478516,166.83999633789062,1.46
2021-04-27,389.95654296875,117.67848205566406,166.4199981689453,1.46
2021-04-28,389.95654296875,117.67848205566406,166.4199981689453,1.46
2021-04-28,389.844482421875,117.75485229492188,166.91000366210938,1.46
2021-04-29,389.844482421875,117.75485229492188,166.91000366210938,1.49
2021-04-29,392.3288879394531,117.40678405761719,166.22000122070312,1.49
2021-04-30,392.3288879394531,117.40678405761719,166.22000122070312,1.49
2021-04-30,389.7510986328125,117.67848205566406,165.66000366210938,1.49
2021-05-03,389.7510986328125,117.67848205566406,165.66000366210938,1.47
2021-05-03,390.5916748046875,117.74903869628906,167.80999755859375,1.47
2021-05-04,390.5916748046875,117.74903869628906,167.80999755859375,1.45
2021-05-04,388.18206787109375,118.54803466796875,166.5800018310547,1.45
2021-05-05,388.18206787109375,118.54803466796875,166.5800018310547,1.43
2021-05-05,388.3034362792969,118.74356842041016,167.27000427246094,1.43
2021-05-06,388.3034362792969,118.74356842041016,167.27000427246094,1.42
2021-05-06,391.4042053222656,118.93907928466797,170.05999755859375,1.42
2021-05-07,391.4042053222656,118.93907928466797,170.05999755859375,1.46
2021-05-07,394.2528991699219,118.35253143310547,171.58999633789062,1.46
2021-05-10,394.2528991699219,118.35253143310547,171.58999633789062,1.47
2021-05-10,390.34881591796875,117.1539535522461,172.11000061035156,1.47
2021-05-11,390.34881591796875,117.1539535522461,172.11000061035156,1.48
2021-05-11,386.8650817871094,116.4909439086914,172.13999938964844,1.48
2021-05-12,386.8650817871094,116.4909439086914,172.13999938964844,1.53
2021-05-12,378.6460266113281,115.26686096191406,170.42999267578125,1.53
2021-05-13,378.6460266113281,115.26686096191406,170.42999267578125,1.5
2021-05-13,383.1945495605469,115.44538116455078,171.1300048828125,1.5
2021-05-14,383.1945495605469,115.44538116455078,171.1300048828125,1.47
2021-05-14,389.07861328125,116.52497863769531,172.69000244140625,1.47
2021-05-17,389.07861328125,116.52497863769531,172.69000244140625,1.48
2021-05-17,388.0885925292969,116.27840423583984,174.6999969482422,1.48
2021-05-18,388.0885925292969,116.27840423583984,174.6999969482422,1.48
2021-05-18,384.7449645996094,115.98092651367188,175.0399932861328,1.48
2021-05-19,384.7449645996094,115.98092651367188,175.0399932861328,1.52
2021-05-19,383.73626708984375,115.7004165649414,175.16000366210938,1.52
2021-05-20,383.73626708984375,115.7004165649414,175.16000366210938,1.48
2021-05-20,387.8644714355469,116.65245819091797,175.9600067138672,1.48
2021-05-21,387.8644714355469,116.65245819091797,175.9600067138672,1.46
2021-05-21,387.546875,117.02648162841797,176.0399932861328,1.46
2021-05-24,387.546875,117.02648162841797,176.0399932861328,1.46
2021-05-24,391.4976501464844,117.45995330810547,176.35000610351562,1.46
2021-05-25,391.4976501464844,117.45995330810547,176.35000610351562,1.41
2021-05-25,390.6289978027344,118.54803466796875,177.9499969482422,1.41
2021-05-26,390.6289978027344,118.54803466796875,177.9499969482422,1.44
2021-05-26,391.4042053222656,118.34403991699219,177.63999938964844,1.44
2021-05-27,391.4042053222656,118.34403991699219,177.63999938964844,1.47
2021-05-27,391.6096496582031,117.8680419921875,177.7100067138672,1.47
2021-05-28,391.6096496582031,117.8680419921875,177.7100067138672,1.44
2021-05-28,392.3102111816406,117.6810302734375,178.3800048828125,1.44
2021-06-01,392.3102111816406,117.6810302734375,178.3800048828125,1.46
2021-06-01,391.9646301269531,117.65461730957031,177.89999389648438,1.46
2021-06-02,391.9646301269531,117.65461730957031,177.89999389648438,1.46
2021-06-02,392.5810546875,117.92700958251953,178.77000427246094,1.46
2021-06-03,392.5810546875,117.92700958251953,178.77000427246094,1.47
2021-06-03,391.1240234375,117.48432922363281,175.27000427246094,1.47
2021-06-04,391.1240234375,117.48432922363281,175.27000427246094,1.42
2021-06-04,394.7012023925781,119.0932846069336,177.16000366210938,1.42
2021-06-07,394.7012023925781,119.0932846069336,177.16000366210938,1.41
2021-06-07,394.31829833984375,118.72726440429688,177.8699951171875,1.41
2021-06-08,394.31829833984375,118.72726440429688,177.8699951171875,1.39
2021-06-08,394.40228271484375,119.56151580810547,177.32000732421875,1.39
2021-06-09,394.40228271484375,119.56151580810547,177.32000732421875,1.34
2021-06-09,393.81396484375,120.61702728271484,176.97999572753906,1.34
2021-06-10,393.81396484375,120.61702728271484,176.97999572753906,1.31
2021-06-10,395.6445007324219,121.34061431884766,177.74000549316406,1.31
2021-06-11,395.6445007324219,121.34061431884766,177.74000549316406,1.31
2021-06-11,396.2982482910156,121.14484405517578,175.74000549316406,1.31
2021-06-14,396.2982482910156,121.14484405517578,175.74000549316406,1.35
2021-06-14,397.18560791015625,120.21700286865234,174.7100067138672,1.35
2021-06-15,397.18560791015625,120.21700286865234,174.7100067138672,1.35
2021-06-15,396.45709228515625,120.07228088378906,174.0500030517578,1.35
2021-06-16,396.45709228515625,120.07228088378906,174.0500030517578,1.36
2021-06-16,394.2435302734375,119.97006225585938,171.11000061035156,1.36
2021-06-17,394.2435302734375,119.97006225585938,171.11000061035156,1.29
2021-06-17,394.1127014160156,121.7662582397461,165.85000610351562,1.29
2021-06-18,394.1127014160156,121.7662582397461,165.85000610351562,1.19
2021-06-18,388.79608154296875,124.05615234375,164.92999267578125,1.19
2021-06-21,388.79608154296875,124.05615234375,164.92999267578125,1.23
2021-06-21,394.3620910644531,121.97909545898438,166.9499969482422,1.23
2021-06-22,394.3620910644531,121.97909545898438,166.9499969482422,1.23
2021-06-22,396.47039794921875,122.27701568603516,166.25,1.23
2021-06-23,396.47039794921875,122.27701568603516,166.25,1.24
2021-06-23,395.99249267578125,121.96207427978516,166.13999938964844,1.24
2021-06-24,395.99249267578125,121.96207427978516,166.13999938964844,1.23
2021-06-24,398.3351745605469,122.1578369140625,166.0399932861328,1.23
2021-06-25,398.3351745605469,122.1578369140625,166.0399932861328,1.26
2021-06-25,399.7499694824219,120.88944244384766,166.58999633789062,1.26
2021-06-28,399.7499694824219,120.88944244384766,166.58999633789062,1.24
2021-06-28,400.5558776855469,122.13233184814453,166.5800018310547,1.24
2021-06-29,400.5558776855469,122.13233184814453,166.5800018310547,1.22
2021-06-29,400.7714538574219,122.33668518066406,164.8300018310547,1.22
2021-06-30,400.7714538574219,122.33668518066406,164.8300018310547,1.2
2021-06-30,401.1087646484375,122.88145446777344,165.6300048828125,1.2
2021-07-01,401.1087646484375,122.88145446777344,165.6300048828125,1.23
2021-07-01,403.3294677734375,122.88826751708984,166.1999969482422,1.23
2021-07-02,403.3294677734375,122.88826751708984,166.1999969482422,1.2
2021-07-02,406.41241455078125,123.62984466552734,167.2899932861328,1.2
2021-07-06,406.41241455078125,123.62984466552734,167.2899932861328,1.15
2021-07-06,405.6720275878906,125.07881927490234,168.1199951171875,1.15
2021-07-07,405.6720275878906,125.07881927490234,168.1199951171875,1.11
2021-07-07,407.1058044433594,126.18700408935547,168.75999450683594,1.11
2021-07-08,407.1058044433594,126.18700408935547,168.75999450683594,1.11
2021-07-08,403.7886962890625,126.68138122558594,168.64999389648438,1.11
2021-07-09,403.7886962890625,126.68138122558594,168.64999389648438,1.14
2021-07-09,408.0990295410156,124.89985656738281,169.2100067138672,1.14
2021-07-12,408.0990295410156,124.89985656738281,169.2100067138672,1.15
2021-07-12,409.56085205078125,124.73792266845703,169.0,1.15
2021-07-13,409.56085205078125,124.73792266845703,169.0,1.16
2021-07-13,408.1645812988281,123.78327178955078,169.22000122070312,1.16
2021-07-14,408.1645812988281,123.78327178955078,169.22000122070312,1.14
2021-07-14,408.7737121582031,125.189697265625,171.0399932861328,1.14
2021-07-15,408.7737121582031,125.189697265625,171.0399932861328,1.08
2021-07-15,407.37744140625,126.5705337524414,171.07000732421875,1.08
2021-07-16,407.37744140625,126.5705337524414,171.07000732421875,1.06
2021-07-16,404.1822204589844,126.33193969726562,169.41000366210938,1.06
2021-07-19,404.1822204589844,126.33193969726562,169.41000366210938,0.98
2021-07-19,398.21331787109375,129.1021270751953,169.61000061035156,0.98
2021-07-20,398.21331787109375,129.1021270751953,169.61000061035156,1.03
2021-07-20,403.9198303222656,127.85768127441406,169.38999938964844,1.03
2021-07-21,403.9198303222656,127.85768127441406,169.38999938964844,1.08
2021-07-21,407.19012451171875,126.23810577392578,168.75999450683594,1.08
2021-07-22,407.19012451171875,126.23810577392578,168.75999450683594,1.07
2021-07-22,408.042724609375,127.43145751953125,169.08999633789062,1.07
2021-07-23,408.042724609375,127.43145751953125,169.08999633789062,1.08
2021-07-23,412.2407531738281,126.57905578613281,168.55999755859375,1.08
2021-07-26,412.2407531738281,126.57905578613281,168.55999755859375,1.07
2021-07-26,413.2526550292969,126.20405578613281,168.16000366210938,1.07
2021-07-27,413.2526550292969,126.20405578613281,168.16000366210938,1.05
2021-07-27,411.3693542480469,127.55084991455078,168.44000244140625,1.05
2021-07-28,411.3693542480469,127.55084991455078,168.44000244140625,1.06
2021-07-28,411.20068359375,127.55934143066406,169.2899932861328,1.06
2021-07-29,411.20068359375,127.55934143066406,169.2899932861328,1.08
2021-07-29,412.9060363769531,126.85179901123047,171.1699981689453,1.08
2021-07-30,412.9060363769531,126.85179901123047,171.1699981689453,1.05
2021-07-30,410.9008483886719,127.44852447509766,169.82000732421875,1.05
2021-08-02,410.9008483886719,127.44852447509766,169.82000732421875,1.03
2021-08-02,410.0386962890625,128.5852508544922,169.61000061035156,1.03
2021-08-03,410.0386962890625,128.5852508544922,169.61000061035156,1.02
2021-08-03,413.37457275390625,128.65350341796875,169.49000549316406,1.02
2021-08-04,413.37457275390625,128.65350341796875,169.49000549316406,1.02
2021-08-04,411.3412170410156,128.91810607910156,169.52999877929688,1.02
2021-08-05,411.3412170410156,128.91810607910156,169.52999877929688,1.02
2021-08-05,413.9461975097656,128.26101684570312,168.86000061035156,1.02
2021-08-06,413.9461975097656,128.26101684570312,168.86000061035156,1.1
2021-08-06,414.630126953125,126.11886596679688,164.63999938964844,1.1
2021-08-09,414.630126953125,126.11886596679688,164.63999938964844,1.1
2021-08-09,414.2928466796875,125.66658020019531,161.72000122070312,1.1
2021-08-10,414.2928466796875,125.66658020019531,161.72000122070312,1.12
2021-08-10,414.8081970214844,125.08618927001953,161.77000427246094,1.12
2021-08-11,414.8081970214844,125.08618927001953,161.77000427246094,1.12
2021-08-11,415.8389892578125,125.0094223022461,164.0,1.12
2021-08-12,415.8389892578125,125.0094223022461,164.0,1.13
2021-08-12,417.0851745605469,124.8045883178711,164.0399932861328,1.13
2021-08-13,417.0851745605469,124.8045883178711,164.0399932861328,1.06
2021-08-13,417.84417724609375,126.77600860595703,166.38999938964844,1.06
2021-08-16,417.84417724609375,126.77600860595703,166.38999938964844,1.05
2021-08-16,418.8280944824219,127.0832290649414,167.22000122070312,1.05
2021-08-17,418.8280944824219,127.0832290649414,167.22000122070312,1.03
2021-08-17,416.0826416015625,127.03204345703125,166.97000122070312,1.03
2021-08-18,416.0826416015625,127.03204345703125,166.97000122070312,1.04
2021-08-18,411.528564453125,127.45875549316406,167.10000610351562,1.04
2021-08-19,411.528564453125,127.45875549316406,167.10000610351562,1.02
2021-08-19,412.16583251953125,128.39756774902344,166.61000061035156,1.02
2021-08-20,412.16583251953125,128.39756774902344,166.61000061035156,1.03
2021-08-20,415.4453430175781,128.48284912109375,166.6999969482422,1.03
2021-08-23,415.4453430175781,128.48284912109375,166.6999969482422,1.02
2021-08-23,419.0998840332031,128.39756774902344,168.72999572753906,1.02
2021-08-24,419.0998840332031,128.39756774902344,168.72999572753906,1.05
2021-08-24,419.76513671875,127.39899444580078,168.64999389648438,1.05
2021-08-25,419.76513671875,127.39899444580078,168.64999389648438,1.12
2021-08-25,420.6459045410156,126.34076690673828,167.47999572753906,1.12
2021-08-26,420.6459045410156,126.34076690673828,167.47999572753906,1.09
2021-08-26,418.1628723144531,126.690673828125,167.6699981689453,1.09
2021-08-27,418.1628723144531,126.690673828125,167.6699981689453,1.09
2021-08-27,421.9015808105469,127.55261993408203,170.19000244140625,1.09
2021-08-30,421.9015808105469,127.55261993408203,170.19000244140625,1.09
2021-08-30,423.7569580078125,127.8854751586914,169.35000610351562,1.09
2021-08-31,423.7569580078125,127.8854751586914,169.35000610351562,1.1
2021-08-31,423.12908935546875,127.01498413085938,169.69000244140625,1.1
2021-09-01,423.12908935546875,127.01498413085938,169.69000244140625,1.11
2021-09-01,423.35400390625,127.22777557373047,169.6999969482422,1.11
2021-09-02,423.35400390625,127.22777557373047,169.6999969482422,1.09
2021-09-02,424.65655517578125,127.78313446044922,169.25,1.09
2021-09-03,424.65655517578125,127.78313446044922,169.25,1.12
2021-09-03,424.5534362792969,126.62100982666016,171.05999755859375,1.12
2021-09-07,424.5534362792969,126.62100982666016,171.05999755859375,1.16
2021-09-07,423.0354309082031,125.55290222167969,167.7100067138672,1.16
2021-09-08,423.0354309082031,125.55290222167969,167.7100067138672,1.13
2021-09-08,422.5201416015625,126.40740966796875,167.2899932861328,1.13
2021-09-09,422.5201416015625,126.40740966796875,167.2899932861328,1.07
2021-09-09,420.7116394042969,127.93700408935547,168.02999877929688,1.07
2021-09-10,420.7116394042969,127.93700408935547,168.02999877929688,1.12
2021-09-10,417.3944396972656,126.80899810791016,167.17999267578125,1.12
2021-09-13,417.3944396972656,126.80899810791016,167.17999267578125,1.12
2021-09-13,418.46270751953125,127.57809448242188,167.74000549316406,1.12
2021-09-14,418.46270751953125,127.57809448242188,167.74000549316406,1.07
2021-09-14,416.2044677734375,129.12481689453125,168.82000732421875,1.07
2021-09-15,416.2044677734375,129.12481689453125,168.82000732421875,1.1
2021-09-15,419.6808776855469,128.67185974121094,167.8300018310547,1.1
2021-09-16,419.6808776855469,128.67185974121094,167.8300018310547,1.11
2021-09-16,419.01556396484375,128.0821990966797,164.02999877929688,1.11
2021-09-17,419.01556396484375,128.0821990966797,164.02999877929688,1.14
2021-09-17,414.93389892578125,127.46700286865234,163.77000427246094,1.14
2021-09-20,414.93389892578125,127.46700286865234,163.77000427246094,1.08
2021-09-20,408.01519775390625,129.04782104492188,164.94000244140625,1.08
2021-09-21,408.01519775390625,129.04782104492188,164.94000244140625,1.11
2021-09-21,407.6297912597656,128.936767578125,166.0399932861328,1.11
2021-09-22,407.6297912597656,128.936767578125,166.0399932861328,1.07
2021-09-22,411.6061096191406,129.70578002929688,165.4199981689453,1.07
2021-09-23,411.6061096191406,129.70578002929688,165.4199981689453,1.14
2021-09-23,416.6071472167969,126.77484130859375,163.50999450683594,1.14
2021-09-24,416.6071472167969,126.77484130859375,163.50999450683594,1.18
2021-09-24,417.29345703125,125.53572082519531,163.3000030517578,1.18
2021-09-27,417.29345703125,125.53572082519531,163.3000030517578,1.17
2021-09-27,416.09954833984375,125.0743408203125,163.63999938964844,1.17
2021-09-28,416.09954833984375,125.0743408203125,163.63999938964844,1.23
2021-09-28,407.7144470214844,123.12611389160156,162.0500030517578,1.23
2021-09-29,407.7144470214844,123.12611389160156,162.0500030517578,1.25
2021-09-29,408.400634765625,123.3397216796875,161.32000732421875,1.25
2021-09-30,408.400634765625,123.3397216796875,161.32000732421875,1.24
2021-09-30,403.40899658203125,123.32266235351562,164.22000122070312,1.24
2021-10-01,403.40899658203125,123.32266235351562,164.22000122070312,1.21
2021-10-01,408.2031555175781,124.3604965209961,164.58999633789062,1.21
2021-10-04,408.2031555175781,124.3604965209961,164.58999633789062,1.22
2021-10-04,402.93896484375,124.04389190673828,165.36000061035156,1.22
2021-10-05,402.93896484375,124.04389190673828,165.36000061035156,1.26
2021-10-05,407.131591796875,122.8460922241211,164.58999633789062,1.26
2021-10-06,407.131591796875,122.8460922241211,164.58999633789062,1.23
2021-10-06,408.8236083984375,123.53911590576172,165.02999877929688,1.23
2021-10-07,408.8236083984375,123.53911590576172,165.02999877929688,1.26
2021-10-07,412.35821533203125,122.24711608886719,164.16000366210938,1.26
2021-10-08,412.35821533203125,122.24711608886719,164.16000366210938,1.29
2021-10-08,411.6061096191406,121.39160919189453,164.22999572753906,1.29
2021-10-11,408.62615966796875,121.08355712890625,163.9199981689453,1.29
2021-10-12,408.62615966796875,121.08355712890625,163.9199981689453,1.24
2021-10-12,407.6203918457031,123.15408325195312,164.66000366210938,1.24
2021-10-13,407.6203918457031,123.15408325195312,164.66000366210938,1.19
2021-10-13,409.08685302734375,124.3519287109375,167.58999633789062,1.19
2021-10-14,409.08685302734375,124.3519287109375,167.58999633789062,1.16
2021-10-14,415.9678649902344,124.81391906738281,168.0,1.16
2021-10-15,415.9678649902344,124.81391906738281,168.0,1.18
2021-10-15,419.13592529296875,124.08667755126953,165.3300018310547,1.18
2021-10-18,419.13592529296875,124.08667755126953,165.3300018310547,1.15
2021-10-18,420.3767395019531,124.6684799194336,164.9199981689453,1.15
2021-10-19,420.3767395019531,124.6684799194336,164.9199981689453,1.24
2021-10-19,423.619873046875,122.94873809814453,165.4499969482422,1.24
2021-10-20,423.619873046875,122.94873809814453,165.4499969482422,1.25
2021-10-20,425.28369140625,122.11883544921875,166.89999389648438,1.25
2021-10-21,425.28369140625,122.11883544921875,166.89999389648438,1.23
2021-10-21,426.39300537109375,121.9732894897461,166.75,1.23
2021-10-22,426.39300537109375,121.9732894897461,166.75,1.18
2021-10-22,425.951171875,123.31665802001953,167.77000427246094,1.18
2021-10-25,425.951171875,123.31665802001953,167.77000427246094,1.17
2021-10-25,428.2354431152344,123.12844848632812,168.92999267578125,1.17
2021-10-26,428.2354431152344,123.12844848632812,168.92999267578125,1.16
2021-10-26,428.6209411621094,124.1466064453125,167.67999267578125,1.16
2021-10-27,428.6209411621094,124.1466064453125,167.67999267578125,1.04
2021-10-27,426.7220153808594,126.4053955078125,168.1199951171875,1.04
2021-10-28,426.7220153808594,126.4053955078125,168.1199951171875,1.07
2021-10-28,430.8393859863281,125.97752380371094,168.0800018310547,1.07
2021-10-29,430.8393859863281,125.97752380371094,168.0800018310547,1.07
2021-10-29,431.713623046875,126.36261749267578,166.64999389648438,1.07
2021-11-01,431.713623046875,126.36261749267578,166.64999389648438,1.08
2021-11-01,432.4562072753906,125.4527816772461,167.52000427246094,1.08
2021-11-02,432.4562072753906,125.4527816772461,167.52000427246094,1.1
2021-11-02,434.2047119140625,126.00959777832031,167.16000366210938,1.1
2021-11-03,434.2047119140625,126.00959777832031,167.16000366210938,1.13
2021-11-03,436.855712890625,124.70746612548828,165.77000427246094,1.13
2021-11-04,436.855712890625,124.70746612548828,165.77000427246094,1.12
2021-11-04,438.9142761230469,126.0182113647461,167.64999389648438,1.12
2021-11-05,438.9142761230469,126.0182113647461,167.64999389648438,1.06
2021-11-05,440.43719482421875,127.9028091430664,169.83999633789062,1.06
2021-11-08,440.43719482421875,127.9028091430664,169.83999633789062,1.06
2021-11-08,440.8132019042969,127.66300201416016,170.4499969482422,1.06
2021-11-09,440.8132019042969,127.66300201416016,170.4499969482422,1.05
2021-11-09,439.3561706542969,129.3250274658203,171.2899932861328,1.05
2021-11-10,439.3561706542969,129.3250274658203,171.2899932861328,1.05
2021-11-10,435.8216247558594,126.96050262451172,173.14999389648438,1.05
2021-11-11,435.9625549316406,126.77205657958984,174.1199951171875,1.05
2021-11-12,435.9625549316406,126.77205657958984,174.1199951171875,1.05
2021-11-12,439.252685546875,126.21522521972656,174.4499969482422,1.05
2021-11-15,439.252685546875,126.21522521972656,174.4499969482422,1.1
2021-11-15,439.40313720703125,124.63038635253906,174.17999267578125,1.1
2021-11-16,439.40313720703125,124.63038635253906,174.17999267578125,1.09
2021-11-16,441.1422119140625,124.3133544921875,172.9199981689453,1.09
2021-11-17,441.1422119140625,124.3133544921875,172.9199981689453,1.08
2021-11-17,440.07061767578125,125.29859161376953,174.5,1.08
2021-11-18,440.07061767578125,125.29859161376953,174.5,1.07
2021-11-18,441.5652770996094,125.76971435546875,173.94000244140625,1.07
2021-11-19,441.5652770996094,125.76971435546875,173.94000244140625,1.02
2021-11-19,440.7756652832031,127.09758758544922,172.61000061035156,1.02
2021-11-22,440.7756652832031,127.09758758544922,172.61000061035156,1.0
2021-11-22,439.53472900390625,125.60692596435547,168.74000549316406,1.0
2021-11-23,439.53472900390625,125.60692596435547,168.74000549316406,1.07
2021-11-23,440.1175842285156,123.79080963134766,167.27999877929688,1.07
2021-11-24,440.1175842285156,123.79080963134766,167.27999877929688,1.0
2021-11-24,441.2926330566406,125.77831268310547,167.1199951171875,1.0
2021-11-26,441.2926330566406,125.77831268310547,167.1199951171875,0.98
2021-11-26,431.4504089355469,128.95657348632812,166.85000610351562,0.98
2021-11-29,431.4504089355469,128.95657348632812,166.85000610351562,1.01
2021-11-29,436.74285888671875,127.92001342773438,166.6199951171875,1.01
2021-11-30,436.74285888671875,127.92001342773438,166.6199951171875,0.91
2021-11-30,428.24481201171875,129.86465454101562,165.5,0.91
2021-12-01,428.24481201171875,129.86465454101562,165.5,0.87
2021-12-01,423.4882507324219,130.6658172607422,166.16000366210938,0.87
2021-12-02,423.4882507324219,130.6658172607422,166.16000366210938,0.81
2021-12-02,429.9745178222656,130.82875061035156,165.24000549316406,0.81
2021-12-03,429.9745178222656,130.82875061035156,165.24000549316406,0.75
2021-12-03,426.2331848144531,132.38986206054688,166.6300048828125,0.75
2021-12-06,426.2331848144531,132.38986206054688,166.6300048828125,0.78
2021-12-06,431.28125,130.5714569091797,166.22000122070312,0.78
2021-12-07,431.28125,130.5714569091797,166.22000122070312,0.78
2021-12-07,440.2021484375,129.51644897460938,166.80999755859375,0.78
2021-12-08,440.2021484375,129.51644897460938,166.80999755859375,0.84
2021-12-08,441.3678283691406,127.27783203125,166.89999389648438,0.84
2021-12-09,441.3678283691406,127.27783203125,166.89999389648438,0.79
2021-12-09,438.387939453125,127.98966217041016,165.8800048828125,0.79
2021-12-10,438.387939453125,127.98966217041016,165.8800048828125,0.81
2021-12-10,442.5147399902344,127.68092346191406,166.5800018310547,0.81
2021-12-13,442.5147399902344,127.68092346191406,166.5800018310547,0.76
2021-12-13,438.5947265625,129.56787109375,167.0,0.76
2021-12-14,438.5947265625,129.56787109375,167.0,0.77
2021-12-14,435.5771789550781,129.25912475585938,165.44000244140625,0.77
2021-12-15,435.5771789550781,129.25912475585938,165.44000244140625,0.78
2021-12-15,442.38311767578125,128.0154571533203,166.14999389648438,0.78
2021-12-16,442.38311767578125,128.0154571533203,166.14999389648438,0.8
2021-12-16,438.4819030761719,128.06520080566406,168.16000366210938,0.8
2021-12-17,438.4819030761719,128.06520080566406,168.16000366210938,0.75
2021-12-17,433.815185546875,129.51644897460938,167.8000030517578,0.75
2021-12-20,433.815185546875,129.51644897460938,167.8000030517578,0.78
2021-12-20,429.2022399902344,128.54612731933594,167.08999633789062,0.78
2021-12-21,429.2022399902344,128.54612731933594,167.08999633789062,0.78
2021-12-21,436.8244323730469,128.0566864013672,167.02000427246094,0.78
2021-12-22,436.8244323730469,128.0566864013672,167.02000427246094,0.78
2021-12-22,441.192138671875,128.64913940429688,168.58999633789062,0.78
2021-12-23,441.192138671875,128.64913940429688,168.58999633789062,0.79
2021-12-23,443.9373474121094,127.53279876708984,168.97000122070312,0.79
2021-12-27,443.9373474121094,127.53279876708984,168.97000122070312,0.72
2021-12-27,450.219970703125,127.84200286865234,169.3699951171875,0.72
2021-12-28,450.219970703125,127.84200286865234,169.3699951171875,0.75
2021-12-28,449.85211181640625,127.33534240722656,168.63999938964844,0.75
2021-12-29,449.85211181640625,127.33534240722656,168.63999938964844,0.8
2021-12-29,450.42742919921875,125.94420623779297,168.58999633789062,0.8
2021-12-30,450.42742919921875,125.94420623779297,168.58999633789062,0.79
2021-12-30,449.18231201171875,127.00044250488281,169.8000030517578,0.79
2021-12-31,449.18231201171875,127.00044250488281,169.8000030517578,0.79
2021-12-31,448.05023193359375,127.24951171875,170.9600067138672,0.79
2022-01-03,448.05023193359375,127.24951171875,170.9600067138672,0.85
2022-01-03,450.6444396972656,123.90913391113281,168.3300018310547,0.85
2022-01-04,450.6444396972656,123.90913391113281,168.3300018310547,0.89
2022-01-04,450.4934997558594,123.39395141601562,169.57000732421875,0.89
2022-01-05,450.4934997558594,123.39395141601562,169.57000732421875,0.88
2022-01-05,441.84307861328125,122.72412872314453,169.05999755859375,0.88
2022-01-06,441.84307861328125,122.72412872314453,169.05999755859375,0.85
2022-01-06,441.42791748046875,123.04188537597656,166.99000549316406,0.85
2022-01-07,441.42791748046875,123.04188537597656,166.99000549316406,0.89
2022-01-07,439.68280029296875,122.15742492675781,167.75,0.89
2022-01-10,439.68280029296875,122.15742492675781,167.75,0.86
2022-01-10,439.13568115234375,122.4579849243164,168.25999450683594,0.86
2022-01-11,439.13568115234375,122.4579849243164,168.25999450683594,0.85
2022-01-11,443.1354675292969,123.27368927001953,170.2899932861328,0.85
2022-01-12,443.1354675292969,123.27368927001953,170.2899932861328,0.82
2022-01-12,444.33343505859375,122.80146789550781,170.74000549316406,0.82
2022-01-13,444.33343505859375,122.80146789550781,170.74000549316406,0.79
2022-01-13,438.2112121582031,123.8919448852539,170.16000366210938,0.79
2022-01-14,438.2112121582031,123.8919448852539,170.16000366210938,0.79
2022-01-14,438.3904724121094,122.02005004882812,169.6699981689453,0.79
2022-01-18,438.3904724121094,122.02005004882812,169.6699981689453,0.81
2022-01-18,430.6267395019531,120.30269622802734,169.38999938964844,0.81
2022-01-19,430.6267395019531,120.30269622802734,169.38999938964844,0.79
2022-01-19,426.1552429199219,121.13556671142578,172.0800018310547,0.79
2022-01-20,426.1552429199219,121.13556671142578,172.0800018310547,0.75
2022-01-20,421.4385681152344,121.88265228271484,171.64999389648438,0.75
2022-01-21,421.4385681152344,121.88265228271484,171.64999389648438,0.74
2022-01-21,413.16546630859375,123.33386993408203,171.08999633789062,0.74
2022-01-24,413.16546630859375,123.33386993408203,171.08999633789062,0.76
2022-01-24,414.92010498046875,122.32061004638672,172.02999877929688,0.76
2022-01-25,414.92010498046875,122.32061004638672,172.02999877929688,0.76
2022-01-25,409.8542785644531,122.12310028076172,172.5800018310547,0.76
2022-01-26,409.8542785644531,122.12310028076172,172.5800018310547,0.72
2022-01-26,408.8260192871094,120.64616394042969,169.7899932861328,0.72
2022-01-27,408.8260192871094,120.64616394042969,169.7899932861328,0.63
2022-01-27,406.80731201171875,122.8615951538086,167.60000610351562,0.63
2022-01-28,406.80731201171875,122.8615951538086,167.60000610351562,0.63
2022-01-28,416.9105224609375,122.90446472167969,167.10000610351562,0.63
2022-01-31,416.9105224609375,122.90446472167969,167.10000610351562,0.61
2022-01-31,424.4195556640625,122.2690658569336,168.08999633789062,0.61
2022-02-01,424.4195556640625,122.2690658569336,168.08999633789062,0.63
2022-02-01,427.2872619628906,121.86318969726562,168.22999572753906,0.63
2022-02-02,427.2872619628906,121.86318969726562,168.22999572753906,0.62
2022-02-02,431.4379577636719,122.27591705322266,168.83999633789062,0.62
2022-02-03,431.4379577636719,122.27591705322266,168.83999633789062,0.63
2022-02-03,421.2970886230469,121.32148742675781,168.60000610351562,0.63
2022-02-04,421.2970886230469,121.32148742675781,168.60000610351562,0.62
2022-02-04,423.278076171875,119.53289794921875,168.86000061035156,0.62
2022-02-07,423.278076171875,119.53289794921875,168.86000061035156,0.62
2022-02-07,421.9196472167969,119.61032104492188,170.11000061035156,0.62
2022-02-08,421.9196472167969,119.61032104492188,170.11000061035156,0.61
2022-02-08,425.3911437988281,118.81057739257812,170.6300048828125,0.61
2022-02-09,425.3911437988281,118.81057739257812,170.6300048828125,0.58
2022-02-09,431.6172790527344,119.03416442871094,171.2100067138672,0.58
2022-02-10,431.6172790527344,119.03416442871094,171.2100067138672,0.42
2022-02-10,423.8629455566406,117.14239501953125,170.55999755859375,0.42
2022-02-11,423.8629455566406,117.14239501953125,170.55999755859375,0.42
2022-02-11,415.5049743652344,118.87935638427734,173.80999755859375,0.42
2022-02-14,415.5049743652344,118.87935638427734,173.80999755859375,0.4
2022-02-14,414.1464538574219,117.40038299560547,174.74000549316406,0.4
2022-02-15,414.1464538574219,117.40038299560547,174.74000549316406,0.47
2022-02-15,420.8253173828125,116.06754302978516,173.0800018310547,0.47
2022-02-16,420.8253173828125,116.06754302978516,173.0800018310547,0.51
2022-02-16,421.2970886230469,116.7554931640625,174.86000061035156,0.51
2022-02-17,421.2970886230469,116.7554931640625,174.86000061035156,0.48
2022-02-17,412.2976379394531,117.62394714355469,177.25,0.48
2022-02-18,412.2976379394531,117.62394714355469,177.25,0.45
2022-02-18,409.6278381347656,118.8621826171875,177.1199951171875,0.45
2022-02-22,409.6278381347656,118.8621826171875,177.1199951171875,0.38
2022-02-22,405.2319030761719,119.17173767089844,177.49000549316406,0.38
2022-02-23,405.2319030761719,119.17173767089844,177.49000549316406,0.41
2022-02-23,398.0436096191406,117.52934265136719,178.2899932861328,0.41
2022-02-24,398.0436096191406,117.52934265136719,178.2899932861328,0.42
2022-02-24,404.03387451171875,117.60675048828125,177.13999938964844,0.42
2022-02-25,404.03387451171875,117.60675048828125,177.13999938964844,0.42
2022-02-25,412.94842529296875,117.69274139404297,176.5500030517578,0.42
2022-02-28,412.94842529296875,117.69274139404297,176.5500030517578,0.39
2022-02-28,411.8919372558594,120.27241516113281,178.3800048828125,0.39
2022-03-01,411.8919372558594,120.27241516113281,178.3800048828125,0.41
2022-03-01,405.61871337890625,121.6629409790039,181.6199951171875,0.41
2022-03-02,405.61871337890625,121.6629409790039,181.6199951171875,0.36
2022-03-02,413.0805358886719,117.50421142578125,179.72999572753906,0.36
2022-03-03,413.0805358886719,117.50421142578125,179.72999572753906,0.33
2022-03-03,411.0240783691406,118.70103454589844,180.8000030517578,0.33
2022-03-04,411.0240783691406,118.70103454589844,180.8000030517578,0.24
2022-03-04,407.6846008300781,120.7502670288086,183.67999267578125,0.24
2022-03-07,407.6846008300781,120.7502670288086,183.67999267578125,0.23
2022-03-07,395.6663513183594,119.82901000976562,186.41000366210938,0.23
2022-03-08,395.6663513183594,119.82901000976562,186.41000366210938,0.23
2022-03-08,392.6665344238281,118.62355041503906,191.50999450683594,0.23
2022-03-09,392.6665344238281,118.62355041503906,191.50999450683594,0.26
2022-03-09,403.1943359375,117.46114349365234,185.82000732421875,0.26
2022-03-10,403.1943359375,117.46114349365234,185.82000732421875,0.26
2022-03-10,401.3736877441406,115.7735595703125,186.39999389648438,0.26
2022-03-11,401.3736877441406,115.7735595703125,186.39999389648438,0.25
2022-03-11,396.2701721191406,116.16100311279297,185.08999633789062,0.25
2022-03-14,396.2701721191406,116.16100311279297,185.08999633789062,0.27
2022-03-14,393.37408447265625,113.44872283935547,182.3000030517578,0.27
2022-03-15,393.37408447265625,113.44872283935547,182.3000030517578,0.3
2022-03-15,402.0245056152344,113.25071716308594,178.88999938964844,0.3
2022-03-16,402.0245056152344,113.25071716308594,178.88999938964844,0.24
2022-03-16,410.93914794921875,114.36146545410156,180.00999450683594,0.24
2022-03-17,410.93914794921875,114.36146545410156,180.00999450683594,0.26
2022-03-17,416.080322265625,113.509033203125,180.88999938964844,0.26
2022-03-18,416.080322265625,113.509033203125,180.88999938964844,0.17
2022-03-18,420.63763427734375,114.8952865600586,179.3000030517578,0.17
2022-03-21,420.63763427734375,114.8952865600586,179.3000030517578,0.18
2022-03-21,420.51458740234375,112.23471069335938,180.6699981689453,0.18
2022-03-22,420.51458740234375,112.23471069335938,180.6699981689453,0.2
2022-03-22,425.4351501464844,110.79679107666016,179.36000061035156,0.2
2022-03-23,425.4351501464844,110.79679107666016,179.36000061035156,0.19
2022-03-23,419.956298828125,113.22492980957031,181.80999755859375,0.19
2022-03-24,419.956298828125,113.22492980957031,181.80999755859375,0.21
2022-03-24,426.28680419921875,112.33806610107422,183.1300048828125,0.21
2022-03-25,426.28680419921875,112.33806610107422,183.1300048828125,0.18
2022-03-25,428.3686828613281,110.77960205078125,182.3800048828125,0.18
2022-03-28,428.3686828613281,110.77960205078125,182.3800048828125,0.11
2022-03-28,431.41571044921875,111.72672271728516,179.05999755859375,0.11
2022-03-29,431.41571044921875,111.72672271728516,179.05999755859375,0.06
2022-03-29,436.75262451171875,112.57054138183594,179.13999938964844,0.06
2022-03-30,436.75262451171875,112.57054138183594,179.13999938964844,0.04
2022-03-30,434.0557556152344,113.44872283935547,180.5800018310547,0.04
2022-03-31,434.0557556152344,113.44872283935547,180.5800018310547,0.04
2022-03-31,427.3750305175781,113.72428894042969,180.64999389648438,0.04
2022-04-01,427.3750305175781,113.72428894042969,180.64999389648438,-0.05
2022-04-01,428.5863037109375,114.1572265625,179.5,-0.05
2022-04-04,428.5863037109375,114.1572265625,179.5,-0.01
2022-04-04,432.2578125,113.36386108398438,180.3699951171875,-0.01
2022-04-05,432.2578125,113.36386108398438,180.3699951171875,0.03
2022-04-05,426.7978515625,110.80270385742188,179.24000549316406,0.03
2022-04-06,426.7978515625,110.80270385742188,179.24000549316406,0.11
2022-04-06,422.5301513671875,109.90582275390625,179.66000366210938,0.11
2022-04-07,422.5301513671875,109.90582275390625,179.66000366210938,0.19
2022-04-07,424.6593017578125,109.07797241210938,180.33999633789062,0.19
2022-04-08,424.6593017578125,109.07797241210938,180.33999633789062,0.19
2022-04-08,423.5237121582031,107.8965835571289,181.47000122070312,0.19
2022-04-11,423.5237121582031,107.8965835571289,181.47000122070312,0.29
2022-04-11,416.2848205566406,106.18913269042969,182.3699951171875,0.29
2022-04-12,416.2848205566406,106.18913269042969,182.3699951171875,0.33
2022-04-12,414.7422790527344,106.04253387451172,183.77000427246094,0.33
2022-04-13,414.7422790527344,106.04253387451172,183.77000427246094,0.33
2022-04-13,419.4925537109375,106.25813293457031,184.64999389648438,0.33
2022-04-14,419.4925537109375,106.25813293457031,184.64999389648438,0.36
2022-04-14,414.26922607421875,104.12814331054688,184.0399932861328,0.36
2022-04-18,414.26922607421875,104.12814331054688,184.0399932861328,0.39
2022-04-18,414.4395446777344,103.61068725585938,184.61000061035156,0.39
2022-04-19,414.4395446777344,103.61068725585938,184.61000061035156,0.32
2022-04-19,421.1296081542969,102.83464813232422,181.82000732421875,0.32
2022-04-20,421.1296081542969,102.83464813232422,181.82000732421875,0.25
2022-04-20,420.8173828125,104.90425872802734,182.7100067138672,0.25
2022-04-21,420.8173828125,104.90425872802734,182.7100067138672,0.22
2022-04-21,414.524658203125,104.12814331054688,182.05999755859375,0.22
2022-04-22,414.524658203125,104.12814331054688,182.05999755859375,0.18
2022-04-22,403.15045166015625,103.4727554321289,180.2899932861328,0.18
2022-04-25,403.15045166015625,103.4727554321289,180.2899932861328,0.18
2022-04-25,405.4877624511719,104.50755310058594,177.0500030517578,0.18
2022-04-26,405.4877624511719,104.50755310058594,177.0500030517578,0.23
2022-04-26,393.7444763183594,105.55961608886719,177.32000732421875,0.23
2022-04-27,393.7444763183594,105.55961608886719,177.32000732421875,0.24
2022-04-27,394.85162353515625,104.20575714111328,175.97999572753906,0.24
2022-04-28,394.85162353515625,104.20575714111328,175.97999572753906,0.22
2022-04-28,404.82525634765625,104.36094665527344,176.92999267578125,0.22
2022-04-29,404.82525634765625,104.36094665527344,176.92999267578125,0.19
2022-04-29,389.86474609375,103.00708770751953,176.91000366210938,0.19
2022-05-02,389.86474609375,103.00708770751953,176.91000366210938,0.26
2022-05-02,392.2115478515625,101.2215805053711,173.6300048828125,0.26
2022-05-03,392.2115478515625,101.2215805053711,173.6300048828125,0.19
2022-05-03,394.0094909667969,101.90402221679688,174.08999633789062,0.19
2022-05-04,394.0094909667969,101.90402221679688,174.08999633789062,0.27
2022-05-04,406.00823974609375,102.4654769897461,175.8000030517578,0.27
2022-05-05,406.00823974609375,102.4654769897461,175.8000030517578,0.34
2022-05-05,391.57757568359375,99.65809631347656,175.1300048828125,0.34
2022-05-06,391.57757568359375,99.65809631347656,175.1300048828125,0.4
2022-05-06,389.24029541015625,98.18961334228516,175.4199981689453,0.4
2022-05-09,389.24029541015625,98.18961334228516,175.4199981689453,0.44
2022-05-09,376.7778015136719,99.05340576171875,172.8800048828125,0.44
2022-05-10,376.7778015136719,99.05340576171875,172.8800048828125,0.37
2022-05-10,377.6484375,99.95179748535156,171.4199981689453,0.37
2022-05-11,377.6484375,99.95179748535156,171.4199981689453,0.25
2022-05-11,371.6490478515625,101.87809753417969,172.82000732421875,0.25
2022-05-12,371.6490478515625,101.87809753417969,172.82000732421875,0.28
2022-05-12,371.2610778808594,101.68804168701172,170.1699981689453,0.28
2022-05-13,371.2610778808594,101.68804168701172,170.1699981689453,0.32
2022-05-13,380.1370544433594,100.18498992919922,168.7899932861328,0.32
2022-05-16,380.1370544433594,100.18498992919922,168.7899932861328,0.3
2022-05-16,378.5946350097656,100.08135223388672,170.39999389648438,0.3
2022-05-17,378.5946350097656,100.08135223388672,170.39999389648438,0.27
2022-05-17,386.3824768066406,98.87197875976562,169.3300018310547,0.27
2022-05-18,386.3824768066406,98.87197875976562,169.3300018310547,0.21
2022-05-18,370.8067932128906,100.97972869873047,169.4199981689453,0.21
2022-05-19,370.8067932128906,100.97972869873047,169.4199981689453,0.21
2022-05-19,368.53570556640625,101.2215805053711,171.91000366210938,0.21
2022-05-20,368.53570556640625,101.2215805053711,171.91000366210938,0.18
2022-05-20,368.69659423828125,102.37046813964844,172.02999877929688,0.18
2022-05-23,368.69659423828125,102.37046813964844,172.02999877929688,0.21
2022-05-23,375.59490966796875,100.68603515625,172.8300018310547,0.21
2022-05-24,375.59490966796875,100.68603515625,172.8300018310547,0.26
2022-05-24,372.7278137207031,102.67279815673828,174.1300048828125,0.26
2022-05-25,372.7278137207031,102.67279815673828,174.1300048828125,0.27
2022-05-25,376.0207214355469,103.07878112792969,173.0800018310547,0.27
2022-05-26,376.0207214355469,103.07878112792969,173.0800018310547,0.29
2022-05-26,383.53424072265625,102.6123275756836,172.75999450683594,0.29
2022-05-27,383.53424072265625,102.6123275756836,172.75999450683594,0.27
2022-05-27,392.9496154785156,102.86283874511719,172.85000610351562,0.27
2022-05-31,392.9496154785156,102.86283874511719,172.85000610351562,0.32
2022-05-31,390.7447814941406,100.68603515625,171.13999938964844,0.32
2022-06-01,390.7447814941406,100.68603515625,171.13999938964844,0.28
2022-06-01,387.5842590332031,100.57093048095703,172.22999572753906,0.28
2022-06-02,387.5842590332031,100.57093048095703,172.22999572753906,0.27
2022-06-02,394.9652099609375,100.62283325195312,174.35000610351562,0.27
2022-06-03,394.9652099609375,100.62283325195312,174.35000610351562,0.3
2022-06-03,388.4832458496094,100.40655517578125,172.5800018310547,0.3
2022-06-06,388.4832458496094,100.40655517578125,172.5800018310547,0.31
2022-06-06,389.6660461425781,98.55467987060547,171.82000732421875,0.31
2022-06-07,389.6660461425781,98.55467987060547,171.82000732421875,0.23
2022-06-07,393.40380859375,99.61905670166016,172.94000244140625,0.23
2022-06-08,393.40380859375,99.61905670166016,172.94000244140625,0.25
2022-06-08,389.1266174316406,98.73637390136719,172.77999877929688,0.25
2022-06-09,389.1266174316406,98.73637390136719,172.77999877929688,0.21
2022-06-09,379.8721618652344,99.06521606445312,172.22999572753906,0.21
2022-06-10,379.8721618652344,99.06521606445312,172.22999572753906,0.09
2022-06-10,368.8574523925781,98.45081329345703,174.5399932861328,0.09
2022-06-13,368.8574523925781,98.45081329345703,174.5399932861328,0.03
2022-06-13,354.8526916503906,95.36153411865234,169.92999267578125,0.03
2022-06-14,354.8526916503906,95.36153411865234,169.92999267578125,0.04
2022-06-14,353.7833251953125,94.15867614746094,168.57000732421875,0.04
2022-06-15,353.7833251953125,94.15867614746094,168.57000732421875,0.13
2022-06-15,358.8270568847656,95.91532135009766,170.77000427246094,0.13
2022-06-16,358.8270568847656,95.91532135009766,170.77000427246094,0.14
2022-06-16,346.95123291015625,96.67686462402344,172.69000244140625,0.14
2022-06-17,346.95123291015625,96.67686462402344,172.69000244140625,0.08
2022-06-17,347.6991271972656,96.98838806152344,171.27000427246094,0.08
2022-06-21,347.6991271972656,96.98838806152344,171.27000427246094,0.1
2022-06-21,356.4520568847656,95.3442153930664,170.6300048828125,0.1
2022-06-22,356.4520568847656,95.3442153930664,170.6300048828125,0.1
2022-06-22,355.8058166503906,97.96621704101562,171.30999755859375,0.1
2022-06-23,355.8058166503906,97.96621704101562,171.30999755859375,0.08
2022-06-23,359.2936096191406,98.77099609375,170.25999450683594,0.08
2022-06-24,359.2936096191406,98.77099609375,170.25999450683594,0.09
2022-06-24,370.71697998046875,97.40377044677734,170.08999633789062,0.09
2022-06-27,370.71697998046875,97.40377044677734,170.08999633789062,0.12
2022-06-27,369.3009338378906,96.57301330566406,169.89999389648438,0.12
2022-06-28,369.3009338378906,96.57301330566406,169.89999389648438,0.1
2022-06-28,361.7550964355469,97.02297973632812,169.6199951171875,0.1
2022-06-29,361.7550964355469,97.02297973632812,169.6199951171875,0.04
2022-06-29,361.4604797363281,98.537353515625,169.49000549316406,0.04
2022-06-30,361.4604797363281,98.537353515625,169.49000549316406,0.06
2022-06-30,358.52386474609375,99.4027328491211,168.4600067138672,0.06
2022-07-01,358.52386474609375,99.4027328491211,168.4600067138672,0.04
2022-07-01,362.31573486328125,100.42323303222656,168.32000732421875,0.04
2022-07-05,362.31573486328125,100.42323303222656,168.32000732421875,0.0
2022-07-05,363.0000305175781,101.21227264404297,164.75,0.0
2022-07-06,363.0000305175781,101.21227264404297,164.75,-0.04
2022-07-06,364.22601318359375,99.51283264160156,162.13999938964844,-0.04
2022-07-07,364.22601318359375,99.51283264160156,162.13999938964844,-0.02
2022-07-07,369.6809997558594,98.6371078491211,162.22999572753906,-0.02
2022-07-08,369.6809997558594,98.6371078491211,162.22999572753906,-0.03
2022-07-08,369.376953125,97.5445785522461,162.3000030517578,-0.03
2022-07-11,369.376953125,97.5445785522461,162.3000030517578,-0.08
2022-07-11,365.1573791503906,99.22667694091797,161.42999267578125,-0.08
2022-07-12,365.1573791503906,99.22667694091797,161.42999267578125,-0.07
2022-07-12,361.92608642578125,99.81631469726562,160.8300018310547,-0.07
2022-07-13,361.92608642578125,99.81631469726562,160.8300018310547,-0.22
2022-07-13,360.025390625,100.96080780029297,161.60000610351562,-0.22
2022-07-14,360.025390625,100.96080780029297,161.60000610351562,-0.19
2022-07-14,359.15106201171875,100.1371078491211,159.3300018310547,-0.19
2022-07-15,359.15106201171875,100.1371078491211,159.3300018310547,-0.2
2022-07-15,366.0126647949219,100.7007064819336,159.00999450683594,-0.2
2022-07-18,366.0126647949219,100.7007064819336,159.00999450683594,-0.19
2022-07-18,362.9905090332031,99.65153503417969,159.16000366210938,-0.19
2022-07-19,362.9905090332031,99.65153503417969,159.16000366210938,-0.22
2022-07-19,372.7982482910156,99.114013671875,159.5399932861328,-0.22
2022-07-20,372.7982482910156,99.114013671875,159.5399932861328,-0.21
2022-07-20,375.1741638183594,99.37407684326172,158.0399932861328,-0.21
2022-07-21,375.1741638183594,99.37407684326172,158.0399932861328,-0.19
2022-07-21,378.99456787109375,101.09089660644531,160.27000427246094,-0.19
2022-07-22,378.99456787109375,101.09089660644531,160.27000427246094,-0.21
2022-07-22,375.4783020019531,102.79032135009766,160.6699981689453,-0.21
2022-07-25,375.4783020019531,102.79032135009766,160.6699981689453,-0.19
2022-07-25,375.9344787597656,101.78453063964844,160.22999572753906,-0.19
2022-07-26,375.9344787597656,101.78453063964844,160.22999572753906,-0.21
2022-07-26,371.4867858886719,101.8625717163086,160.0399932861328,-0.21
2022-07-27,371.4867858886719,101.8625717163086,160.0399932861328,-0.18
2022-07-27,381.1329650878906,101.29032897949219,161.6699981689453,-0.18
2022-07-28,381.1329650878906,101.29032897949219,161.6699981689453,-0.17
2022-07-28,385.91326904296875,102.09667205810547,163.63999938964844,-0.17
2022-07-29,385.91326904296875,102.09667205810547,163.63999938964844,-0.22
2022-07-29,391.53936767578125,101.81922912597656,164.10000610351562,-0.22
2022-08-01,391.53936767578125,101.81922912597656,164.10000610351562,-0.3
2022-08-01,390.3799133300781,104.27136993408203,165.02999877929688,-0.3
2022-08-02,390.3799133300781,104.27136993408203,165.02999877929688,-0.31
2022-08-02,387.8044128417969,102.0650634765625,164.0500030517578,-0.31
2022-08-03,387.8044128417969,102.0650634765625,164.0500030517578,-0.37
2022-08-03,393.87725830078125,103.67200469970703,164.4499969482422,-0.37
2022-08-04,393.87725830078125,103.67200469970703,164.4499969482422,-0.35
2022-08-04,393.6112060546875,103.63726806640625,167.1699981689453,-0.35
2022-08-05,393.6112060546875,103.63726806640625,167.1699981689453,-0.41
2022-08-05,392.9459228515625,101.17036437988281,165.2899932861328,-0.41
2022-08-08,392.9459228515625,101.17036437988281,165.2899932861328,-0.44
2022-08-08,392.48974609375,102.8033676147461,166.69000244140625,-0.44
2022-08-09,392.48974609375,102.8033676147461,166.69000244140625,-0.48
2022-08-09,390.9311828613281,102.40381622314453,167.1999969482422,-0.48
2022-08-10,390.9311828613281,102.40381622314453,167.1999969482422,-0.45
2022-08-10,399.14227294921875,101.73495483398438,166.77999877929688,-0.45
2022-08-11,399.14227294921875,101.73495483398438,166.77999877929688,-0.36
2022-08-11,399.14227294921875,99.36357116699219,166.33999633789062,-0.36
2022-08-12,399.14227294921875,99.36357116699219,166.33999633789062,-0.41
2022-08-12,405.89935302734375,100.3711929321289,167.8699951171875,-0.41
2022-08-15,405.89935302734375,100.3711929321289,167.8699951171875,-0.41
2022-08-15,407.57196044921875,100.28431701660156,165.7100067138672,-0.41
2022-08-16,407.57196044921875,100.28431701660156,165.7100067138672,-0.43
2022-08-16,408.3702697753906,100.70128631591797,165.4199981689453,-0.43
2022-08-17,408.3702697753906,100.70128631591797,165.4199981689453,-0.39
2022-08-17,405.4716491699219,99.65023803710938,164.35000610351562,-0.39
2022-08-18,405.4716491699219,99.65023803710938,164.35000610351562,-0.34
2022-08-18,406.6501159667969,99.7978744506836,163.9199981689453,-0.34
2022-08-19,406.6501159667969,99.7978744506836,163.9199981689453,-0.27
2022-08-19,401.1855773925781,98.19088745117188,162.72000122070312,-0.27
2022-08-22,401.1855773925781,98.19088745117188,162.72000122070312,-0.29
2022-08-22,392.83184814453125,97.86080932617188,161.63999938964844,-0.29
2022-08-23,392.83184814453125,97.86080932617188,161.63999938964844,-0.24
2022-08-23,391.88153076171875,97.32227325439453,162.77000427246094,-0.24
2022-08-24,391.88153076171875,97.32227325439453,162.77000427246094,-0.25
2022-08-24,393.135986328125,96.61000061035156,163.25,-0.25
2022-08-25,393.135986328125,96.61000061035156,163.25,-0.32
2022-08-25,398.6861267089844,97.95635986328125,163.75,-0.32
2022-08-26,398.6861267089844,97.95635986328125,163.75,-0.33
2022-08-26,385.1909484863281,98.69470977783203,161.75999450683594,-0.33
2022-08-29,385.1909484863281,98.69470977783203,161.75999450683594,-0.3
2022-08-29,382.64398193359375,97.87820434570312,161.86000061035156,-0.3
2022-08-30,382.64398193359375,97.87820434570312,161.86000061035156,-0.35
2022-08-30,378.4433898925781,98.12139129638672,160.50999450683594,-0.35
2022-08-31,378.4433898925781,98.12139129638672,160.50999450683594,-0.3
2022-08-31,375.5638122558594,97.18325805664062,159.27000427246094,-0.3
2022-09-01,375.5638122558594,97.18325805664062,159.27000427246094,-0.25
2022-09-01,376.74224853515625,95.40404510498047,157.8699951171875,-0.25
2022-09-02,376.74224853515625,95.40404510498047,157.8699951171875,-0.2
2022-09-02,372.76971435546875,95.94373321533203,159.25999450683594,-0.2
2022-09-06,372.76971435546875,95.94373321533203,159.25999450683594,-0.17
2022-09-06,371.3631896972656,93.56734466552734,158.3300018310547,-0.17
2022-09-07,371.3631896972656,93.56734466552734,158.3300018310547,-0.18
2022-09-07,378.03472900390625,95.04712677001953,159.94000244140625,-0.18
2022-09-08,378.03472900390625,95.04712677001953,159.94000244140625,-0.19
2022-09-08,380.5057373046875,94.07221221923828,158.97999572753906,-0.19
2022-09-09,380.5057373046875,94.07221221923828,158.97999572753906,-0.23
2022-09-09,386.41693115234375,94.28111267089844,159.82000732421875,-0.23
2022-09-12,386.41693115234375,94.28111267089844,159.82000732421875,-0.21
2022-09-12,390.5699462890625,93.50637817382812,160.6300048828125,-0.21
2022-09-13,390.5699462890625,93.50637817382812,160.6300048828125,-0.33
2022-09-13,373.5870056152344,93.72400665283203,158.5399932861328,-0.33
2022-09-14,373.5870056152344,93.72400665283203,158.5399932861328,-0.37
2022-09-14,375.0125732421875,94.04611206054688,157.92999267578125,-0.37
2022-09-15,375.0125732421875,94.04611206054688,157.92999267578125,-0.42
2022-09-15,370.7549743652344,93.98516845703125,154.97999572753906,-0.42
2022-09-16,370.7549743652344,93.98516845703125,154.97999572753906,-0.4
2022-09-16,367.926513671875,93.20170593261719,155.83999633789062,-0.4
2022-09-19,367.926513671875,93.20170593261719,155.83999633789062,-0.46
2022-09-19,370.77978515625,93.41937255859375,155.9600067138672,-0.46
2022-09-20,370.77978515625,93.41937255859375,155.9600067138672,-0.39
2022-09-20,366.5238342285156,92.48795318603516,155.07000732421875,-0.39
2022-09-21,366.5238342285156,92.48795318603516,155.07000732421875,-0.51
2022-09-21,360.1302185058594,94.03739166259766,155.7899932861328,-0.51
2022-09-22,360.1302185058594,94.03739166259766,155.7899932861328,-0.41
2022-09-22,357.10516357421875,91.63484954833984,155.6999969482422,-0.41
2022-09-23,357.10516357421875,91.63484954833984,155.6999969482422,-0.51
2022-09-23,351.1219177246094,92.00914001464844,153.00999450683594,-0.51
2022-09-26,351.1219177246094,92.00914001464844,153.00999450683594,-0.39
2022-09-26,347.64837646484375,90.25080108642578,151.22999572753906,-0.39
2022-09-27,347.64837646484375,90.25080108642578,151.22999572753906,-0.33
2022-09-27,346.76092529296875,87.87442779541016,151.5399932861328,-0.33
2022-09-28,346.76092529296875,87.87442779541016,151.5399932861328,-0.35
2022-09-28,353.5839538574219,90.81665802001953,154.69000244140625,-0.35
2022-09-29,353.5839538574219,90.81665802001953,154.69000244140625,-0.4
2022-09-29,346.1979064941406,90.34656524658203,154.66000366210938,-0.4
2022-09-30,346.1979064941406,90.34656524658203,154.66000366210938,-0.39
2022-09-30,340.844482421875,89.1801528930664,154.6699981689453,-0.39
2022-10-03,340.844482421875,89.1801528930664,154.6699981689453,-0.45
2022-10-03,349.8431701660156,90.59716796875,158.42999267578125,-0.45
2022-10-04,349.8431701660156,90.59716796875,158.42999267578125,-0.48
2022-10-04,360.6836242675781,90.3441390991211,160.6999969482422,-0.48
2022-10-05,360.6836242675781,90.3441390991211,160.6999969482422,-0.39
2022-10-05,359.8439025878906,89.48030090332031,159.80999755859375,-0.39
2022-10-06,359.8439025878906,89.48030090332031,159.80999755859375,-0.4
2022-10-06,356.1318664550781,88.98294830322266,159.6300048828125,-0.4
2022-10-07,356.1318664550781,88.98294830322266,159.6300048828125,-0.41
2022-10-07,346.1979064941406,88.1191177368164,157.8800048828125,-0.41
2022-10-10,343.5545654296875,86.74922180175781,155.47999572753906,-0.41
2022-10-11,343.5545654296875,86.74922180175781,155.47999572753906,-0.37
2022-10-11,341.3788757324219,87.13312530517578,155.16000366210938,-0.37
2022-10-12,341.3788757324219,87.13312530517578,155.16000366210938,-0.37
2022-10-12,340.2528381347656,87.5606918334961,155.99000549316406,-0.37
2022-10-13,340.2528381347656,87.5606918334961,155.99000549316406,-0.5
2022-10-13,349.232421875,86.7230224609375,154.91000366210938,-0.5
2022-10-14,349.232421875,86.7230224609375,154.91000366210938,-0.48
2022-10-14,341.27386474609375,86.00753021240234,152.97999572753906,-0.48
2022-10-17,341.27386474609375,86.00753021240234,152.97999572753906,-0.43
2022-10-17,350.0436706542969,85.58870697021484,153.4199981689453,-0.43
2022-10-18,350.0436706542969,85.58870697021484,153.4199981689453,-0.42
2022-10-18,354.156494140625,85.78939056396484,153.75,-0.42
2022-10-19,354.156494140625,85.78939056396484,153.75,-0.41
2022-10-19,351.6467590332031,84.22750854492188,151.69000244140625,-0.41
2022-10-20,351.6467590332031,84.22750854492188,151.69000244140625,-0.38
2022-10-20,348.69805908203125,82.78780364990234,151.4499969482422,-0.38
2022-10-21,348.69805908203125,82.78780364990234,151.4499969482422,-0.28
2022-10-21,357.17193603515625,81.29574584960938,154.14999389648438,-0.28
2022-10-24,357.17193603515625,81.29574584960938,154.14999389648438,-0.25
2022-10-24,361.54248046875,80.6238784790039,153.64999389648438,-0.25
2022-10-25,361.54248046875,80.6238784790039,153.64999389648438,-0.32
2022-10-25,367.3157653808594,82.9710693359375,154.0,-0.32
2022-10-26,367.3157653808594,82.9710693359375,154.0,-0.35
2022-10-26,364.54840087890625,84.16645050048828,154.97999572753906,-0.35
2022-10-27,364.54840087890625,84.16645050048828,154.97999572753906,-0.34
2022-10-27,362.6017761230469,85.04774475097656,154.74000549316406,-0.34
2022-10-28,362.6017761230469,85.04774475097656,154.74000549316406,-0.39
2022-10-28,371.2282409667969,84.46309661865234,153.16000366210938,-0.39
2022-10-31,371.2282409667969,84.46309661865234,153.16000366210938,-0.41
2022-10-31,368.5467834472656,83.86105346679688,151.91000366210938,-0.41
2022-11-01,368.5467834472656,83.86105346679688,151.91000366210938,-0.47
2022-11-01,366.93402099609375,84.64480590820312,153.4600067138672,-0.47
2022-11-02,366.93402099609375,84.64480590820312,153.4600067138672,-0.51
2022-11-02,357.7254333496094,84.27742004394531,152.38999938964844,-0.51
2022-11-03,357.7254333496094,84.27742004394531,152.38999938964844,-0.57
2022-11-03,354.0420227050781,83.82257843017578,151.80999755859375,-0.57
2022-11-04,354.0420227050781,83.82257843017578,151.80999755859375,-0.49
2022-11-04,359.13775634765625,82.414306640625,156.47000122070312,-0.49
2022-11-07,359.13775634765625,82.414306640625,156.47000122070312,-0.5
2022-11-07,362.5730895996094,81.5920639038086,155.85000610351562,-0.5
2022-11-08,362.5730895996094,81.5920639038086,155.85000610351562,-0.53
2022-11-08,364.529296875,82.48428344726562,159.4499969482422,-0.53
2022-11-09,364.529296875,82.48428344726562,159.4499969482422,-0.49
2022-11-09,357.0192565917969,82.75543212890625,158.64999389648438,-0.49
2022-11-10,357.0192565917969,82.75543212890625,158.64999389648438,-0.52
2022-11-10,376.63897705078125,85.9393539428711,163.47999572753906,-0.52
2022-11-11,380.28424072265625,85.62447357177734,164.55999755859375,-0.52
2022-11-14,380.28424072265625,85.62447357177734,164.55999755859375,-0.52
2022-11-14,377.0492858886719,85.41451263427734,164.9199981689453,-0.52
2022-11-15,377.0492858886719,85.41451263427734,164.9199981689453,-0.57
2022-11-15,380.2652282714844,86.79655456542969,165.5,-0.57
2022-11-16,380.2652282714844,86.79655456542969,165.5,-0.68
2022-11-16,377.36419677734375,88.69464874267578,165.1199951171875,-0.68
2022-11-17,377.36419677734375,88.69464874267578,165.1199951171875,-0.66
2022-11-17,376.20953369140625,87.75872802734375,163.9199981689453,-0.66
2022-11-18,376.20953369140625,87.75872802734375,163.9199981689453,-0.69
2022-11-18,377.91766357421875,87.15519714355469,162.7899932861328,-0.69
2022-11-21,377.91766357421875,87.15519714355469,162.7899932861328,-0.65
2022-11-21,376.54351806640625,87.52255249023438,161.8800048828125,-0.65
2022-11-22,376.54351806640625,87.52255249023438,161.8800048828125,-0.71
2022-11-22,381.6106262207031,88.76463317871094,162.07000732421875,-0.71
2022-11-23,381.6106262207031,88.76463317871094,162.07000732421875,-0.75
2022-11-23,384.0155029296875,90.31285858154297,163.0800018310547,-0.75
2022-11-25,384.0155029296875,90.31285858154297,163.0800018310547,-0.74
2022-11-25,383.9295349121094,90.00669860839844,163.22000122070312,-0.74
2022-11-28,383.9295349121094,90.00669860839844,163.22000122070312,-0.77
2022-11-28,377.80316162109375,90.26039123535156,161.92999267578125,-0.77
2022-11-29,377.80316162109375,90.26039123535156,161.92999267578125,-0.73
2022-11-29,377.1542663574219,89.2020034790039,162.72999572753906,-0.73
2022-11-30,377.1542663574219,89.2020034790039,162.72999572753906,-0.7
2022-11-30,389.03485107421875,89.85801696777344,164.80999755859375,-0.7
2022-12-01,389.03485107421875,89.85801696777344,164.80999755859375,-0.72
2022-12-01,388.74859619140625,92.7286148071289,167.83999633789062,-0.72
2022-12-02,388.74859619140625,92.7286148071289,167.83999633789062,-0.77
2022-12-02,388.3000793457031,93.8947525024414,167.25999450683594,-0.77
2022-12-05,388.3000793457031,93.8947525024414,167.25999450683594,-0.81
2022-12-05,381.3147888183594,92.57955932617188,164.38999938964844,-0.81
2022-12-06,381.3147888183594,92.57955932617188,164.38999938964844,-0.83
2022-12-06,375.81829833984375,93.77195739746094,164.83999633789062,-0.83
2022-12-07,375.81829833984375,93.77195739746094,164.83999633789062,-0.84
2022-12-07,375.1789245605469,95.98146057128906,166.3300018310547,-0.84
2022-12-08,375.1789245605469,95.98146057128906,166.3300018310547,-0.83
2022-12-08,378.11810302734375,95.71845245361328,166.47000122070312,-0.83
2022-12-09,378.11810302734375,95.71845245361328,166.47000122070312,-0.76
2022-12-09,375.29339599609375,93.22836303710938,167.05999755859375,-0.76
2022-12-12,375.29339599609375,93.22836303710938,167.05999755859375,-0.78
2022-12-12,380.7041015625,93.52645874023438,165.67999267578125,-0.78
2022-12-13,380.7041015625,93.52645874023438,165.67999267578125,-0.71
2022-12-13,383.5859680175781,94.42955780029297,168.50999450683594,-0.71
2022-12-14,383.5859680175781,94.42955780029297,168.50999450683594,-0.74
2022-12-14,381.1335754394531,94.83285522460938,168.10000610351562,-0.74
2022-12-15,381.1335754394531,94.83285522460938,168.10000610351562,-0.79
2022-12-15,371.8104248046875,95.2029037475586,165.35000610351562,-0.79
2022-12-16,371.8104248046875,95.2029037475586,165.35000610351562,-0.69
2022-12-16,367.4207763671875,94.13941955566406,166.7899932861328,-0.69
2022-12-19,367.4207763671875,94.13941955566406,166.7899932861328,-0.68
2022-12-19,364.3050842285156,92.5573959350586,166.32000732421875,-0.68
2022-12-20,364.3050842285156,92.5573959350586,166.32000732421875,-0.56
2022-12-20,364.80364990234375,90.91384887695312,169.0800018310547,-0.56
2022-12-21,364.80364990234375,90.91384887695312,169.0800018310547,-0.53
2022-12-21,370.25836181640625,91.14234924316406,168.8000030517578,-0.53
2022-12-22,370.25836181640625,91.14234924316406,168.8000030517578,-0.57
2022-12-22,364.9761657714844,91.12476348876953,166.75999450683594,-0.57
2022-12-23,364.9761657714844,91.12476348876953,166.75999450683594,-0.56
2022-12-23,367.0756530761719,89.7888412475586,167.25999450683594,-0.56
2022-12-27,367.0756530761719,89.7888412475586,167.25999450683594,-0.48
2022-12-27,365.6280822753906,88.01345825195312,168.6699981689453,-0.48
2022-12-28,365.6280822753906,88.01345825195312,168.6699981689453,-0.43
2022-12-28,361.0841369628906,87.4948959350586,167.91000366210938,-0.43
2022-12-29,361.0841369628906,87.4948959350586,167.91000366210938,-0.51
2022-12-29,367.5837097167969,88.48807525634766,168.85000610351562,-0.51
2022-12-30,367.5837097167969,88.48807525634766,168.85000610351562,-0.53
2022-12-30,366.61541748046875,87.50370025634766,169.63999938964844,-0.53
2023-01-03,366.61541748046875,87.50370025634766,169.63999938964844,-0.61
2023-01-03,365.0720520019531,89.1736068725586,171.05999755859375,-0.61
2023-01-04,365.0720520019531,89.1736068725586,171.05999755859375,-0.67
2023-01-04,367.8905334472656,90.39527130126953,172.6699981689453,-0.67
2023-01-05,367.8905334472656,90.39527130126953,172.6699981689453,-0.74
2023-01-05,363.6916198730469,90.77322387695312,170.52000427246094,-0.74
2023-01-06,363.6916198730469,90.77322387695312,170.52000427246094,-0.69
2023-01-06,372.0318908691406,92.44312286376953,173.7100067138672,-0.69
2023-01-09,372.0318908691406,92.44312286376953,173.7100067138672,-0.66
2023-01-09,371.8209533691406,92.9353256225586,174.10000610351562,-0.66
2023-01-10,371.8209533691406,92.9353256225586,174.10000610351562,-0.63
2023-01-10,374.4283752441406,91.39724731445312,174.74000549316406,-0.63
2023-01-11,374.4283752441406,91.39724731445312,174.74000549316406,-0.66
2023-01-11,379.1641845703125,92.8825912475586,174.6199951171875,-0.66
2023-01-12,379.1641845703125,92.8825912475586,174.6199951171875,-0.69
2023-01-12,380.54461669921875,94.71070861816406,176.63999938964844,-0.69
2023-01-13,380.54461669921875,94.71070861816406,176.63999938964844,-0.73
2023-01-13,382.0210266113281,93.82301330566406,178.75999450683594,-0.73
2023-01-17,382.0210266113281,93.82301330566406,178.75999450683594,-0.65
2023-01-17,381.3211669921875,93.21659088134766,177.58999633789062,-0.65
2023-01-18,381.3211669921875,93.21659088134766,177.58999633789062,-0.69
2023-01-18,375.3008117675781,95.4753646850586,177.0800018310547,-0.69
2023-01-19,375.3008117675781,95.4753646850586,177.0800018310547,-0.7
2023-01-19,372.5687255859375,94.877685546875,179.88999938964844,-0.7
2023-01-20,372.5687255859375,94.877685546875,179.88999938964844,-0.66
2023-01-20,379.5092468261719,93.33963012695312,179.2899932861328,-0.66
2023-01-23,379.5092468261719,93.33963012695312,179.2899932861328,-0.69
2023-01-23,384.0628662109375,92.90017700195312,179.6300048828125,-0.69
2023-01-24,384.0628662109375,92.90017700195312,179.6300048828125,-0.66
2023-01-24,383.6506652832031,94.236083984375,180.27999877929688,-0.66
2023-01-25,383.6506652832031,94.236083984375,180.27999877929688,-0.65
2023-01-25,383.79443359375,94.4646224975586,181.11000061035156,-0.65
2023-01-26,383.79443359375,94.4646224975586,181.11000061035156,-0.68
2023-01-26,388.01251220703125,94.0251693725586,179.47000122070312,-0.68
2023-01-27,388.01251220703125,94.0251693725586,179.47000122070312,-0.67
2023-01-27,388.90399169921875,93.78785705566406,179.22000122070312,-0.67
2023-01-30,388.90399169921875,93.78785705566406,179.22000122070312,-0.7
2023-01-30,384.0245361328125,93.4450912475586,178.75999450683594,-0.7
2023-01-31,384.0245361328125,93.4450912475586,178.75999450683594,-0.69
2023-01-31,389.6708984375,94.19214630126953,179.41000366210938,-0.69
2023-02-01,389.6708984375,94.19214630126953,179.41000366210938,-0.7
2023-02-01,393.812255859375,95.3244400024414,181.6699981689453,-0.7
2023-02-02,393.812255859375,95.3244400024414,181.6699981689453,-0.69
2023-02-02,399.5450439453125,95.44783782958984,177.89999389648438,-0.69
2023-02-03,399.5450439453125,95.44783782958984,177.89999389648438,-0.77
2023-02-03,395.2982177734375,94.02032470703125,173.4600067138672,-0.77
2023-02-06,395.2982177734375,94.02032470703125,173.4600067138672,-0.81
2023-02-06,392.8824157714844,93.32422637939453,173.82000732421875,-0.81
2023-02-07,392.8824157714844,93.32422637939453,173.82000732421875,-0.8
2023-02-07,398.020751953125,92.57522583007812,173.97999572753906,-0.8
2023-02-08,398.020751953125,92.57522583007812,173.97999572753906,-0.82
2023-02-08,393.66851806640625,93.01580810546875,174.41000366210938,-0.82
2023-02-09,393.66851806640625,93.01580810546875,174.41000366210938,-0.81
2023-02-09,390.2557373046875,92.1346435546875,173.02999877929688,-0.81
2023-02-10,390.2557373046875,92.1346435546875,173.02999877929688,-0.76
2023-02-10,391.16650390625,91.10369110107422,173.36000061035156,-0.76
2023-02-13,391.16650390625,91.10369110107422,173.36000061035156,-0.8
2023-02-13,395.7583312988281,91.8702621459961,172.47999572753906,-0.8
2023-02-14,395.7583312988281,91.8702621459961,172.47999572753906,-0.83
2023-02-14,395.576171875,91.65879821777344,172.61000061035156,-0.83
2023-02-15,395.576171875,91.65879821777344,172.61000061035156,-0.81
2023-02-15,396.8608093261719,90.8040771484375,170.88999938964844,-0.81
2023-02-16,396.8608093261719,90.8040771484375,170.88999938964844,-0.76
2023-02-16,391.396484375,89.517578125,170.75,-0.76
2023-02-17,391.396484375,89.517578125,170.75,-0.78
2023-02-17,390.418701171875,90.21371459960938,171.25999450683594,-0.78
2023-02-21,390.418701171875,90.21371459960938,171.25999450683594,-0.72
2023-02-21,382.5865173339844,88.46015930175781,170.6199951171875,-0.72
2023-02-22,382.5865173339844,88.46015930175781,170.6199951171875,-0.73
2023-02-22,382.059326171875,89.27086639404297,169.66000366210938,-0.73
2023-02-23,382.059326171875,89.27086639404297,169.66000366210938,-0.78
2023-02-23,384.09161376953125,90.1432113647461,169.57000732421875,-0.78
2023-02-24,384.09161376953125,90.1432113647461,169.57000732421875,-0.83
2023-02-24,379.98858642578125,88.97126770019531,168.35000610351562,-0.83
2023-02-27,379.98858642578125,88.97126770019531,168.35000610351562,-0.86
2023-02-27,381.28277587890625,89.21797180175781,169.00999450683594,-0.86
2023-02-28,381.28277587890625,89.21797180175781,169.00999450683594,-0.89
2023-02-28,379.8735656738281,89.62332153320312,169.77999877929688,-0.89
2023-03-01,379.8735656738281,89.62332153320312,169.77999877929688,-0.88
2023-03-01,378.41644287109375,88.66050720214844,170.75999450683594,-0.88
2023-03-02,378.41644287109375,88.66050720214844,170.75999450683594,-0.81
2023-03-02,381.3594665527344,87.87431335449219,170.66000366210938,-0.81
2023-03-03,381.3594665527344,87.87431335449219,170.66000366210938,-0.89
2023-03-03,387.47564697265625,90.0031509399414,172.49000549316406,-0.89
2023-03-06,387.47564697265625,90.0031509399414,172.49000549316406,-0.91
2023-03-06,387.7440185546875,89.30532836914062,171.6199951171875,-0.91
2023-03-07,387.7440185546875,89.30532836914062,171.6199951171875,-1.03
2023-03-07,381.8004455566406,89.8530044555664,168.6199951171875,-1.03
2023-03-08,381.8004455566406,89.8530044555664,168.6199951171875,-1.07
2023-03-08,382.4236145019531,89.94129943847656,168.5399932861328,-1.07
2023-03-09,382.4236145019531,89.94129943847656,168.5399932861328,-0.97
2023-03-09,375.3678894042969,90.16214752197266,170.1999969482422,-0.97
2023-03-10,375.3678894042969,90.16214752197266,170.1999969482422,-0.9
2023-03-10,369.9515686035156,93.271484375,173.8699951171875,-0.9
2023-03-13,369.9515686035156,93.271484375,173.8699951171875,-0.48
2023-03-13,369.42431640625,93.48348236083984,177.86000061035156,-0.48
2023-03-14,369.42431640625,93.48348236083984,177.86000061035156,-0.56
2023-03-14,375.53094482421875,91.9465103149414,176.8300018310547,-0.56
2023-03-15,375.53094482421875,91.9465103149414,176.8300018310547,-0.42
2023-03-15,373.1822509765625,93.72200012207031,178.2100067138672,-0.42
2023-03-16,373.1822509765625,93.72200012207031,178.2100067138672,-0.58
2023-03-16,379.7298278808594,92.98883056640625,178.57000732421875,-0.58
2023-03-17,379.7298278808594,92.98883056640625,178.57000732421875,-0.42
2023-03-17,375.2897033691406,94.38450622558594,183.77000427246094,-0.42
2023-03-20,375.2897033691406,94.38450622558594,183.77000427246094,-0.45
2023-03-20,378.8982849121094,93.55414581298828,183.83999633789062,-0.45
2023-03-21,378.8982849121094,93.55414581298828,183.83999633789062,-0.58
2023-03-21,383.8735046386719,92.75032806396484,180.3699951171875,-0.58
2023-03-22,383.8735046386719,92.75032806396484,180.3699951171875,-0.48
2023-03-22,377.32977294921875,93.98699188232422,183.44000244140625,-0.48
2023-03-23,377.32977294921875,93.98699188232422,183.44000244140625,-0.38
2023-03-23,378.34979248046875,93.98699188232422,185.74000549316406,-0.38
2023-03-24,378.34979248046875,93.98699188232422,185.74000549316406,-0.38
2023-03-24,380.8325500488281,94.38450622558594,183.64999389648438,-0.38
2023-03-27,380.8325500488281,94.38450622558594,183.64999389648438,-0.41
2023-03-27,381.54473876953125,92.16731262207031,181.9499969482422,-0.41
2023-03-28,381.54473876953125,92.16731262207031,181.9499969482422,-0.47
2023-03-28,380.6882019042969,92.33515167236328,183.44000244140625,-0.47
2023-03-29,380.6882019042969,92.33515167236328,183.44000244140625,-0.51
2023-03-29,386.2215270996094,92.14964294433594,182.52999877929688,-0.51
2023-03-30,386.2215270996094,92.14964294433594,182.52999877929688,-0.55
2023-03-30,388.48297119140625,92.57367706298828,184.17999267578125,-0.55
2023-03-31,388.48297119140625,92.57367706298828,184.17999267578125,-0.58
2023-03-31,393.9584045410156,93.96050262451172,183.22000122070312,-0.58
2023-04-03,393.9584045410156,93.96050262451172,183.22000122070312,-0.54
2023-04-03,395.45965576171875,94.40242004394531,184.5399932861328,-0.54
2023-04-04,395.45965576171875,94.40242004394531,184.5399932861328,-0.49
2023-04-04,393.26556396484375,94.87174987792969,187.97999572753906,-0.49
2023-04-05,393.26556396484375,94.87174987792969,187.97999572753906,-0.49
2023-04-05,392.23590087890625,95.86361694335938,187.8300018310547,-0.49
2023-04-06,392.23590087890625,95.86361694335938,187.8300018310547,-0.52
2023-04-06,393.7659606933594,96.11156463623047,186.49000549316406,-0.52
2023-04-07,393.7659606933594,96.11156463623047,186.49000549316406,-0.58
2023-04-10,393.7659606933594,96.11156463623047,186.49000549316406,-0.59
2023-04-10,394.170166015625,94.56180572509766,185.11000061035156,-0.59
2023-04-11,394.170166015625,94.56180572509766,185.11000061035156,-0.6
2023-04-11,394.2759704589844,94.75665283203125,186.27999877929688,-0.6
2023-04-12,394.2759704589844,94.75665283203125,186.27999877929688,-0.54
2023-04-12,392.6689758300781,94.65924835205078,187.19000244140625,-0.54
2023-04-13,392.6689758300781,94.65924835205078,187.19000244140625,-0.51
2023-04-13,397.8846130371094,93.91532135009766,189.72000122070312,-0.51
2023-04-14,397.8846130371094,93.91532135009766,189.72000122070312,-0.56
2023-04-14,396.9126892089844,93.05634307861328,186.36000061035156,-0.56
2023-04-17,396.9126892089844,93.05634307861328,186.36000061035156,-0.58
2023-04-17,398.3369140625,91.9493637084961,185.52999877929688,-0.58
2023-04-18,398.3369140625,91.9493637084961,185.52999877929688,-0.61
2023-04-18,398.5967712402344,92.27700805664062,186.25,-0.61
2023-04-19,398.5967712402344,92.27700805664062,186.25,-0.64
2023-04-19,398.5294494628906,92.1884765625,185.36000061035156,-0.64
2023-04-20,398.5294494628906,92.1884765625,185.36000061035156,-0.6
2023-04-20,396.3546447753906,92.97660827636719,186.08999633789062,-0.6
2023-04-21,396.3546447753906,92.97660827636719,186.08999633789062,-0.6
2023-04-21,396.6625061035156,92.45414733886719,184.25,-0.6
2023-04-24,396.6625061035156,92.45414733886719,184.25,-0.6
2023-04-24,397.07623291015625,93.34858703613281,184.80999755859375,-0.6
2023-04-25,397.07623291015625,93.34858703613281,184.80999755859375,-0.46
2023-04-25,390.773193359375,94.72122192382812,185.75,-0.46
2023-04-26,390.773193359375,94.72122192382812,185.75,-0.47
2023-04-26,389.11798095703125,93.71165466308594,184.74000549316406,-0.47
2023-04-27,389.11798095703125,93.71165466308594,184.74000549316406,-0.54
2023-04-27,396.8646240234375,92.78180694580078,184.75,-0.54
2023-04-28,396.8646240234375,92.78180694580078,184.75,-0.6
2023-04-28,400.2519226074219,94.27840423583984,184.8000030517578,-0.6
2023-05-01,400.2519226074219,94.27840423583984,184.8000030517578,-0.55
2023-05-01,399.8477783203125,91.5599365234375,183.97000122070312,-0.55
2023-05-02,399.8477783203125,91.5599365234375,183.97000122070312,-0.53
2023-05-02,395.35382080078125,93.84162139892578,187.52000427246094,-0.53
2023-05-03,395.35382080078125,93.84162139892578,187.52000427246094,-0.51
2023-05-03,392.6401062011719,94.36542510986328,189.11000061035156,-0.51
2023-05-04,392.6401062011719,94.36542510986328,189.11000061035156,-0.38
2023-05-04,389.8590393066406,93.43321990966797,190.44000244140625,-0.38
2023-05-05,389.8590393066406,93.43321990966797,190.44000244140625,-0.48
2023-05-05,397.07623291015625,93.12248992919922,187.4600067138672,-0.48
2023-05-08,397.07623291015625,93.12248992919922,187.4600067138672,-0.48
2023-05-08,397.1821594238281,91.81741333007812,187.69000244140625,-0.48
2023-05-09,397.1821594238281,91.81741333007812,187.69000244140625,-0.48
2023-05-09,395.4403381347656,91.48892211914062,189.02000427246094,-0.48
2023-05-10,395.4403381347656,91.48892211914062,189.02000427246094,-0.47
2023-05-10,397.2879943847656,92.3767318725586,188.75,-0.47
2023-05-11,397.2879943847656,92.3767318725586,188.75,-0.5
2023-05-11,396.5951843261719,93.35331726074219,187.1300048828125,-0.5
2023-05-12,396.5951843261719,93.35331726074219,187.1300048828125,-0.52
2023-05-12,396.07550048828125,92.57203674316406,186.80999755859375,-0.52
2023-05-15,396.07550048828125,92.57203674316406,186.80999755859375,-0.49
2023-05-15,397.4419860839844,91.61321258544922,187.2100067138672,-0.49
2023-05-16,397.4419860839844,91.61321258544922,187.2100067138672,-0.52
2023-05-16,394.7860107421875,91.33799743652344,184.8699951171875,-0.52
2023-05-17,394.7860107421875,91.33799743652344,184.8699951171875,-0.55
2023-05-17,399.5782775878906,91.0716323852539,184.22999572753906,-0.55
2023-05-18,399.5782775878906,91.0716323852539,184.22999572753906,-0.59
2023-05-18,403.427490234375,90.39691162109375,181.83999633789062,-0.59
2023-05-19,403.427490234375,90.39691162109375,181.83999633789062,-0.58
2023-05-19,402.8405456542969,89.75768280029297,183.63999938964844,-0.58
2023-05-22,402.8405456542969,89.75768280029297,183.63999938964844,-0.57
2023-05-22,403.0041198730469,89.43806457519531,183.2100067138672,-0.57
2023-05-23,403.0041198730469,89.43806457519531,183.2100067138672,-0.56
2023-05-23,398.4812316894531,89.695556640625,183.42999267578125,-0.56
2023-05-24,398.4812316894531,89.695556640625,183.42999267578125,-0.58
2023-05-24,395.5943298339844,89.25163269042969,181.9499969482422,-0.58
2023-05-25,395.5943298339844,89.25163269042969,181.9499969482422,-0.67
2023-05-25,399.0201721191406,89.0296859741211,180.1999969482422,-0.67
2023-05-26,399.0201721191406,89.0296859741211,180.1999969482422,-0.74
2023-05-26,404.1877136230469,89.74880981445312,180.9199981689453,-0.74
2023-05-30,404.1877136230469,89.74880981445312,180.9199981689453,-0.77
2023-05-30,404.34173583984375,90.64551544189453,182.0399932861328,-0.77
2023-05-31,404.34173583984375,90.64551544189453,182.0399932861328,-0.76
2023-05-31,402.09954833984375,91.4356460571289,182.32000732421875,-0.76
2023-06-01,402.09954833984375,91.4356460571289,182.32000732421875,-0.72
2023-06-01,405.9199523925781,91.79437255859375,183.75999450683594,-0.72
2023-06-02,405.9199523925781,91.79437255859375,183.75999450683594,-0.81
2023-06-02,411.7900085449219,90.78848266601562,181.0500030517578,-0.81
2023-06-05,411.7900085449219,90.78848266601562,181.0500030517578,-0.77
2023-06-05,411.00091552734375,90.61935424804688,182.13999938964844,-0.77
2023-06-06,411.00091552734375,90.61935424804688,182.13999938964844,-0.81
2023-06-06,411.8957824707031,91.15347290039062,182.33999633789062,-0.81
2023-06-07,411.8957824707031,91.15347290039062,182.33999633789062,-0.77
2023-06-07,410.4715881347656,89.80039978027344,180.14999389648438,-0.77
2023-06-08,410.4715881347656,89.80039978027344,180.14999389648438,-0.79
2023-06-08,412.9543762207031,90.85082244873047,182.52999877929688,-0.79
2023-06-09,412.9543762207031,90.85082244873047,182.52999877929688,-0.84
2023-06-09,413.6952819824219,90.72616577148438,182.0399932861328,-0.84
2023-06-12,413.6952819824219,90.72616577148438,182.0399932861328,-0.82
2023-06-12,417.4482727050781,90.99322509765625,181.8800048828125,-0.82
2023-06-13,417.4482727050781,90.99322509765625,181.8800048828125,-0.83
2023-06-13,420.2004699707031,90.09416961669922,180.5399932861328,-0.83
2023-06-14,420.2004699707031,90.09416961669922,180.5399932861328,-0.91
2023-06-14,420.7009582519531,90.81520080566406,180.63999938964844,-0.91
2023-06-15,420.7009582519531,90.81520080566406,180.63999938964844,-0.9
2023-06-15,425.9165954589844,91.68757629394531,181.91000366210938,-0.9
2023-06-16,425.9165954589844,91.68757629394531,181.91000366210938,-0.93
2023-06-16,424.4659118652344,91.33150482177734,181.6300048828125,-0.93
2023-06-20,424.4659118652344,91.33150482177734,181.6300048828125,-0.94
2023-06-20,422.263671875,91.9635009765625,179.75,-0.94
2023-06-21,422.263671875,91.9635009765625,179.75,-0.96
2023-06-21,420.1000671386719,92.18608856201172,179.49000549316406,-0.96
2023-06-22,420.1000671386719,92.18608856201172,179.49000549316406,-0.97
2023-06-22,421.61651611328125,91.0733642578125,177.7100067138672,-0.97
2023-06-23,421.61651611328125,91.0733642578125,177.7100067138672,-0.97
2023-06-23,418.4291076660156,91.9813232421875,178.1999969482422,-0.97
2023-06-26,418.4291076660156,91.9813232421875,178.1999969482422,-0.93
2023-06-26,416.719482421875,92.07926177978516,178.50999450683594,-0.93
2023-06-27,416.719482421875,92.07926177978516,178.50999450683594,-0.97
2023-06-27,421.28814697265625,91.8388900756836,177.69000244140625,-0.97
2023-06-28,421.28814697265625,91.8388900756836,177.69000244140625,-1.0
2023-06-28,421.5006103515625,92.23058319091797,177.27999877929688,-1.0
2023-06-29,421.5006103515625,92.23058319091797,177.27999877929688,-1.02
2023-06-29,423.16192626953125,90.56597137451172,177.08999633789062,-1.02
2023-06-30,423.16192626953125,90.56597137451172,177.08999633789062,-1.06
2023-06-30,428.1554870605469,91.6341552734375,178.27000427246094,-1.06
2023-07-03,428.1554870605469,91.6341552734375,178.27000427246094,-1.08
2023-07-03,428.6481018066406,91.11467742919922,178.47000122070312,-1.08
2023-07-05,428.6481018066406,91.11467742919922,178.47000122070312,-0.99
2023-07-05,428.0106201171875,90.24886322021484,177.83999633789062,-0.99
2023-07-06,428.0106201171875,90.24886322021484,177.83999633789062,-0.94
2023-07-06,424.6590270996094,88.97247314453125,177.30999755859375,-0.94
2023-07-07,424.6590270996094,88.97247314453125,177.30999755859375,-0.88
2023-07-07,423.5869140625,88.43694305419922,178.63999938964844,-0.88
2023-07-10,423.5869140625,88.43694305419922,178.63999938964844,-0.84
2023-07-10,424.6590270996094,88.55294799804688,178.77999877929688,-0.84
2023-07-11,424.6590270996094,88.55294799804688,178.77999877929688,-0.89
2023-07-11,427.3634948730469,89.00818634033203,179.4499969482422,-0.89
2023-07-12,427.3634948730469,89.00818634033203,179.4499969482422,-0.86
2023-07-12,430.80206298828125,89.99893951416016,181.8800048828125,-0.86
2023-07-13,430.80206298828125,89.99893951416016,181.8800048828125,-0.83
2023-07-13,434.22125244140625,90.94507598876953,182.00999450683594,-0.83
2023-07-14,434.22125244140625,90.94507598876953,182.00999450683594,-0.91
2023-07-14,433.9508056640625,90.40955352783203,181.42999267578125,-0.91
2023-07-17,433.9508056640625,90.40955352783203,181.42999267578125,-0.93
2023-07-17,435.45758056640625,90.45415496826172,181.55999755859375,-0.93
2023-07-18,435.45758056640625,90.45415496826172,181.55999755859375,-0.94
2023-07-18,438.6932678222656,90.86473846435547,183.63999938964844,-0.94
2023-07-19,438.6932678222656,90.86473846435547,183.63999938964844,-0.99
2023-07-19,439.6688232421875,91.8912124633789,183.6699981689453,-0.99
2023-07-20,439.6688232421875,91.8912124633789,183.6699981689453,-0.95
2023-07-20,436.7518310546875,90.7754898071289,182.74000549316406,-0.95
2023-07-21,436.7518310546875,90.7754898071289,182.74000549316406,-0.98
2023-07-21,436.7518310546875,90.80228424072266,182.17999267578125,-0.98
2023-07-24,436.7518310546875,90.80228424072266,182.17999267578125,-0.95
2023-07-24,438.7029724121094,90.47200775146484,181.39999389648438,-0.95
2023-07-25,438.7029724121094,90.47200775146484,181.39999389648438,-0.94
2023-07-25,439.9006652832031,90.30243682861328,182.41000366210938,-0.94
2023-07-26,439.9006652832031,90.30243682861328,182.41000366210938,-0.96
2023-07-26,439.9682312011719,90.39169311523438,183.3000030517578,-0.96
2023-07-27,439.9682312011719,90.39169311523438,183.3000030517578,-0.9
2023-07-27,437.0513000488281,88.6333236694336,180.4199981689453,-0.9
2023-07-28,437.0513000488281,88.6333236694336,180.4199981689453,-0.91
2023-07-28,441.3301086425781,89.0885238647461,181.86000061035156,-0.91
2023-07-31,441.3301086425781,89.0885238647461,181.86000061035156,-0.91
2023-07-31,442.17047119140625,89.30274963378906,182.35000610351562,-0.91
2023-08-01,442.17047119140625,89.30274963378906,182.35000610351562,-0.87
2023-08-01,440.9051513671875,87.83937072753906,180.4600067138672,-0.87
2023-08-02,440.9051513671875,87.83937072753906,180.4600067138672,-0.8
2023-08-02,434.7717590332031,86.89952850341797,179.60000610351562,-0.8
2023-08-03,434.7717590332031,86.89952850341797,179.60000610351562,-0.7
2023-08-03,433.5258483886719,84.89464569091797,179.5399932861328,-0.7
2023-08-04,433.5258483886719,84.89464569091797,179.5399932861328,-0.73
2023-08-04,431.5650939941406,86.39834594726562,180.19000244140625,-0.73
2023-08-07,431.5650939941406,86.39834594726562,180.19000244140625,-0.67
2023-08-07,435.3320007324219,85.54803466796875,179.77999877929688,-0.67
2023-08-08,435.3320007324219,85.54803466796875,179.77999877929688,-0.72
2023-08-08,433.4389343261719,86.54151916503906,178.63999938964844,-0.72
2023-08-09,433.4389343261719,86.54151916503906,178.63999938964844,-0.79
2023-08-09,430.5412292480469,86.98907470703125,177.7899932861328,-0.79
2023-08-10,430.5412292480469,86.98907470703125,177.7899932861328,-0.73
2023-08-10,430.69580078125,85.55697631835938,177.60000610351562,-0.73
2023-08-11,430.69580078125,85.55697631835938,177.60000610351562,-0.73
2023-08-11,430.4447021484375,85.36009216308594,177.60000610351562,-0.73
2023-08-14,430.4447021484375,85.36009216308594,177.60000610351562,-0.77
2023-08-14,432.82073974609375,85.17211151123047,177.05999755859375,-0.77
2023-08-15,432.82073974609375,85.17211151123047,177.05999755859375,-0.71
2023-08-15,427.77880859375,84.65299224853516,176.58999633789062,-0.71
2023-08-16,427.77880859375,84.65299224853516,176.58999633789062,-0.69
2023-08-16,424.63970947265625,83.99065399169922,175.57000732421875,-0.69
2023-08-17,424.63970947265625,83.99065399169922,175.57000732421875,-0.64
2023-08-17,421.4040222167969,83.63265228271484,175.3000030517578,-0.64
2023-08-18,421.4040222167969,83.63265228271484,175.3000030517578,-0.66
2023-08-18,421.6068115234375,83.92799377441406,175.3300018310547,-0.66
2023-08-21,421.6068115234375,83.92799377441406,175.3300018310547,-0.63
2023-08-21,424.3499450683594,82.80921173095703,175.80999755859375,-0.63
2023-08-22,424.3499450683594,82.80921173095703,175.80999755859375,-0.68
2023-08-22,423.2005920410156,83.4447021484375,176.10000610351562,-0.68
2023-08-23,423.2005920410156,83.4447021484375,176.10000610351562,-0.76
2023-08-23,427.9140625,85.51222229003906,177.88999938964844,-0.76
2023-08-24,427.9140625,85.51222229003906,177.88999938964844,-0.75
2023-08-24,421.98358154296875,84.94834899902344,177.85000610351562,-0.75
2023-08-25,421.98358154296875,84.94834899902344,177.85000610351562,-0.78
2023-08-25,424.95843505859375,85.22582244873047,177.6199951171875,-0.78
2023-08-28,424.95843505859375,85.22582244873047,177.6199951171875,-0.78
2023-08-28,427.6532287597656,85.31534576416016,178.1300048828125,-0.78
2023-08-29,427.6532287597656,85.31534576416016,178.1300048828125,-0.75
2023-08-29,433.8349304199219,86.20143127441406,179.8699951171875,-0.75
2023-08-30,433.8349304199219,86.20143127441406,179.8699951171875,-0.78
2023-08-30,435.6217956542969,86.1119155883789,180.32000732421875,-0.78
2023-08-31,435.6217956542969,86.1119155883789,180.32000732421875,-0.76
2023-08-31,434.98431396484375,86.49678039550781,180.02000427246094,-0.76
2023-09-01,434.98431396484375,86.49678039550781,180.02000427246094,-0.69
2023-09-01,435.79571533203125,85.14930725097656,180.11000061035156,-0.69
2023-09-05,435.79571533203125,85.14930725097656,180.11000061035156,-0.67
2023-09-05,433.9121398925781,83.95530700683594,178.63999938964844,-0.67
2023-09-06,433.9121398925781,83.95530700683594,178.63999938964844,-0.71
2023-09-06,430.9952087402344,84.16181182861328,177.8300018310547,-0.71
2023-09-07,430.9952087402344,84.16181182861328,177.8300018310547,-0.67
2023-09-07,429.6719665527344,84.39521789550781,178.02000427246094,-0.67
2023-09-08,429.6719665527344,84.39521789550781,178.02000427246094,-0.72
2023-09-08,430.31903076171875,84.71839141845703,178.0800018310547,-0.72
2023-09-11,430.31903076171875,84.71839141845703,178.0800018310547,-0.68
2023-09-11,433.14910888671875,84.1079330444336,178.41000366210938,-0.68
2023-09-12,433.14910888671875,84.1079330444336,178.41000366210938,-0.71
2023-09-12,430.7730407714844,84.59272003173828,177.49000549316406,-0.71
2023-09-13,430.7730407714844,84.59272003173828,177.49000549316406,-0.71
2023-09-13,431.27532958984375,84.57475280761719,177.0800018310547,-0.71
2023-09-14,431.27532958984375,84.57475280761719,177.0800018310547,-0.71
2023-09-14,434.99395751953125,83.96430206298828,177.1699981689453,-0.71
2023-09-15,434.99395751953125,83.96430206298828,177.1699981689453,-0.69
2023-09-15,429.7530212402344,83.45259094238281,178.33999633789062,-0.69
2023-09-18,429.7530212402344,83.45259094238281,178.33999633789062,-0.73
2023-09-18,430.00506591796875,83.9283676147461,179.38999938964844,-0.73
2023-09-19,430.00506591796875,83.9283676147461,179.38999938964844,-0.71
2023-09-19,429.11328125,83.3089599609375,179.22000122070312,-0.71
2023-09-20,429.11328125,83.3089599609375,179.22000122070312,-0.77
2023-09-20,425.16827392578125,83.56927490234375,179.35000610351562,-0.77
2023-09-21,425.16827392578125,83.56927490234375,179.35000610351562,-0.63
2023-09-21,418.14093017578125,81.4237289428711,178.0500030517578,-0.63
2023-09-22,418.14093017578125,81.4237289428711,178.0500030517578,-0.66
2023-09-22,417.2007751464844,82.07907104492188,178.6199951171875,-0.66
2023-09-25,417.2007751464844,82.07907104492188,178.6199951171875,-0.54
2023-09-25,418.9551696777344,80.05919647216797,177.6999969482422,-0.54
2023-09-26,418.9551696777344,80.05919647216797,177.6999969482422,-0.48
2023-09-26,412.8001708984375,79.7809066772461,176.27999877929688,-0.48
2023-09-27,412.8001708984375,79.7809066772461,176.27999877929688,-0.49
2023-09-27,412.9649353027344,79.36796569824219,174.10000610351562,-0.49
2023-09-28,412.9649353027344,79.36796569824219,174.10000610351562,-0.45
2023-09-28,415.359130859375,79.61032104492188,173.22999572753906,-0.45
2023-09-29,415.359130859375,79.61032104492188,173.22999572753906,-0.44
2023-09-29,414.35107421875,79.61930847167969,171.4499969482422,-0.44
2023-10-02,414.35107421875,79.61930847167969,171.4499969482422,-0.43
2023-10-02,414.186279296875,78.28646850585938,169.64999389648438,-0.43
2023-10-03,414.186279296875,78.28646850585938,169.64999389648438,-0.34
2023-10-03,408.6419372558594,76.60240173339844,169.16000366210938,-0.34
2023-10-04,408.6419372558594,76.60240173339844,169.16000366210938,-0.32
2023-10-04,411.6176452636719,77.68309020996094,169.13999938964844,-0.32
2023-10-05,411.6176452636719,77.68309020996094,169.13999938964844,-0.31
2023-10-05,411.4625244140625,77.29585266113281,168.8300018310547,-0.31
2023-10-06,411.4625244140625,77.29585266113281,168.8300018310547,-0.3
2023-10-06,416.3477783203125,76.35926055908203,169.6999969482422,-0.3
2023-10-09,419.0132751464844,78.15139770507812,172.82000732421875,-0.3
2023-10-10,419.0132751464844,78.15139770507812,172.82000732421875,-0.3
2023-10-10,421.1941833496094,78.0433120727539,172.52999877929688,-0.3
2023-10-11,421.1941833496094,78.0433120727539,172.52999877929688,-0.41
2023-10-11,422.9195556640625,79.67335510253906,173.7899932861328,-0.41
2023-10-12,422.9195556640625,79.67335510253906,173.7899932861328,-0.36
2023-10-12,420.3412780761719,77.51197814941406,173.25999450683594,-0.36
2023-10-13,420.3412780761719,77.51197814941406,173.25999450683594,-0.41
2023-10-13,418.24761962890625,78.89884185791016,178.8300018310547,-0.41
2023-10-16,418.24761962890625,78.89884185791016,178.8300018310547,-0.38
2023-10-16,422.6481628417969,77.62902069091797,177.9600067138672,-0.38
2023-10-17,422.6481628417969,77.62902069091797,177.9600067138672,-0.36
2023-10-17,422.6287841796875,76.77350616455078,178.2899932861328,-0.36
2023-10-18,422.6287841796875,76.77350616455078,178.2899932861328,-0.28
2023-10-18,416.9972229003906,76.09808349609375,180.8699951171875,-0.28
2023-10-19,416.9972229003906,76.09808349609375,180.8699951171875,-0.16
2023-10-19,413.3332824707031,74.54009246826172,183.08999633789062,-0.16
2023-10-20,413.3332824707031,74.54009246826172,183.08999633789062,-0.14
2023-10-20,408.2541809082031,74.96337890625,183.58999633789062,-0.14
2023-10-23,408.2541809082031,74.96337890625,183.58999633789062,-0.19
2023-10-23,407.54669189453125,75.8639144897461,182.97000122070312,-0.19
2023-10-24,407.54669189453125,75.8639144897461,182.97000122070312,-0.19
2023-10-24,410.61932373046875,76.86358642578125,182.9499969482422,-0.19
2023-10-25,410.61932373046875,76.86358642578125,182.9499969482422,-0.13
2023-10-25,404.7259216308594,75.15249633789062,183.72000122070312,-0.13
2023-10-26,404.7259216308594,75.15249633789062,183.72000122070312,-0.16
2023-10-26,399.8795166015625,76.30522155761719,184.00999450683594,-0.16
2023-10-27,399.8795166015625,76.30522155761719,184.00999450683594,-0.15
2023-10-27,398.0669860839844,75.98101043701172,186.14999389648438,-0.15
2023-10-30,398.0669860839844,75.98101043701172,186.14999389648438,-0.15
2023-10-30,402.82623291015625,75.63880157470703,185.10000610351562,-0.15
2023-10-31,402.82623291015625,75.63880157470703,185.10000610351562,-0.19
2023-10-31,405.3560485839844,75.26956176757812,184.08999633789062,-0.19
2023-11-01,405.3560485839844,75.26956176757812,184.08999633789062,-0.18
2023-11-01,409.6790466308594,76.90155792236328,183.50999450683594,-0.18
2023-11-02,409.6790466308594,76.90155792236328,183.50999450683594,-0.31
2023-11-02,417.5303039550781,78.6546630859375,184.1199951171875,-0.31
2023-11-03,417.5303039550781,78.6546630859375,184.1199951171875,-0.26
2023-11-03,421.339599609375,79.18783569335938,184.7899932861328,-0.26
2023-11-06,421.339599609375,79.18783569335938,184.7899932861328,-0.26
2023-11-06,422.30889892578125,78.41972351074219,183.35000610351562,-0.26
2023-11-07,422.30889892578125,78.41972351074219,183.35000610351562,-0.33
2023-11-07,423.5107727050781,79.57643127441406,182.58999633789062,-0.33
2023-11-08,423.5107727050781,79.57643127441406,182.58999633789062,-0.44
2023-11-08,423.82098388671875,80.931884765625,180.77000427246094,-0.44
2023-11-09,423.82098388671875,80.931884765625,180.77000427246094,-0.41
2023-11-09,420.51568603515625,79.07036590576172,181.49000549316406,-0.41
2023-11-10,420.51568603515625,79.07036590576172,181.49000549316406,-0.43
2023-11-10,427.0777587890625,79.51314544677734,179.50999450683594,-0.43
2023-11-13,427.0777587890625,79.51314544677734,179.50999450683594,-0.39
2023-11-13,426.670654296875,79.33240509033203,180.50999450683594,-0.39
2023-11-14,426.670654296875,79.33240509033203,180.50999450683594,-0.36
2023-11-14,434.9483947753906,81.13070678710938,182.1199951171875,-0.36
2023-11-15,434.9483947753906,81.13070678710938,182.1199951171875,-0.37
2023-11-15,435.86920166015625,79.99209594726562,181.63999938964844,-0.37
2023-11-16,435.86920166015625,79.99209594726562,181.63999938964844,-0.38
2023-11-16,436.4023132324219,80.98612976074219,183.69000244140625,-0.38
2023-11-17,436.4023132324219,80.98612976074219,183.69000244140625,-0.44
2023-11-17,436.94512939453125,81.36565399169922,183.6699981689453,-0.44
2023-11-20,436.94512939453125,81.36565399169922,183.6699981689453,-0.47
2023-11-20,440.30853271484375,81.8626480102539,183.3699951171875,-0.47
2023-11-21,440.30853271484375,81.8626480102539,183.3699951171875,-0.45
2023-11-21,439.3489990234375,81.82653045654297,185.35000610351562,-0.45
2023-11-22,439.3489990234375,81.82653045654297,185.35000610351562,-0.47
2023-11-22,441.0451965332031,82.11571502685547,184.55999755859375,-0.47
2023-11-24,441.0451965332031,82.11571502685547,184.55999755859375,-0.45
2023-11-24,441.3166198730469,81.1488037109375,185.52000427246094,-0.45
2023-11-27,441.3166198730469,81.1488037109375,185.52000427246094,-0.45
2023-11-27,440.5218200683594,82.50425720214844,186.77000427246094,-0.45
2023-11-28,440.5218200683594,82.50425720214844,186.77000427246094,-0.39
2023-11-28,440.9580078125,82.66692352294922,189.25999450683594,-0.39
2023-11-29,440.9580078125,82.66692352294922,189.25999450683594,-0.37
2023-11-29,440.6478271484375,83.70613861083984,189.5399932861328,-0.37
2023-11-30,440.6478271484375,83.70613861083984,189.5399932861328,-0.36
2023-11-30,442.3827819824219,82.73921966552734,188.75,-0.36
2023-12-01,442.3827819824219,82.73921966552734,188.75,-0.34
2023-12-01,444.9999084472656,84.29753112792969,192.00999450683594,-0.34
2023-12-04,444.9999084472656,84.29753112792969,192.00999450683594,-0.36
2023-12-04,442.6639404296875,83.96211242675781,187.86000061035156,-0.36
2023-12-05,442.6639404296875,83.96211242675781,187.86000061035156,-0.39
2023-12-05,442.57666015625,85.76610565185547,187.14999389648438,-0.39
2023-12-06,442.57666015625,85.76610565185547,187.14999389648438,-0.48
2023-12-06,440.793212890625,86.90830993652344,187.83999633789062,-0.48
2023-12-07,440.793212890625,86.90830993652344,187.83999633789062,-0.44
2023-12-07,444.1566467285156,86.40973663330078,188.14999389648438,-0.44
2023-12-08,444.1566467285156,86.40973663330078,188.14999389648438,-0.48
2023-12-08,446.066162109375,85.70264434814453,185.63999938964844,-0.48
2023-12-11,446.066162109375,85.70264434814453,185.63999938964844,-0.48
2023-12-11,447.8011169433594,85.52135467529297,183.58999633789062,-0.48
2023-12-12,447.8011169433594,85.52135467529297,183.58999633789062,-0.53
2023-12-12,449.8463439941406,85.77516174316406,183.49000549316406,-0.53
2023-12-13,449.8463439941406,85.77516174316406,183.49000549316406,-0.42
2023-12-13,456.0498046875,87.78765106201172,187.6300048828125,-0.42
2023-12-14,456.0498046875,87.78765106201172,187.6300048828125,-0.45
2023-12-14,457.513427734375,90.07125091552734,188.72999572753906,-0.45
2023-12-15,457.513427734375,90.07125091552734,188.72999572753906,-0.53
2023-12-15,456.7601318359375,90.17130279541016,187.0,-0.53
2023-12-18,456.7601318359375,90.17130279541016,187.0,-0.48
2023-12-18,459.3294372558594,89.45281219482422,187.85000610351562,-0.48
2023-12-19,459.3294372558594,89.45281219482422,187.85000610351562,-0.48
2023-12-19,462.12255859375,89.93486022949219,189.1300048828125,-0.48
2023-12-20,462.12255859375,89.93486022949219,189.1300048828125,-0.48
2023-12-20,455.71881103515625,90.54415893554688,188.10000610351562,-0.48
2023-12-21,455.71881103515625,90.54415893554688,188.10000610351562,-0.44
2023-12-21,460.0398864746094,89.9712142944336,189.42999267578125,-0.44
2023-12-22,460.0398864746094,89.9712142944336,189.42999267578125,-0.41
2023-12-22,460.96435546875,89.5619888305664,190.27000427246094,-0.41
2023-12-26,460.96435546875,89.5619888305664,190.27000427246094,-0.37
2023-12-26,462.91082763671875,89.81661987304688,191.72000122070312,-0.37
2023-12-27,462.91082763671875,89.81661987304688,191.72000122070312,-0.41
2023-12-27,463.74786376953125,91.40814208984375,192.58999633789062,-0.41
2023-12-28,463.74786376953125,91.40814208984375,192.58999633789062,-0.42
2023-12-28,463.92303466796875,90.7442398071289,191.47000122070312,-0.42
2023-12-29,463.92303466796875,90.7442398071289,191.47000122070312,-0.35
2023-12-29,462.5799865722656,89.92573547363281,191.1699981689453,-0.35
2024-01-02,462.5799865722656,89.92573547363281,191.1699981689453,-0.38
2024-01-02,459.99114990234375,89.4073715209961,190.72000122070312,-0.38
2024-01-03,459.99114990234375,89.4073715209961,190.72000122070312,-0.42
2024-01-03,456.23455810546875,89.7802505493164,189.1300048828125,-0.42
2024-01-04,456.23455810546875,89.7802505493164,189.1300048828125,-0.39
2024-01-04,454.7650146484375,88.41606903076172,189.32000732421875,-0.39
2024-01-05,454.7650146484375,88.41606903076172,189.32000732421875,-0.35
2024-01-05,455.3879089355469,87.5703125,189.35000610351562,-0.35
2024-01-08,455.3879089355469,87.5703125,189.35000610351562,-0.35
2024-01-08,461.8889465332031,88.43423461914062,187.8699951171875,-0.35
2024-01-09,461.8889465332031,88.43423461914062,187.8699951171875,-0.34
2024-01-09,461.1882629394531,87.87042236328125,187.92999267578125,-0.34
2024-01-10,461.1882629394531,87.87042236328125,187.92999267578125,-0.33
2024-01-10,463.79644775390625,87.46116638183594,187.5,-0.33
2024-01-11,463.79644775390625,87.46116638183594,187.5,-0.28
2024-01-11,463.5921325683594,87.95226287841797,187.8699951171875,-0.28
2024-01-12,463.5921325683594,87.95226287841797,187.8699951171875,-0.18
2024-01-12,463.91326904296875,87.77947235107422,189.7100067138672,-0.18
2024-01-16,463.91326904296875,87.77947235107422,189.7100067138672,-0.15
2024-01-16,462.21014404296875,86.2334213256836,187.91000366210938,-0.15
2024-01-17,462.21014404296875,86.2334213256836,187.91000366210938,-0.24
2024-01-17,459.6408386230469,86.09700012207031,185.83999633789062,-0.24
2024-01-18,459.6408386230469,86.09700012207031,185.83999633789062,-0.2
2024-01-18,463.7283935546875,85.29669952392578,187.3699951171875,-0.2
2024-01-19,463.7283935546875,85.29669952392578,187.3699951171875,-0.24
2024-01-19,469.5092468261719,85.56951904296875,187.92999267578125,-0.24
2024-01-22,469.5092468261719,85.56951904296875,187.92999267578125,-0.26
2024-01-22,470.5019836425781,86.07879638671875,187.22000122070312,-0.26
2024-01-23,470.5019836425781,86.07879638671875,187.22000122070312,-0.17
2024-01-23,471.8742370605469,85.39672088623047,187.9499969482422,-0.17
2024-01-24,471.8742370605469,85.39672088623047,187.9499969482422,-0.16
2024-01-24,472.3900146484375,84.89651489257812,186.39999389648438,-0.16
2024-01-25,472.3900146484375,84.89651489257812,186.39999389648438,-0.14
2024-01-25,474.9593505859375,85.4512939453125,187.13999938964844,-0.14
2024-01-26,474.9593505859375,85.4512939453125,187.13999938964844,-0.19
2024-01-26,474.3559265136719,85.28759002685547,187.00999450683594,-0.19
2024-01-29,474.3559265136719,85.28759002685547,187.00999450683594,-0.21
2024-01-29,478.11248779296875,86.269775390625,188.3300018310547,-0.21
2024-01-30,478.11248779296875,86.269775390625,188.3300018310547,-0.3
2024-01-30,477.7427062988281,87.0519027709961,188.58999633789062,-0.3
2024-01-31,477.7427062988281,87.0519027709961,188.58999633789062,-0.28
2024-01-31,469.9472351074219,87.90679168701172,188.4499969482422,-0.28
2024-02-01,469.9472351074219,87.90679168701172,188.4499969482422,-0.33
2024-02-01,476.0979919433594,89.63115692138672,190.41000366210938,-0.33
2024-02-02,476.0979919433594,89.63115692138672,190.41000366210938,-0.33
2024-02-02,481.1099853515625,87.65130615234375,188.61000061035156,-0.33
2024-02-05,481.1099853515625,87.65130615234375,188.61000061035156,-0.29
2024-02-05,479.3582763671875,85.88133239746094,187.57000732421875,-0.29
2024-02-06,479.3582763671875,85.88133239746094,187.57000732421875,-0.3
2024-02-06,480.74993896484375,86.720703125,188.5500030517578,-0.3
2024-02-07,480.74993896484375,86.720703125,188.5500030517578,-0.32
2024-02-07,484.7596130371094,86.30098724365234,188.5,-0.32
2024-02-08,484.7596130371094,86.30098724365234,188.5,-0.31
2024-02-08,484.9737243652344,85.79920959472656,188.3300018310547,-0.31
2024-02-09,484.9737243652344,85.79920959472656,188.3300018310547,-0.31
2024-02-09,487.77655029296875,85.62586212158203,187.60000610351562,-0.31
2024-02-12,487.77655029296875,85.62586212158203,187.60000610351562,-0.29
2024-02-12,487.5624694824219,85.72622680664062,187.11000061035156,-0.29
2024-02-13,487.5624694824219,85.72622680664062,187.11000061035156,-0.33
2024-02-13,480.8471984863281,84.25731658935547,184.52999877929688,-0.33
2024-02-14,480.8471984863281,84.25731658935547,184.52999877929688,-0.29
2024-02-14,485.2170104980469,84.68611907958984,184.4199981689453,-0.29
2024-02-15,485.2170104980469,84.68611907958984,184.4199981689453,-0.32
2024-02-15,488.5648193359375,85.12406158447266,185.66000366210938,-0.32
2024-02-16,488.5648193359375,85.12406158447266,185.66000366210938,-0.34
2024-02-16,486.1318664550781,84.63138580322266,186.33999633789062,-0.34
2024-02-20,486.1318664550781,84.63138580322266,186.33999633789062,-0.32
2024-02-20,483.45556640625,84.70437622070312,187.47000122070312,-0.32
2024-02-21,483.45556640625,84.70437622070312,187.47000122070312,-0.32
2024-02-21,483.8934020996094,84.10221099853516,187.47999572753906,-0.32
2024-02-22,483.8934020996094,84.10221099853516,187.47999572753906,-0.36
2024-02-22,493.9078369140625,84.51277160644531,187.55999755859375,-0.36
2024-02-23,493.9078369140625,84.51277160644531,187.55999755859375,-0.41
2024-02-23,494.2484436035156,85.64411163330078,188.6199951171875,-0.41
2024-02-26,494.2484436035156,85.64411163330078,188.6199951171875,-0.41
2024-02-26,492.438232421875,85.38862609863281,188.1999969482422,-0.41
2024-02-27,492.438232421875,85.38862609863281,188.1999969482422,-0.39
2024-02-27,493.3531188964844,84.78646850585938,188.0,-0.39
2024-02-28,493.3531188964844,84.78646850585938,188.0,-0.37
2024-02-28,492.7010498046875,85.32477569580078,188.33999633789062,-0.37
2024-02-29,492.7010498046875,85.32477569580078,188.33999633789062,-0.39
2024-02-29,494.4722900390625,85.92693328857422,189.30999755859375,-0.39
2024-03-01,494.4722900390625,85.92693328857422,189.30999755859375,-0.35
2024-03-01,499.114501953125,86.46237182617188,192.88999938964844,-0.35
2024-03-04,499.114501953125,86.46237182617188,192.88999938964844,-0.39
2024-03-04,498.5792541503906,86.11457824707031,196.00999450683594,-0.39
2024-03-05,498.5792541503906,86.11457824707031,196.00999450683594,-0.41
2024-03-05,493.596435546875,87.34098815917969,197.19000244140625,-0.41
2024-03-06,493.596435546875,87.34098815917969,197.19000244140625,-0.44
2024-03-06,496.0975646972656,87.853515625,198.80999755859375,-0.44
2024-03-07,496.0975646972656,87.853515625,198.80999755859375,-0.41
2024-03-07,501.0220642089844,87.77116394042969,199.94000244140625,-0.41
2024-03-08,501.0220642089844,87.77116394042969,199.94000244140625,-0.39
2024-03-08,498.01483154296875,87.61556243896484,201.6300048828125,-0.39
2024-03-11,498.01483154296875,87.61556243896484,201.6300048828125,-0.41
2024-03-11,497.5865783691406,87.56979370117188,202.0,-0.41
2024-03-12,497.5865783691406,87.56979370117188,202.0,-0.42
2024-03-12,502.9393615722656,86.83760833740234,199.7899932861328,-0.42
2024-03-13,502.9393615722656,86.83760833740234,199.7899932861328,-0.42
2024-03-13,502.1509704589844,86.4166030883789,201.19000244140625,-0.42
2024-03-14,502.1509704589844,86.4166030883789,201.19000244140625,-0.39
2024-03-14,501.15826416015625,85.08952331542969,200.35000610351562,-0.39
2024-03-15,501.15826416015625,85.08952331542969,200.35000610351562,-0.41
2024-03-15,497.717041015625,85.06206512451172,199.7100067138672,-0.41
2024-03-18,497.717041015625,85.06206512451172,199.7100067138672,-0.39
2024-03-18,500.6750793457031,84.80580139160156,200.02999877929688,-0.39
2024-03-19,500.6750793457031,84.80580139160156,200.02999877929688,-0.38
2024-03-19,503.4573974609375,85.04375457763672,199.8000030517578,-0.38
2024-03-20,503.4573974609375,85.04375457763672,199.8000030517578,-0.32
2024-03-20,508.114013671875,85.01626586914062,202.17999267578125,-0.32
2024-03-21,508.114013671875,85.01626586914062,202.17999267578125,-0.35
2024-03-21,509.7932434082031,85.1993179321289,201.97000122070312,-0.35
2024-03-22,509.7932434082031,85.1993179321289,201.97000122070312,-0.37
2024-03-22,508.82666015625,86.01388549804688,200.35000610351562,-0.37
2024-03-25,508.82666015625,86.01388549804688,200.35000610351562,-0.29
2024-03-25,507.4209289550781,85.58370971679688,200.99000549316406,-0.29
2024-03-26,507.4209289550781,85.58370971679688,200.99000549316406,-0.32
2024-03-26,506.4836730957031,85.82168579101562,201.63999938964844,-0.32
2024-03-27,506.4836730957031,85.82168579101562,201.63999938964844,-0.34
2024-03-27,510.74017333984375,86.6728515625,203.10000610351562,-0.34
2024-03-28,510.74017333984375,86.6728515625,203.10000610351562,-0.39
2024-03-28,510.6425476074219,86.59966278076172,205.72000122070312,-0.39
2024-04-01,510.6425476074219,86.59966278076172,205.72000122070312,-0.39
2024-04-01,509.75408935546875,84.98534393310547,207.82000732421875,-0.39
2024-04-02,509.75408935546875,84.98534393310547,207.82000732421875,-0.34
2024-04-02,506.5130310058594,84.51702117919922,210.88999938964844,-0.34
2024-04-03,506.5130310058594,84.51702117919922,210.88999938964844,-0.32
2024-04-03,507.06939697265625,84.4986572265625,212.74000549316406,-0.32
2024-04-04,507.06939697265625,84.4986572265625,212.74000549316406,-0.34
2024-04-04,500.8800964355469,85.10470581054688,211.52000427246094,-0.34
2024-04-05,500.8800964355469,85.10470581054688,211.52000427246094,-0.34
2024-04-05,506.11279296875,83.92015075683594,215.13999938964844,-0.34
2024-04-08,506.11279296875,83.92015075683594,215.13999938964844,-0.36
2024-04-08,506.3958740234375,83.91096496582031,216.47999572753906,-0.36
2024-04-09,506.3958740234375,83.91096496582031,216.47999572753906,-0.38
2024-04-09,506.9816589355469,84.69149017333984,217.6699981689453,-0.38
2024-04-10,506.9816589355469,84.69149017333984,217.6699981689453,-0.42
2024-04-10,501.9051513671875,82.84577178955078,215.61000061035156,-0.42
2024-04-11,501.9051513671875,82.84577178955078,215.61000061035156,-0.37
2024-04-11,505.69293212890625,82.46929931640625,219.8000030517578,-0.37
2024-04-12,505.69293212890625,82.46929931640625,219.8000030517578,-0.38
2024-04-12,498.71282958984375,82.9100570678711,216.88999938964844,-0.38
2024-04-15,498.71282958984375,82.9100570678711,216.88999938964844,-0.3
2024-04-15,492.46490478515625,81.6244888305664,220.9499969482422,-0.3
2024-04-16,492.46490478515625,81.6244888305664,220.9499969482422,-0.3
2024-04-16,491.5667724609375,81.0827407836914,221.22000122070312,-0.3
2024-04-17,491.5667724609375,81.0827407836914,221.22000122070312,-0.34
2024-04-17,488.6575622558594,81.98262023925781,219.58999633789062,-0.34
2024-04-18,488.6575622558594,81.98262023925781,219.58999633789062,-0.34
2024-04-18,487.6520080566406,81.56940460205078,220.33999633789062,-0.34
2024-04-19,487.6520080566406,81.56940460205078,220.33999633789062,-0.35
2024-04-19,483.3955993652344,81.86325073242188,221.02999877929688,-0.35
2024-04-22,483.3955993652344,81.86325073242188,221.02999877929688,-0.35
2024-04-22,487.8472900390625,81.72549438476562,215.57000732421875,-0.35
2024-04-23,487.8472900390625,81.72549438476562,215.57000732421875,-0.25
2024-04-23,493.6363830566406,81.75305938720703,215.0399932861328,-0.25
2024-04-24,493.6363830566406,81.75305938720703,215.0399932861328,-0.24
2024-04-24,493.402099609375,81.17454528808594,214.63999938964844,-0.24
2024-04-25,493.402099609375,81.17454528808594,214.63999938964844,-0.26
2024-04-25,491.5277099609375,80.605224609375,215.9199981689453,-0.26
2024-04-26,491.5277099609375,80.605224609375,215.9199981689453,-0.29
2024-04-26,496.18438720703125,81.02762603759766,216.6199951171875,-0.29
2024-04-29,496.18438720703125,81.02762603759766,216.6199951171875,-0.34
2024-04-29,497.94158935546875,81.7071304321289,216.17999267578125,-0.34
2024-04-30,497.94158935546875,81.7071304321289,216.17999267578125,-0.35
2024-04-30,490.0536193847656,81.00923919677734,211.8699951171875,-0.35
2024-05-01,490.0536193847656,81.00923919677734,211.8699951171875,-0.33
2024-05-01,488.4623718261719,81.60637664794922,213.7899932861328,-0.33
2024-05-02,488.4623718261719,81.60637664794922,213.7899932861328,-0.29
2024-05-02,493.0310974121094,81.95653533935547,213.1300048828125,-0.29
2024-05-03,493.0310974121094,81.95653533935547,213.1300048828125,-0.31
2024-05-03,499.14239501953125,82.78587341308594,212.9600067138672,-0.31
2024-05-06,499.14239501953125,82.78587341308594,212.9600067138672,-0.33
2024-05-06,504.2969665527344,83.1083755493164,215.1999969482422,-0.33
2024-05-07,504.2969665527344,83.1083755493164,215.1999969482422,-0.35
2024-05-07,504.8534240722656,83.61518859863281,214.2100067138672,-0.35
2024-05-08,504.8534240722656,83.61518859863281,214.2100067138672,-0.36
2024-05-08,504.9021911621094,83.1083755493164,213.5800018310547,-0.36
2024-05-09,504.9021911621094,83.1083755493164,213.5800018310547,-0.35
2024-05-09,507.8114318847656,83.51382446289062,216.9499969482422,-0.35
2024-05-10,507.8114318847656,83.51382446289062,216.9499969482422,-0.37
2024-05-10,508.465576171875,83.04388427734375,218.7100067138672,-0.37
2024-05-13,508.465576171875,83.04388427734375,218.7100067138672,-0.37
2024-05-13,508.53375244140625,83.25582122802734,216.25999450683594,-0.37
2024-05-14,508.53375244140625,83.25582122802734,216.25999450683594,-0.36
2024-05-14,510.8669738769531,83.72578430175781,218.08999633789062,-0.36
2024-05-15,510.8669738769531,83.72578430175781,218.08999633789062,-0.37
2024-05-15,517.193115234375,84.86841583251953,220.88999938964844,-0.37
2024-05-16,517.193115234375,84.86841583251953,220.88999938964844,-0.4
2024-05-16,516.1290283203125,84.78548431396484,220.02999877929688,-0.4
2024-05-17,516.1290283203125,84.78548431396484,220.02999877929688,-0.41
2024-05-17,516.8709716796875,84.21416473388672,223.66000366210938,-0.41
2024-05-20,516.8709716796875,84.21416473388672,223.66000366210938,-0.38
2024-05-20,517.4664306640625,83.96538543701172,224.55999755859375,-0.38
2024-05-21,517.4664306640625,83.96538543701172,224.55999755859375,-0.41
2024-05-21,518.7354125976562,84.39844512939453,224.22999572753906,-0.41
2024-05-22,518.7354125976562,84.39844512939453,224.22999572753906,-0.43
2024-05-22,517.2418212890625,84.49981689453125,220.11000061035156,-0.43
2024-05-23,517.2418212890625,84.49981689453125,220.11000061035156,-0.44
2024-05-23,513.4638061523438,83.95616149902344,215.72000122070312,-0.44
2024-05-24,513.4638061523438,83.95616149902344,215.72000122070312,-0.47
2024-05-24,516.8611450195312,84.20494842529297,215.9199981689453,-0.47
2024-05-28,516.8611450195312,84.20494842529297,215.9199981689453,-0.4
2024-05-28,517.2222900390625,82.997802734375,218.19000244140625,-0.4
2024-05-29,517.2222900390625,82.997802734375,218.19000244140625,-0.35
2024-05-29,513.6005249023438,81.99340057373047,216.16000366210938,-0.35
2024-05-30,513.6005249023438,81.99340057373047,216.16000366210938,-0.37
2024-05-30,510.1933898925781,82.78587341308594,216.57000732421875,-0.37
2024-05-31,510.1933898925781,82.78587341308594,216.57000732421875,-0.38
2024-05-31,514.8402709960938,83.34796142578125,215.3000030517578,-0.38
2024-06-03,514.8402709960938,83.34796142578125,215.3000030517578,-0.41
2024-06-03,515.2601318359375,84.69606018066406,217.22000122070312,-0.41
2024-06-04,515.2601318359375,84.69606018066406,217.22000122070312,-0.44
2024-06-04,515.8360595703125,85.68543243408203,215.27000427246094,-0.44
2024-06-05,515.8360595703125,85.68543243408203,215.27000427246094,-0.43
2024-06-05,521.9669189453125,86.31419372558594,217.82000732421875,-0.43
2024-06-06,521.9669189453125,86.31419372558594,217.82000732421875,-0.44
2024-06-06,521.9571533203125,86.18474578857422,219.42999267578125,-0.44
2024-06-07,521.9571533203125,86.18474578857422,219.42999267578125,-0.44
2024-06-07,521.3225708007812,84.60359954833984,211.60000610351562,-0.44
2024-06-10,521.3225708007812,84.60359954833984,211.60000610351562,-0.4
2024-06-10,522.9334106445312,84.03961181640625,213.5399932861328,-0.4
2024-06-11,522.9334106445312,84.03961181640625,213.5399932861328,-0.42
2024-06-11,524.1927490234375,84.90874481201172,214.14999389648438,-0.42
2024-06-12,524.1927490234375,84.90874481201172,214.14999389648438,-0.44
2024-06-12,528.4979248046875,85.54674530029297,214.72000122070312,-0.44
2024-06-13,528.4979248046875,85.54674530029297,214.72000122070312,-0.44
2024-06-13,529.5621337890625,86.8042221069336,212.97000122070312,-0.44
2024-06-14,529.5621337890625,86.8042221069336,212.97000122070312,-0.47
2024-06-14,529.8842163085938,87.53469848632812,215.72999572753906,-0.47
2024-06-17,529.8842163085938,87.53469848632812,215.72999572753906,-0.47
2024-06-17,534.1015625,86.6655502319336,214.61000061035156,-0.47
2024-06-18,534.1015625,86.6655502319336,214.61000061035156,-0.47
2024-06-18,535.4585571289062,87.46070861816406,215.47000122070312,-0.47
2024-06-20,535.4585571289062,87.46070861816406,215.47000122070312,-0.45
2024-06-20,534.00390625,86.8781967163086,218.16000366210938,-0.45
2024-06-21,534.00390625,86.8781967163086,218.16000366210938,-0.45
2024-06-21,533.2879638671875,86.8781967163086,214.77999877929688,-0.45
2024-06-24,533.2879638671875,86.8781967163086,214.77999877929688,-0.46
2024-06-24,531.5545043945312,87.22956848144531,215.6300048828125,-0.46
2024-06-25,531.5545043945312,87.22956848144531,215.6300048828125,-0.42
2024-06-25,533.6014404296875,87.37750244140625,214.55999755859375,-0.42
2024-06-26,533.6014404296875,87.37750244140625,214.55999755859375,-0.39
2024-06-26,534.267333984375,86.12925720214844,212.5800018310547,-0.39
2024-06-27,534.267333984375,86.12925720214844,212.5800018310547,-0.41
2024-06-27,535.1097412109375,86.47138214111328,214.99000549316406,-0.41
2024-06-28,535.1097412109375,86.47138214111328,214.99000549316406,-0.35
2024-06-28,533.0039672851562,84.8625259399414,215.00999450683594,-0.35
2024-07-01,533.0039672851562,84.8625259399414,215.00999450683594,-0.29
2024-07-01,534.1010131835938,83.39789581298828,215.57000732421875,-0.29
2024-07-02,534.1010131835938,83.39789581298828,215.57000732421875,-0.31
2024-07-02,537.6953125,84.04720306396484,215.55999755859375,-0.31
2024-07-03,537.6953125,84.04720306396484,215.55999755859375,-0.35
2024-07-03,540.0948486328125,85.1509780883789,217.99000549316406,-0.35
2024-07-05,540.0948486328125,85.1509780883789,217.99000549316406,-0.32
2024-07-05,543.2092895507812,85.85592651367188,220.92999267578125,-0.32
2024-07-08,543.2092895507812,85.85592651367188,220.92999267578125,-0.34
2024-07-08,543.8361206054688,86.04146575927734,218.19000244140625,-0.34
2024-07-09,543.8361206054688,86.04146575927734,218.19000244140625,-0.32
2024-07-09,544.3649291992188,85.6611557006836,218.55999755859375,-0.32
2024-07-10,544.3649291992188,85.6611557006836,218.55999755859375,-0.34
2024-07-10,549.7515258789062,85.93013763427734,219.36000061035156,-0.34
2024-07-11,549.7515258789062,85.93013763427734,219.36000061035156,-0.3
2024-07-11,545.0112915039062,86.76496124267578,223.25,-0.3
2024-07-12,545.0112915039062,86.76496124267578,223.25,-0.27
2024-07-12,548.4490356445312,87.13597869873047,223.11000061035156,-0.27
2024-07-15,548.4490356445312,87.13597869873047,223.11000061035156,-0.21
2024-07-15,549.9573364257812,86.13423156738281,223.8300018310547,-0.21
2024-07-16,549.9573364257812,86.13423156738281,223.8300018310547,-0.26
2024-07-16,553.2186279296875,87.34932708740234,228.2899932861328,-0.26
2024-07-17,553.2186279296875,87.34932708740234,228.2899932861328,-0.26
2024-07-17,545.4618530273438,87.36788940429688,227.22999572753906,-0.26
2024-07-18,545.4618530273438,87.36788940429688,227.22999572753906,-0.26
2024-07-18,541.2700805664062,86.70003509521484,225.77999877929688,-0.26
2024-07-19,541.2700805664062,86.70003509521484,225.77999877929688,-0.24
2024-07-19,537.6757202148438,86.18987274169922,221.72999572753906,-0.24
2024-07-22,537.6757202148438,86.18987274169922,221.72999572753906,-0.24
2024-07-22,543.2191162109375,85.93941497802734,221.8000030517578,-0.24
2024-07-23,543.2191162109375,85.93941497802734,221.8000030517578,-0.15
2024-07-23,542.3670654296875,85.81884002685547,222.5800018310547,-0.15
2024-07-24,542.3670654296875,85.81884002685547,222.5800018310547,-0.09
2024-07-24,530.0756225585938,84.89125061035156,221.8000030517578,-0.09
2024-07-25,530.0756225585938,84.89125061035156,221.8000030517578,-0.14
2024-07-25,527.3136596679688,85.58692932128906,218.3300018310547,-0.14
2024-07-26,527.3136596679688,85.58692932128906,218.3300018310547,-0.16
2024-07-26,533.2195434570312,86.25480651855469,220.6300048828125,-0.16
2024-07-29,533.2195434570312,86.25480651855469,220.6300048828125,-0.19
2024-07-29,533.5328369140625,86.71856689453125,220.32000732421875,-0.19
2024-07-30,533.5328369140625,86.71856689453125,220.32000732421875,-0.2
2024-07-30,530.8297119140625,87.052490234375,222.52000427246094,-0.2
2024-07-31,530.8297119140625,87.052490234375,222.52000427246094,-0.2
2024-07-31,539.4581909179688,87.94296264648438,226.5500030517578,-0.2
2024-08-01,539.4581909179688,87.94296264648438,226.5500030517578,-0.17
2024-08-01,531.8190307617188,88.70146179199219,225.77000427246094,-0.17
2024-08-02,531.8190307617188,88.70146179199219,225.77000427246094,-0.08
2024-08-02,521.9173583984375,91.46553802490234,225.33999633789062,-0.08
2024-08-05,521.9173583984375,91.46553802490234,225.33999633789062,-0.11
2024-08-05,506.71722412109375,91.9494857788086,222.47999572753906,-0.11
2024-08-06,506.71722412109375,91.9494857788086,222.47999572753906,-0.09
2024-08-06,511.38897705078125,89.8927230834961,220.6999969482422,-0.09
2024-08-07,511.38897705078125,89.8927230834961,220.6999969482422,-0.04
2024-08-07,507.97076416015625,89.25987243652344,220.5500030517578,-0.04
2024-08-08,507.97076416015625,89.25987243652344,220.5500030517578,-0.05
2024-08-08,519.7136840820312,88.71076202392578,224.00999450683594,-0.05
2024-08-09,519.7136840820312,88.71076202392578,224.00999450683594,-0.11
2024-08-09,522.00537109375,89.58560180664062,224.55999755859375,-0.11
2024-08-12,522.00537109375,89.58560180664062,224.55999755859375,-0.11
2024-08-12,522.2797241210938,89.91132354736328,228.41000366210938,-0.11
2024-08-13,522.2797241210938,89.91132354736328,228.41000366210938,-0.08
2024-08-13,530.8687744140625,90.53485870361328,228.05999755859375,-0.08
2024-08-14,530.8687744140625,90.53485870361328,228.05999755859375,-0.11
2024-08-14,532.5436401367188,91.1025619506836,226.1999969482422,-0.11
2024-08-15,532.5436401367188,91.1025619506836,226.1999969482422,-0.16
2024-08-15,541.671630859375,90.36734008789062,226.91000366210938,-0.16
2024-08-16,541.671630859375,90.36734008789062,226.91000366210938,-0.17
2024-08-16,542.8861083984375,90.68378448486328,231.99000549316406,-0.17
2024-08-19,542.8861083984375,90.68378448486328,231.99000549316406,-0.2
2024-08-19,548.07666015625,91.1025619506836,231.61000061035156,-0.2
2024-08-20,548.07666015625,91.1025619506836,231.61000061035156,-0.17
2024-08-20,547.1856079101562,91.82850646972656,232.4600067138672,-0.17
2024-08-21,547.1856079101562,91.82850646972656,232.4600067138672,-0.13
2024-08-21,549.0659790039062,91.88433837890625,232.14999389648438,-0.13
2024-08-22,549.0659790039062,91.88433837890625,232.14999389648438,-0.13
2024-08-22,544.7567138671875,90.9722671508789,229.3699951171875,-0.13
2024-08-23,544.7567138671875,90.9722671508789,229.3699951171875,-0.09
2024-08-23,550.544921875,91.56790924072266,232.02000427246094,-0.09
2024-08-26,550.544921875,91.56790924072266,232.02000427246094,-0.09
2024-08-26,549.2324829101562,91.33525085449219,232.75999450683594,-0.09
2024-08-27,549.2324829101562,91.33525085449219,232.75999450683594,0.0
2024-08-27,549.9866333007812,91.17701721191406,233.38999938964844,0.0
2024-08-28,549.9866333007812,91.17701721191406,233.38999938964844,0.01
2024-08-28,546.7938232421875,91.06536102294922,231.75,0.01
2024-08-29,546.7938232421875,91.06536102294922,231.75,0.0
2024-08-29,546.8428344726562,90.76753234863281,232.9499969482422,0.0
2024-08-30,546.8428344726562,90.76753234863281,232.9499969482422,0.0
2024-08-30,552.06298828125,89.7996597290039,231.2899932861328,0.0
2024-09-03,552.06298828125,89.7996597290039,231.2899932861328,-0.04
2024-09-03,540.7020263671875,91.26834106445312,230.2899932861328,-0.04
2024-09-04,540.7020263671875,91.26834106445312,230.2899932861328,0.01
2024-09-04,539.5953369140625,92.44478607177734,230.42999267578125,0.01
2024-09-05,539.5953369140625,92.44478607177734,230.42999267578125,-0.02
2024-09-05,538.282958984375,92.9676513671875,232.35000610351562,-0.02
2024-09-06,538.282958984375,92.9676513671875,232.35000610351562,0.06
2024-09-06,529.2235717773438,92.95832061767578,230.6300048828125,0.06
2024-09-09,529.2235717773438,92.95832061767578,230.6300048828125,0.02
2024-09-09,535.1488647460938,93.35981750488281,231.60000610351562,0.02
2024-09-10,535.1488647460938,93.35981750488281,231.60000610351562,0.06
2024-09-10,537.4798583984375,94.01338958740234,232.6199951171875,0.06
2024-09-11,537.4798583984375,94.01338958740234,232.6199951171875,0.03
2024-09-11,542.9937744140625,93.938720703125,232.25,0.03
2024-09-12,542.9937744140625,93.938720703125,232.25,0.04
2024-09-12,547.5675659179688,93.49987030029297,236.3300018310547,0.04
2024-09-13,547.5675659179688,93.49987030029297,236.3300018310547,0.09
2024-09-13,550.4273681640625,93.75196838378906,238.67999267578125,0.09
2024-09-16,550.4273681640625,93.75196838378906,238.67999267578125,0.07
2024-09-16,551.2402954101562,94.61097717285156,238.66000366210938,0.07
2024-09-17,551.2402954101562,94.61097717285156,238.66000366210938,0.06
2024-09-17,551.4655151367188,94.15345001220703,237.33999633789062,0.06
2024-09-18,551.4655151367188,94.15345001220703,237.33999633789062,0.09
2024-09-18,549.8299560546875,92.98633575439453,235.50999450683594,0.09
2024-09-19,549.8299560546875,92.98633575439453,235.50999450683594,0.14
2024-09-19,559.2124633789062,92.67820739746094,239.1699981689453,0.14
2024-09-20,559.2124633789062,92.67820739746094,239.1699981689453,0.18
2024-09-20,558.2457275390625,92.32342529296875,242.2100067138672,0.18
2024-09-23,558.2457275390625,92.32342529296875,242.2100067138672,0.18
2024-09-23,559.6408081054688,92.12734985351562,242.67999267578125,0.18
2024-09-24,559.6408081054688,92.12734985351562,242.67999267578125,0.25
2024-09-24,561.2421264648438,92.1086654663086,246.07000732421875,0.25
2024-09-25,561.2421264648438,92.1086654663086,246.07000732421875,0.26
2024-09-25,560.0042724609375,91.34303283691406,245.72999572753906,0.26
2024-09-26,560.0042724609375,91.34303283691406,245.72999572753906,0.19
2024-09-26,562.2244873046875,91.55778503417969,246.97999572753906,0.19
2024-09-27,562.2244873046875,91.55778503417969,246.97999572753906,0.2
2024-09-27,561.4091186523438,92.03397369384766,245.02000427246094,0.2
2024-09-30,561.4091186523438,92.03397369384766,245.02000427246094,0.15
2024-09-30,563.6588134765625,91.59514617919922,243.05999755859375,0.15
2024-10-01,563.6588134765625,91.59514617919922,243.05999755859375,0.13
2024-10-01,558.6093139648438,92.2564468383789,245.61000061035156,0.13
2024-10-02,558.6093139648438,92.2564468383789,245.61000061035156,0.16
2024-10-02,558.8451538085938,91.47900390625,245.66000366210938,0.16
2024-10-03,558.8451538085938,91.47900390625,245.66000366210938,0.15
2024-10-03,557.8233642578125,90.6172103881836,245.49000549316406,0.15
2024-10-04,557.8233642578125,90.6172103881836,245.49000549316406,0.05
2024-10-04,562.8925170898438,89.50252532958984,245.0,0.05
2024-10-07,562.8925170898438,89.50252532958984,245.0,0.04
2024-10-07,557.8036499023438,88.82811737060547,244.1699981689453,0.04
2024-10-08,557.8036499023438,88.82811737060547,244.1699981689453,0.06
2024-10-08,563.0791625976562,88.97797393798828,242.3699951171875,0.06
2024-10-09,563.0791625976562,88.97797393798828,242.3699951171875,0.07
2024-10-09,566.9793701171875,88.47216033935547,241.0500030517578,0.07
2024-10-10,566.9793701171875,88.47216033935547,241.0500030517578,0.11
2024-10-10,565.9871215820312,88.12554931640625,242.82000732421875,0.11
2024-10-11,565.9871215820312,88.12554931640625,242.82000732421875,0.13
2024-10-11,569.3763427734375,87.7696304321289,245.47000122070312,0.13
2024-10-14,574.032958984375,87.8351821899414,245.07000732421875,0.13
2024-10-15,574.032958984375,87.8351821899414,245.07000732421875,0.08
2024-10-15,569.5728759765625,88.90303802490234,245.9199981689453,0.08
2024-10-16,569.5728759765625,88.90303802490234,245.9199981689453,0.09
2024-10-16,572.0484619140625,89.27772521972656,247.14999389648438,0.09
2024-10-17,572.0484619140625,89.27772521972656,247.14999389648438,0.13
2024-10-17,572.0975952148438,87.8633041381836,248.6300048828125,0.13
2024-10-18,572.0975952148438,87.8633041381836,248.6300048828125,0.13
2024-10-18,574.2982177734375,87.9288558959961,251.27000427246094,0.13
2024-10-21,574.2982177734375,87.9288558959961,251.27000427246094,0.17
2024-10-21,573.3551025390625,86.39266967773438,251.22000122070312,0.17
2024-10-22,573.3551025390625,86.39266967773438,251.22000122070312,0.17
2024-10-22,573.0505981445312,86.47695922851562,253.92999267578125,0.17
2024-10-23,573.0505981445312,86.47695922851562,253.92999267578125,0.17
2024-10-23,567.8142700195312,86.24278259277344,250.8699951171875,0.17
2024-10-24,567.8142700195312,86.24278259277344,250.8699951171875,0.14
2024-10-24,569.0422973632812,86.79544830322266,252.8000030517578,0.14
2024-10-25,569.0422973632812,86.79544830322266,252.8000030517578,0.14
2024-10-25,568.8458251953125,86.30835723876953,253.32000732421875,0.14
2024-10-28,568.8458251953125,86.30835723876953,253.32000732421875,0.16
2024-10-28,570.6043701171875,86.07418060302734,253.3300018310547,0.16
2024-10-29,570.6043701171875,86.07418060302734,253.3300018310547,0.17
2024-10-29,571.5277709960938,86.205322265625,256.0899963378906,0.17
2024-10-30,571.5277709960938,86.205322265625,256.0899963378906,0.14
2024-10-30,569.7987670898438,86.45823669433594,257.5,0.14
2024-10-31,569.7987670898438,86.45823669433594,257.5,0.12
2024-10-31,558.6289672851562,86.5987319946289,253.50999450683594,0.12
2024-11-01,558.6289672851562,86.5987319946289,253.50999450683594,0.16
2024-11-01,560.9866943359375,85.37783813476562,252.47000122070312,0.16
2024-11-04,560.9866943359375,85.37783813476562,252.47000122070312,0.14
2024-11-04,559.7783813476562,86.70306396484375,252.8300018310547,0.14
2024-11-05,559.7783813476562,86.70306396484375,252.8300018310547,0.07
2024-11-05,566.5469970703125,87.1635971069336,253.39999389648438,0.07
2024-11-06,566.5469970703125,87.1635971069336,253.39999389648438,0.15
2024-11-06,580.6346435546875,84.77631378173828,245.6999969482422,0.15
2024-11-07,580.6346435546875,84.77631378173828,245.6999969482422,0.1
2024-11-07,585.1241455078125,85.83836364746094,249.64999389648438,0.1
2024-11-08,585.1241455078125,85.83836364746094,249.64999389648438,0.04
2024-11-08,587.6587524414062,86.92862701416016,247.9600067138672,0.04
2024-11-11,588.2186889648438,86.50569915771484,242.13999938964844,0.04
2024-11-12,588.2186889648438,86.50569915771484,242.13999938964844,0.09
2024-11-12,586.3914794921875,85.20867919921875,240.0500030517578,0.09
2024-11-13,586.3914794921875,85.20867919921875,240.0500030517578,0.17
2024-11-13,586.67626953125,84.40040588378906,237.6300048828125,0.17
2024-11-14,586.67626953125,84.40040588378906,237.6300048828125,0.09
2024-11-14,582.9039306640625,84.88909912109375,237.00999450683594,0.09
2024-11-15,582.9039306640625,84.88909912109375,237.00999450683594,0.12
2024-11-15,575.437744140625,84.66354370117188,236.58999633789062,0.12
2024-11-18,575.437744140625,84.66354370117188,236.58999633789062,0.13
2024-11-18,577.7955932617188,84.81389617919922,241.08999633789062,0.13
2024-11-19,577.7955932617188,84.81389617919922,241.08999633789062,0.12
2024-11-19,579.9076538085938,85.24626159667969,243.25,0.12
2024-11-20,579.9076538085938,85.24626159667969,243.25,0.1
2024-11-20,580.1040649414062,84.97368621826172,244.6199951171875,0.1
2024-11-21,580.1040649414062,84.97368621826172,244.6199951171875,0.09
2024-11-21,583.21826171875,84.90789031982422,246.66000366210938,0.09
2024-11-22,583.21826171875,84.90789031982422,246.66000366210938,0.04
2024-11-22,585.0259399414062,84.95488739013672,249.83999633789062,0.04
2024-11-25,585.0259399414062,84.95488739013672,249.83999633789062,0.06
2024-11-25,587.0103759765625,87.1541976928711,242.47999572753906,0.06
2024-11-26,587.0103759765625,87.1541976928711,242.47999572753906,0.09
2024-11-26,590.075439453125,86.81585693359375,242.9499969482422,0.09
2024-11-27,590.075439453125,86.81585693359375,242.9499969482422,0.06
2024-11-27,588.2874755859375,87.4173583984375,243.49000549316406,0.06
2024-11-29,588.2874755859375,87.4173583984375,243.49000549316406,0.05
2024-11-29,591.9420166015625,88.31963348388672,245.58999633789062,0.05
2024-12-02,591.9420166015625,88.31963348388672,245.58999633789062,0.02
2024-12-02,593.0029296875,88.5318374633789,243.44000244140625,0.02
2024-12-03,593.0029296875,88.5318374633789,243.44000244140625,0.06
2024-12-03,593.2780151367188,87.76789093017578,243.92999267578125,0.06
2024-12-04,593.2780151367188,87.76789093017578,243.92999267578125,0.06
2024-12-04,596.9620361328125,88.7110366821289,244.6699981689453,0.06
2024-12-05,596.9620361328125,88.7110366821289,244.6699981689453,0.02
2024-12-05,595.9795532226562,88.8902359008789,242.86000061035156,0.02
2024-12-06,595.9795532226562,88.8902359008789,242.86000061035156,0.05
2024-12-06,597.109375,89.02227020263672,242.9499969482422,0.05
2024-12-09,597.109375,89.02227020263672,242.9499969482422,0.07
2024-12-09,594.0344848632812,88.20173645019531,245.36000061035156,0.07
2024-12-10,594.0344848632812,88.20173645019531,245.36000061035156,0.07
2024-12-10,592.1875610351562,87.78677368164062,248.58999633789062,0.07
2024-12-11,592.1875610351562,87.78677368164062,248.58999633789062,0.11
2024-12-11,596.7655639648438,86.95681762695312,250.9600067138672,0.11
2024-12-12,596.7655639648438,86.95681762695312,250.9600067138672,0.14
2024-12-12,593.690673828125,85.90050506591797,247.27999877929688,0.14
2024-12-13,593.690673828125,85.90050506591797,247.27999877929688,0.15
2024-12-13,593.57275390625,85.02340698242188,244.2899932861328,0.15
2024-12-16,593.57275390625,85.02340698242188,244.2899932861328,0.14
2024-12-16,596.1072998046875,85.27802276611328,244.8800048828125,0.14
2024-12-17,596.1072998046875,85.27802276611328,244.8800048828125,0.15
2024-12-17,593.6513671875,85.48552703857422,243.94000244140625,0.15
2024-12-18,593.6513671875,85.48552703857422,243.94000244140625,0.15
2024-12-18,575.95849609375,84.41659545898438,239.25999450683594,0.15
2024-12-19,575.95849609375,84.41659545898438,239.25999450683594,0.25
2024-12-19,575.7816162109375,83.1384048461914,239.60000610351562,0.25
2024-12-20,575.7816162109375,83.1384048461914,239.60000610351562,0.22
2024-12-20,582.6973266601562,83.61180877685547,242.10000610351562,0.22
2024-12-23,582.6973266601562,83.61180877685547,242.10000610351562,0.29
2024-12-23,586.1866455078125,82.84489440917969,240.9600067138672,0.29
2024-12-24,586.1866455078125,82.84489440917969,240.9600067138672,0.3
2024-12-24,592.7021484375,83.19519805908203,241.44000244140625,0.3
2024-12-26,592.7021484375,83.19519805908203,241.44000244140625,0.28
2024-12-26,592.7415771484375,83.14787292480469,243.07000732421875,0.28
2024-12-27,592.7415771484375,83.14787292480469,243.07000732421875,0.31
2024-12-27,586.5020751953125,82.46619415283203,241.39999389648438,0.31
2024-12-30,586.5020751953125,82.46619415283203,241.39999389648438,0.31
2024-12-30,579.80908203125,83.12893676757812,240.6300048828125,0.31
2024-12-31,579.80908203125,83.12893676757812,240.6300048828125,0.33
2024-12-31,577.6997680664062,82.68394470214844,242.1300048828125,0.33
2025-01-02,577.6997680664062,82.68394470214844,242.1300048828125,0.32
2025-01-02,576.2803344726562,82.91117095947266,245.4199981689453,0.32
2025-01-03,576.2803344726562,82.91117095947266,245.4199981689453,0.32
2025-01-03,583.48583984375,82.64608001708984,243.49000549316406,0.32
2025-01-06,583.48583984375,82.64608001708984,243.49000549316406,0.34
2025-01-06,586.8471069335938,82.27681732177734,243.19000244140625,0.34
2025-01-07,586.8471069335938,82.27681732177734,243.19000244140625,0.37
2025-01-07,580.2133178710938,81.34896087646484,244.55999755859375,0.37
2025-01-08,580.2133178710938,81.34896087646484,244.55999755859375,0.39
2025-01-08,581.0609741210938,81.45311737060547,245.86000061035156,0.39
2025-01-09,581.0609741210938,81.45311737060547,245.86000061035156,0.41
2025-01-10,581.0609741210938,81.45311737060547,245.86000061035156,0.37
2025-01-10,572.1895751953125,80.91343688964844,248.2100067138672,0.37
2025-01-13,572.1895751953125,80.91343688964844,248.2100067138672,0.39
2025-01-13,573.0768432617188,80.88502502441406,245.74000549316406,0.39
2025-01-14,573.0768432617188,80.88502502441406,245.74000549316406,0.41
2025-01-14,573.8652954101562,80.75247955322266,247.02999877929688,0.41
2025-01-15,573.8652954101562,80.75247955322266,247.02999877929688,0.39
2025-01-15,584.3038940429688,82.1442642211914,248.8800048828125,0.39
2025-01-16,584.3038940429688,82.1442642211914,248.8800048828125,0.38
2025-01-16,583.1802978515625,82.40937805175781,250.60000610351562,0.38
2025-01-17,583.1802978515625,82.40937805175781,250.60000610351562,0.34
2025-01-17,589.035400390625,82.55140686035156,249.27000427246094,0.34
2025-01-21,589.035400390625,82.55140686035156,249.27000427246094,0.28
2025-01-21,594.427001953125,83.28988647460938,253.1300048828125,0.28
2025-01-22,594.427001953125,83.28988647460938,253.1300048828125,0.31
2025-01-22,597.7686157226562,82.85435485839844,254.42999267578125,0.31
2025-01-23,597.7686157226562,82.85435485839844,254.42999267578125,0.36
2025-01-23,601.0313110351562,82.21055603027344,254.07000732421875,0.36
2025-01-24,601.0313110351562,82.21055603027344,254.07000732421875,0.36
2025-01-24,599.2766723632812,82.57979583740234,255.64999389648438,0.36
2025-01-27,599.2766723632812,82.57979583740234,255.64999389648438,0.36
2025-01-27,590.7997436523438,83.55500793457031,252.99000549316406,0.36
2025-01-28,590.7997436523438,83.55500793457031,252.99000549316406,0.36
2025-01-28,595.8761596679688,83.49818420410156,255.17999267578125,0.36
2025-01-29,595.8761596679688,83.49818420410156,255.17999267578125,0.34
2025-01-29,593.2047729492188,83.32776641845703,254.1999969482422,0.34
2025-01-30,593.2047729492188,83.32776641845703,254.1999969482422,0.34
2025-01-30,596.3886108398438,83.64021301269531,258.04998779296875,0.34
2025-01-31,596.3886108398438,83.64021301269531,258.04998779296875,0.36
2025-01-31,593.2147216796875,83.09107208251953,258.55999755859375,0.36
2025-02-03,593.2147216796875,83.09107208251953,258.55999755859375,0.28
2025-02-03,589.2225341796875,83.76759338378906,259.94000244140625,0.28
2025-02-04,589.2225341796875,83.76759338378906,259.94000244140625,0.31
2025-02-04,593.1752319335938,84.0241470336914,262.5,0.31
2025-02-05,593.1752319335938,84.0241470336914,262.5,0.26
2025-02-05,595.580322265625,85.4113998413086,264.1300048828125,0.26
2025-02-06,595.580322265625,85.4113998413086,264.1300048828125,0.24
2025-02-06,597.650390625,85.37338256835938,263.42999267578125,0.24
2025-02-07,597.650390625,85.37338256835938,263.42999267578125,0.2
2025-02-07,592.1798095703125,84.82230377197266,263.8999938964844,0.2
2025-02-10,592.1798095703125,84.82230377197266,263.8999938964844,0.23
2025-02-10,596.2013549804688,84.56575775146484,268.3699951171875,0.23
2025-02-11,596.2013549804688,84.56575775146484,268.3699951171875,0.25
2025-02-11,596.65478515625,84.0241470336914,267.3900146484375,0.25
2025-02-12,596.65478515625,84.0241470336914,267.3900146484375,0.26
2025-02-12,594.732666015625,82.88394165039062,267.6700134277344,0.26
2025-02-13,594.732666015625,82.88394165039062,267.6700134277344,0.21
2025-02-13,601.0115356445312,84.2616958618164,270.30999755859375,0.21
2025-02-14,601.0115356445312,84.2616958618164,270.30999755859375,0.21
2025-02-14,600.9819946289062,84.70826721191406,266.2900085449219,0.21
2025-02-18,600.9819946289062,84.70826721191406,266.2900085449219,0.26
2025-02-18,602.746337890625,83.71058654785156,270.70001220703125,0.26
2025-02-19,602.746337890625,83.71058654785156,270.70001220703125,0.25
2025-02-19,604.1658935546875,83.81510925292969,270.8500061035156,0.25
2025-02-20,604.1658935546875,83.81510925292969,270.8500061035156,0.22
2025-02-20,601.6522827148438,84.12864685058594,270.989990234375,0.22
2025-02-21,601.6522827148438,84.12864685058594,270.989990234375,0.23
2025-02-21,591.361572265625,85.14537048339844,270.739990234375,0.23
2025-02-24,591.361572265625,85.14537048339844,270.739990234375,0.27
2025-02-24,588.670654296875,85.39241027832031,272.2099914550781,0.27
2025-02-25,588.670654296875,85.39241027832031,272.2099914550781,0.23
2025-02-25,585.7431030273438,86.86516571044922,268.6199951171875,0.23
2025-02-26,585.7431030273438,86.86516571044922,268.6199951171875,0.2
2025-02-26,586.0386962890625,87.3782730102539,269.0299987792969,0.2
2025-02-27,586.0386962890625,87.3782730102539,269.0299987792969,0.22
2025-02-27,576.6843872070312,86.76065063476562,264.92999267578125,0.22
2025-02-28,576.6843872070312,86.76065063476562,264.92999267578125,0.25
2025-02-28,585.6840209960938,87.8248519897461,263.2699890136719,0.25
2025-03-03,585.6840209960938,87.8248519897461,263.2699890136719,0.2
2025-03-03,575.4227905273438,88.23471069335938,266.739990234375,0.2
2025-03-04,575.4227905273438,88.23471069335938,266.739990234375,0.26
2025-03-04,568.6116333007812,87.14810180664062,269.05999755859375,0.26
2025-03-05,568.6116333007812,87.14810180664062,269.05999755859375,0.29
2025-03-05,574.722900390625,86.45230102539062,269.6199951171875,0.29
2025-03-06,574.722900390625,86.45230102539062,269.6199951171875,0.33
2025-03-06,564.5209350585938,86.16635131835938,268.25,0.33
2025-03-07,564.5209350585938,86.16635131835938,268.25,0.33
2025-03-07,567.6849975585938,85.88993072509766,268.3900146484375,0.33
2025-03-10,567.6849975585938,85.88993072509766,268.3900146484375,0.33
2025-03-10,552.564453125,86.785888671875,266.0400085449219,0.33
2025-03-11,552.564453125,86.785888671875,266.0400085449219,0.34
2025-03-11,547.970947265625,86.16635131835938,269.1600036621094,0.34
2025-03-12,547.970947265625,86.16635131835938,269.1600036621094,0.31
2025-03-12,550.8787841796875,85.6516342163086,270.3299865722656,0.31
2025-03-13,550.8787841796875,85.6516342163086,270.3299865722656,0.33
2025-03-13,543.5353393554688,86.40463256835938,275.1300048828125,0.33
2025-03-14,543.5353393554688,86.40463256835938,275.1300048828125,0.29
2025-03-14,554.762451171875,85.94711303710938,275.239990234375,0.29
2025-03-17,554.762451171875,85.94711303710938,275.239990234375,0.25
2025-03-17,559.0404052734375,86.37603759765625,276.7300109863281,0.25
2025-03-18,559.0404052734375,86.37603759765625,276.7300109863281,0.25
2025-03-18,552.998046875,86.46183013916016,279.9599914550781,0.25
2025-03-19,552.998046875,86.46183013916016,279.9599914550781,0.26
2025-03-19,559.0206909179688,86.90982055664062,281.1099853515625,0.26
2025-03-20,559.0206909179688,86.90982055664062,281.1099853515625,0.29
2025-03-20,557.4041748046875,86.96699523925781,280.75,0.29
2025-03-21,557.4041748046875,86.96699523925781,280.75,0.31
2025-03-21,557.5880126953125,86.45230102539062,278.489990234375,0.31
2025-03-24,557.5880126953125,86.45230102539062,278.489990234375,0.3
2025-03-24,567.5736083984375,85.56584930419922,277.25,0.3
2025-03-25,567.5736083984375,85.56584930419922,277.25,0.35
2025-03-25,568.9379272460938,85.55630493164062,278.4700012207031,0.35
2025-03-26,568.9379272460938,85.55630493164062,278.4700012207031,0.37
2025-03-26,562.1458740234375,84.99394989013672,278.239990234375,0.37
2025-03-27,562.1458740234375,84.99394989013672,278.239990234375,0.41
2025-03-27,560.6530151367188,84.7461166381836,281.9700012207031,0.41
2025-03-28,560.6530151367188,84.7461166381836,281.9700012207031,0.38
2025-03-28,549.3623657226562,85.91852569580078,284.05999755859375,0.38
2025-03-31,549.3623657226562,85.91852569580078,284.05999755859375,0.34
2025-03-31,553.0501098632812,86.76683044433594,288.1400146484375,0.34
2025-04-01,553.0501098632812,86.76683044433594,288.1400146484375,0.3
2025-04-01,554.6121826171875,87.51872253417969,287.57000732421875,0.3
2025-04-02,554.6121826171875,87.51872253417969,287.57000732421875,0.29
2025-04-02,558.1219482421875,87.4613265991211,288.1600036621094,0.29
2025-04-03,558.1219482421875,87.4613265991211,288.1600036621094,0.35
2025-04-03,530.6173095703125,87.86309051513672,286.4200134277344,0.35
2025-04-04,530.6173095703125,87.86309051513672,286.4200134277344,0.33
2025-04-04,499.5533447265625,88.81968688964844,279.7200012207031,0.33
2025-04-07,499.5533447265625,88.81968688964844,279.7200012207031,0.42
2025-04-07,498.66357421875,86.1412353515625,273.7099914550781,0.42
2025-04-08,498.66357421875,86.1412353515625,273.7099914550781,0.55
2025-04-08,490.85308837890625,84.51502227783203,275.20001220703125,0.55
2025-04-09,490.85308837890625,84.51502227783203,275.20001220703125,0.43
2025-04-09,542.4021606445312,85.01244354248047,285.3800048828125,0.43
2025-04-10,542.4021606445312,85.01244354248047,285.3800048828125,0.56
2025-04-10,518.6345825195312,82.66879272460938,292.3500061035156,0.56
2025-04-11,518.6345825195312,82.66879272460938,292.3500061035156,0.52
2025-04-11,527.8884887695312,83.1183853149414,297.92999267578125,0.52
2025-04-14,527.8884887695312,83.1183853149414,297.92999267578125,0.54
2025-04-14,533.0098266601562,83.71147918701172,296.2300109863281,0.54
2025-04-15,533.0098266601562,83.71147918701172,296.2300109863281,0.51
2025-04-15,531.5169067382812,84.00801086425781,297.7799987792969,0.51
2025-04-16,531.5169067382812,84.00801086425781,297.7799987792969,0.52
2025-04-16,519.7023315429688,84.47674560546875,307.4700012207031,0.52
2025-04-17,519.7023315429688,84.47674560546875,307.4700012207031,0.53
2025-04-17,520.44384765625,83.7306137084961,306.1199951171875,0.53
2025-04-21,520.44384765625,83.7306137084961,306.1199951171875,0.67
2025-04-21,508.055908203125,82.26702117919922,315.5899963378906,0.67
2025-04-22,508.055908203125,82.26702117919922,315.5899963378906,0.65
2025-04-22,521.2743530273438,82.72620391845703,311.1099853515625,0.65
2025-04-23,521.2743530273438,82.72620391845703,311.1099853515625,0.59
2025-04-23,529.3516845703125,83.52973175048828,303.6499938964844,0.59
2025-04-24,529.3516845703125,83.52973175048828,303.6499938964844,0.55
2025-04-24,540.4940795898438,84.4097900390625,308.07000732421875,0.55
2025-04-25,540.4940795898438,84.4097900390625,308.07000732421875,0.55
2025-04-25,544.3992309570312,85.03158569335938,304.7300109863281,0.55
2025-04-28,544.3992309570312,85.03158569335938,304.7300109863281,0.56
2025-04-28,544.6068725585938,85.56726837158203,309.07000732421875,0.56
2025-04-29,544.6068725585938,85.56726837158203,309.07000732421875,0.54
2025-04-29,548.0375366210938,86.28470611572266,306.05999755859375,0.54
2025-04-30,548.0375366210938,86.28470611572266,306.05999755859375,0.57
2025-04-30,548.2550048828125,85.58639526367188,303.7699890136719,0.57
2025-05-01,548.2550048828125,85.58639526367188,303.7699890136719,0.55
2025-05-01,552.1404418945312,85.15242767333984,297.4599914550781,0.55
2025-05-02,552.1404418945312,85.15242767333984,297.4599914550781,0.5
2025-05-02,560.3365478515625,84.23072814941406,297.9800109863281,0.5
2025-05-05,560.3365478515625,84.23072814941406,297.9800109863281,0.53
2025-05-05,557.1234130859375,83.7602767944336,306.8800048828125,0.53
2025-05-06,557.1234130859375,83.7602767944336,306.8800048828125,0.52
2025-05-06,552.4667358398438,84.03870391845703,315.4800109863281,0.52
2025-05-07,552.4667358398438,84.03870391845703,315.4800109863281,0.48
2025-05-07,554.7901611328125,84.3939437866211,310.75,0.48
2025-05-08,554.7901611328125,84.3939437866211,310.75,0.47
2025-05-08,558.6558227539062,83.45303344726562,304.6300048828125,0.47
2025-05-09,558.6558227539062,83.45303344726562,304.6300048828125,0.49
2025-05-09,557.9440307617188,83.57784271240234,306.8399963378906,0.49
2025-05-12,557.9440307617188,83.57784271240234,306.8399963378906,0.47
2025-05-12,576.3826293945312,82.80016326904297,298.19000244140625,0.47
2025-05-13,576.3826293945312,82.80016326904297,298.19000244140625,0.47
2025-05-13,580.18896484375,82.46410369873047,299.4599914550781,0.47
2025-05-14,580.18896484375,82.46410369873047,299.4599914550781,0.48
2025-05-14,580.9304809570312,81.91685485839844,293.1600036621094,0.48
2025-05-15,580.9304809570312,81.91685485839844,293.1600036621094,0.49
2025-05-15,583.7679443359375,82.63694763183594,297.8399963378906,0.49
2025-05-16,583.7679443359375,82.63694763183594,297.8399963378906,0.45
2025-05-16,587.465576171875,82.8577651977539,294.239990234375,0.45
2025-05-19,587.465576171875,82.8577651977539,294.239990234375,0.49
2025-05-19,588.108154296875,82.61775207519531,298.0299987792969,0.49
2025-05-20,588.108154296875,82.61775207519531,298.0299987792969,0.51
2025-05-20,586.130859375,82.02245330810547,303.5799865722656,0.51
2025-05-21,586.130859375,82.02245330810547,303.5799865722656,0.58
2025-05-21,576.2540893554688,80.6207046508789,305.82000732421875,0.58
2025-05-22,576.2540893554688,80.6207046508789,305.82000732421875,0.54
2025-05-22,576.4815063476562,81.04315948486328,303.1099853515625,0.54
2025-05-23,576.4815063476562,81.04315948486328,303.1099853515625,0.51
2025-05-23,572.5465087890625,81.17757415771484,309.75,0.51
2025-05-27,572.5465087890625,81.17757415771484,309.75,0.51
2025-05-27,584.4501953125,82.31049346923828,304.5,0.51
2025-05-28,584.4501953125,82.31049346923828,304.5,0.51
2025-05-28,581.06884765625,81.95526885986328,303.80999755859375,0.51
2025-05-29,581.06884765625,81.95526885986328,303.80999755859375,0.51
2025-05-29,583.362548828125,82.71375274658203,305.6099853515625,0.51
2025-05-30,583.362548828125,82.71375274658203,305.6099853515625,0.52
2025-05-30,582.7100830078125,82.83854675292969,303.6000061035156,0.52
2025-06-02,582.7100830078125,82.83854675292969,303.6000061035156,0.52
2025-06-02,585.9925537109375,82.06761169433594,311.6700134277344,0.52
2025-06-03,585.9925537109375,82.06761169433594,311.6700134277344,0.5
2025-06-03,589.3341064453125,81.92306518554688,308.9100036621094,0.5
2025-06-04,589.3341064453125,81.92306518554688,308.9100036621094,0.5
2025-06-04,589.1759643554688,83.25293731689453,310.8999938964844,0.5
2025-06-05,589.1759643554688,83.25293731689453,310.8999938964844,0.48
2025-06-05,586.3285522460938,83.31075286865234,309.3299865722656,0.48
2025-06-06,586.3285522460938,83.31075286865234,309.3299865722656,0.47
2025-06-06,592.3495483398438,82.2507095336914,305.17999267578125,0.47
2025-06-09,592.3495483398438,82.2507095336914,305.17999267578125,0.48
2025-06-09,592.8834228515625,82.33744812011719,306.6199951171875,0.48
2025-06-10,592.8834228515625,82.33744812011719,306.6199951171875,0.46
2025-06-10,596.2449340820312,82.76144409179688,306.7099914550781,0.46
2025-06-11,596.2449340820312,82.76144409179688,306.7099914550781,0.47
2025-06-11,594.5443725585938,83.01202392578125,308.3699951171875,0.47
2025-06-12,594.5443725585938,83.01202392578125,308.3699951171875,0.46
2025-06-12,596.9072875976562,84.0046157836914,312.20001220703125,0.46
2025-06-13,596.9072875976562,84.0046157836914,312.20001220703125,0.45
2025-06-13,590.2338256835938,83.19511413574219,316.2900085449219,0.45
2025-06-16,590.2338256835938,83.19511413574219,316.2900085449219,0.49
2025-06-16,595.8494873046875,82.35670471191406,311.7799987792969,0.49
2025-06-17,595.8494873046875,82.35670471191406,311.7799987792969,0.45
2025-06-17,590.7578735351562,83.35894775390625,311.94000244140625,0.45
2025-06-18,590.7578735351562,83.35894775390625,311.94000244140625,0.44
2025-06-18,590.6688842773438,83.50350952148438,310.260009765625,0.44
2025-06-20,590.6688842773438,83.50350952148438,310.260009765625,0.48
2025-06-20,589.2816772460938,83.34930419921875,310.1300048828125,0.48
2025-06-23,589.2816772460938,83.34930419921875,310.1300048828125,0.5
2025-06-23,595.1022338867188,83.619140625,311.0799865722656,0.5
2025-06-24,595.1022338867188,83.619140625,311.0799865722656,0.55
2025-06-24,601.6764526367188,84.22627258300781,306.19000244140625,0.55
2025-06-25,601.6764526367188,84.22627258300781,306.19000244140625,0.55
2025-06-25,602.0136108398438,84.332275390625,307.1199951171875,0.55
2025-06-26,602.0136108398438,84.332275390625,307.1199951171875,0.56
2025-06-26,606.7236328125,84.75628662109375,306.7799987792969,0.56
2025-06-27,606.7236328125,84.75628662109375,306.7799987792969,0.56
2025-06-27,609.738037109375,84.21663665771484,301.2200012207031,0.56
2025-06-30,609.738037109375,84.21663665771484,301.2200012207031,0.52
2025-06-30,612.6533203125,85.04539489746094,304.8299865722656,0.52
2025-07-01,612.6533203125,85.04539489746094,304.8299865722656,0.48
2025-07-01,612.455078125,85.25626373291016,307.54998779296875,0.48
2025-07-02,612.455078125,85.25626373291016,307.54998779296875,0.52
2025-07-02,615.2315673828125,84.71459197998047,309.25,0.52
2025-07-03,615.2315673828125,84.71459197998047,309.25,0.47
2025-07-03,620.0804443359375,84.12454223632812,307.1400146484375,0.47
2025-07-07,620.0804443359375,84.12454223632812,307.1400146484375,0.5
2025-07-07,615.45947265625,83.32170867919922,307.3699951171875,0.5
2025-07-08,615.45947265625,83.32170867919922,307.3699951171875,0.52
2025-07-08,615.1224365234375,83.2153091430664,304.1600036621094,0.52
2025-07-09,615.1224365234375,83.2153091430664,304.1600036621094,0.48
2025-07-09,618.8110961914062,84.08584594726562,305.5199890136719,0.48
2025-07-10,618.8110961914062,84.08584594726562,305.5199890136719,0.49
2025-07-10,620.5562744140625,84.14387512207031,306.20001220703125,0.49
2025-07-11,620.5562744140625,84.14387512207031,306.20001220703125,0.53
2025-07-11,618.3748779296875,82.98316192626953,309.1400146484375,0.53
2025-07-14,618.3748779296875,82.98316192626953,309.1400146484375,0.53
2025-07-14,619.5548095703125,82.80903625488281,308.010009765625,0.53
2025-07-15,619.5548095703125,82.80903625488281,308.010009765625,0.55
2025-07-15,616.9072875976562,82.22869110107422,306.7300109863281,0.55
2025-07-16,616.9072875976562,82.22869110107422,306.7300109863281,0.58
2025-07-16,618.9697265625,82.34474182128906,308.260009765625,0.58
2025-07-17,618.9697265625,82.34474182128906,308.260009765625,0.56
2025-07-17,622.7576293945312,82.32540893554688,307.5899963378906,0.56
2025-07-18,622.7576293945312,82.32540893554688,307.5899963378906,0.56
2025-07-18,622.301513671875,82.4511489868164,308.3900146484375,0.56
2025-07-21,622.301513671875,82.4511489868164,308.3900146484375,0.53
2025-07-21,623.4815063476562,83.18628692626953,313.1300048828125,0.53
2025-07-22,623.4815063476562,83.18628692626953,313.1300048828125,0.52
2025-07-22,623.5707397460938,83.68926239013672,316.1000061035156,0.52
2025-07-23,623.5707397460938,83.68926239013672,316.1000061035156,0.52
2025-07-23,628.875732421875,83.22496795654297,312.17999267578125,0.52
2025-07-24,628.875732421875,83.22496795654297,312.17999267578125,0.52
2025-07-24,629.083984375,83.07987213134766,310.2699890136719,0.52
2025-07-25,629.083984375,83.07987213134766,310.2699890136719,0.49
2025-07-25,631.741455078125,83.60221862792969,307.3999938964844,0.49
2025-07-28,631.741455078125,83.60221862792969,307.3999938964844,0.51
2025-07-28,631.5828247070312,83.06053161621094,305.4100036621094,0.51
2025-07-29,631.5828247070312,83.06053161621094,305.4100036621094,0.48
2025-07-29,629.9169311523438,84.46310424804688,306.25,0.48
2025-07-30,629.9169311523438,84.46310424804688,306.25,0.44
2025-07-30,629.1236572265625,84.02783203125,300.9599914550781,0.44
2025-07-31,629.1236572265625,84.02783203125,300.9599914550781,0.43
2025-07-31,626.763671875,84.07617950439453,302.9599914550781,0.43
2025-08-01,626.763671875,84.07617950439453,302.9599914550781,0.54
2025-08-01,616.49072265625,85.27145385742188,309.1099853515625,0.54
2025-08-04,616.49072265625,85.27145385742188,309.1099853515625,0.53
2025-08-04,625.861328125,85.50448608398438,310.9100036621094,0.53
2025-08-05,625.861328125,85.50448608398438,310.9100036621094,0.5
2025-08-05,622.688232421875,85.76665496826172,311.1600036621094,0.5
2025-08-06,622.688232421875,85.76665496826172,311.1600036621094,0.53
2025-08-06,627.457763671875,85.27145385742188,310.5,0.53
2025-08-07,627.457763671875,85.27145385742188,310.5,0.51
2025-08-07,626.9322509765625,85.12580108642578,313.1199951171875,0.51
2025-08-08,626.9322509765625,85.12580108642578,313.1199951171875,0.51
2025-08-08,631.8207397460938,84.75684356689453,313.04998779296875,0.51
2025-08-11,631.8207397460938,84.75684356689453,313.04998779296875,0.51
2025-08-11,630.5713500976562,84.85393524169922,308.54998779296875,0.51
2025-08-12,630.5713500976562,84.85393524169922,308.54998779296875,0.57
2025-08-12,637.284423828125,84.42669677734375,308.2699890136719,0.57
2025-08-13,637.284423828125,84.42669677734375,308.2699890136719,0.57
2025-08-13,639.4659423828125,85.12580108642578,309.2099914550781,0.57
2025-08-14,639.4659423828125,85.12580108642578,309.2099914550781,0.55
2025-08-14,639.525390625,84.49466705322266,307.25,0.55
2025-08-15,639.525390625,84.49466705322266,307.25,0.58
2025-08-15,638.028076171875,83.89266204833984,307.42999267578125,0.58
2025-08-18,638.028076171875,83.89266204833984,307.42999267578125,0.57
2025-08-18,637.8893432617188,83.64991760253906,306.95001220703125,0.57
2025-08-19,637.8893432617188,83.64991760253906,306.95001220703125,0.55
2025-08-19,634.4286499023438,84.13542175292969,305.2699890136719,0.55
2025-08-20,634.4286499023438,84.13542175292969,305.2699890136719,0.55
2025-08-20,632.742919921875,84.31989288330078,308.3599853515625,0.55
2025-08-21,632.742919921875,84.31989288330078,308.3599853515625,0.54
2025-08-21,630.2045288085938,83.9023666381836,307.2900085449219,0.54
2025-08-22,630.2045288085938,83.9023666381836,307.2900085449219,0.58
2025-08-22,639.8824462890625,84.5238037109375,310.5799865722656,0.58
2025-08-25,639.8824462890625,84.5238037109375,310.5799865722656,0.55
2025-08-25,637.0662841796875,84.28106689453125,309.8299865722656,0.55
2025-08-26,637.0662841796875,84.28106689453125,309.8299865722656,0.65
2025-08-26,639.733642578125,84.23250579833984,312.0799865722656,0.65
2025-08-27,639.733642578125,84.23250579833984,312.0799865722656,0.65
2025-08-27,641.1912841796875,84.13542175292969,312.7099914550781,0.65
2025-08-28,641.1912841796875,84.13542175292969,312.7099914550781,0.6
2025-08-28,643.4619750976562,84.68887329101562,315.0299987792969,0.6
2025-08-29,643.4619750976562,84.68887329101562,315.0299987792969,0.64
2025-08-29,639.6245727539062,84.08686828613281,318.07000732421875,0.64
2025-09-02,639.6245727539062,84.08686828613281,318.07000732421875,0.62
2025-09-02,634.8848266601562,83.46112060546875,325.5899963378906,0.62
2025-09-03,634.8848266601562,83.46112060546875,325.5899963378906,0.61
2025-09-03,638.3255615234375,84.37731170654297,328.1400146484375,0.61
2025-09-04,638.3255615234375,84.37731170654297,328.1400146484375,0.58
2025-09-04,643.6603393554688,85.02059936523438,326.69000244140625,0.58
2025-09-05,643.6603393554688,85.02059936523438,326.69000244140625,0.59
2025-09-05,641.796142578125,86.3169174194336,331.04998779296875,0.59
2025-09-08,641.796142578125,86.3169174194336,331.04998779296875,0.56
2025-09-08,643.372802734375,87.4670181274414,334.82000732421875,0.56
2025-09-09,643.372802734375,87.4670181274414,334.82000732421875,0.54
2025-09-09,644.8601684570312,86.9699478149414,334.05999755859375,0.54
2025-09-10,644.8601684570312,86.9699478149414,334.05999755859375,0.5
2025-09-10,646.7243041992188,87.4670181274414,335.260009765625,0.5
2025-09-11,646.7243041992188,87.4670181274414,335.260009765625,0.49
2025-09-11,652.0988159179688,88.05181884765625,334.760009765625,0.49
2025-09-12,652.0988159179688,88.05181884765625,334.760009765625,0.5
2025-09-12,651.8805541992188,87.67169952392578,335.4200134277344,0.5
2025-09-15,651.8805541992188,87.67169952392578,335.4200134277344,0.51
2025-09-15,655.3511352539062,87.87638092041016,338.9100036621094,0.51
2025-09-16,655.3511352539062,87.87638092041016,338.9100036621094,0.53
2025-09-16,654.4488525390625,88.06157684326172,339.5899963378906,0.53
2025-09-17,654.4488525390625,88.06157684326172,339.5899963378906,0.54
2025-09-17,653.6357421875,87.83739471435547,336.9700012207031,0.54
2025-09-18,653.6357421875,87.83739471435547,336.9700012207031,0.54
2025-09-18,656.6897583007812,86.93096160888672,335.6199951171875,0.54
2025-09-19,656.6897583007812,86.93096160888672,335.6199951171875,0.57
2025-09-19,659.9423217773438,86.7652587890625,339.17999267578125,0.57
2025-09-22,659.9423217773438,86.7652587890625,339.17999267578125,0.54
2025-09-22,663.0645141601562,86.45336151123047,345.04998779296875,0.54
2025-09-23,663.0645141601562,86.45336151123047,345.04998779296875,0.59
2025-09-23,659.4551391601562,87.05765533447266,346.4599914550781,0.59
2025-09-24,659.4551391601562,87.05765533447266,346.4599914550781,0.59
2025-09-24,657.3569946289062,86.72628021240234,343.32000732421875,0.59
2025-09-25,657.3569946289062,86.72628021240234,343.32000732421875,0.54
2025-09-25,654.3242797851562,86.72628021240234,344.75,0.54
2025-09-26,654.3242797851562,86.72628021240234,344.75,0.57
2025-09-26,658.072998046875,86.64830017089844,346.739990234375,0.57
2025-09-29,658.072998046875,86.64830017089844,346.739990234375,0.52
2025-09-29,659.9224243164062,87.35980987548828,352.4599914550781,0.52
2025-09-30,659.9224243164062,87.35980987548828,352.4599914550781,0.56
2025-09-30,662.4082641601562,87.10639953613281,355.4700012207031,0.56
2025-10-01,662.4082641601562,87.10639953613281,355.4700012207031,0.57
2025-10-01,664.6654663085938,87.33135223388672,356.0299987792969,0.57
2025-10-02,664.6654663085938,87.33135223388672,356.0299987792969,0.55
2025-10-02,665.4309692382812,87.58563995361328,354.7900085449219,0.55
2025-10-03,665.4309692382812,87.58563995361328,354.7900085449219,0.55
2025-10-03,665.421142578125,87.41937255859375,357.6400146484375,0.55
2025-10-06,665.421142578125,87.41937255859375,357.6400146484375,0.58
2025-10-06,667.8074951171875,86.7249526977539,364.3800048828125,0.58
2025-10-07,667.8074951171875,86.7249526977539,364.3800048828125,0.57
2025-10-07,665.3316040039062,87.22376251220703,366.260009765625,0.57
2025-10-08,665.3316040039062,87.22376251220703,366.260009765625,0.55
2025-10-08,669.2990112304688,87.29222869873047,372.29998779296875,0.55
2025-10-09,669.2990112304688,87.29222869873047,372.29998779296875,0.54
2025-10-09,667.3600463867188,87.22376251220703,365.42999267578125,0.54
2025-10-10,667.3600463867188,87.22376251220703,365.42999267578125,0.53
2025-10-10,649.32275390625,88.63217163085938,369.1199951171875,0.53
2025-10-13,659.2860107421875,88.58326721191406,378.0899963378906,0.53
2025-10-14,659.2860107421875,88.58326721191406,378.0899963378906,0.55
2025-10-14,658.4805908203125,88.8669204711914,380.7900085449219,0.55
2025-10-15,658.4805908203125,88.8669204711914,380.7900085449219,0.55
2025-10-15,661.4039916992188,88.67130279541016,387.3900146484375,0.55
2025-10-16,661.4039916992188,88.67130279541016,387.3900146484375,0.58
2025-10-16,656.899658203125,89.33638000488281,396.45001220703125,0.58
2025-10-17,656.899658203125,89.33638000488281,396.45001220703125,0.56
2025-10-17,660.62841796875,89.19944763183594,388.989990234375,0.56
2025-10-20,660.62841796875,89.19944763183594,388.989990234375,0.54
2025-10-20,667.499267578125,89.54177856445312,403.1499938964844,0.54
2025-10-21,667.499267578125,89.54177856445312,403.1499938964844,0.53
2025-10-21,667.4892578125,89.98190307617188,377.239990234375,0.53
2025-10-22,667.4892578125,89.98190307617188,377.239990234375,0.52
2025-10-22,664.0191040039062,90.04058074951172,377.2799987792969,0.52
2025-10-23,664.0191040039062,90.04058074951172,377.2799987792969,0.53
2025-10-23,667.9566650390625,89.42440795898438,378.7900085449219,0.53
2025-10-24,667.9566650390625,89.42440795898438,378.7900085449219,0.54
2025-10-24,673.4155883789062,89.46353912353516,377.5199890136719,0.54
2025-10-27,673.4155883789062,89.46353912353516,377.5199890136719,0.53
2025-10-27,681.3603515625,89.7667236328125,367.010009765625,0.53
2025-10-28,681.3603515625,89.7667236328125,367.010009765625,0.52
2025-10-28,683.1700439453125,90.00146484375,364.3800048828125,0.52
2025-10-29,683.1700439453125,90.00146484375,364.3800048828125,0.49
2025-10-29,683.4981689453125,89.09186553955078,363.0,0.49
2025-10-30,683.4981689453125,89.09186553955078,363.0,0.5
2025-10-30,675.98095703125,88.573486328125,370.1300048828125,0.5
2025-10-31,675.98095703125,88.573486328125,370.1300048828125,0.51
2025-10-31,678.1983642578125,88.30941772460938,368.1199951171875,0.51
2025-11-03,678.1983642578125,88.30941772460938,368.1199951171875,0.53
2025-11-03,679.4711303710938,88.08854675292969,368.7799987792969,0.53
2025-11-04,679.4711303710938,88.08854675292969,368.7799987792969,0.52
2025-11-04,671.4169921875,88.28487396240234,362.32000732421875,0.52
2025-11-05,671.4169921875,88.28487396240234,362.32000732421875,0.54
2025-11-05,673.7437133789062,87.32290649414062,366.510009765625,0.54
2025-11-06,673.7437133789062,87.32290649414062,366.510009765625,0.54
2025-11-06,666.514892578125,88.10819244384766,366.07000732421875,0.54
2025-11-07,666.514892578125,88.10819244384766,366.07000732421875,0.56
2025-11-07,667.1710815429688,87.92168426513672,368.30999755859375,0.56
2025-11-10,667.1710815429688,87.92168426513672,368.30999755859375,0.55
2025-11-10,677.5819091796875,87.90204620361328,378.3800048828125,0.55
2025-11-11,679.1329956054688,88.30451202392578,379.8699951171875,0.55
2025-11-12,679.1329956054688,88.30451202392578,379.8699951171875,0.52
2025-11-12,679.5108642578125,88.46156311035156,385.989990234375,0.52
2025-11-13,679.5108642578125,88.46156311035156,385.989990234375,0.53
2025-11-13,668.2350463867188,87.73517608642578,382.8699951171875,0.53
2025-11-14,668.2350463867188,87.73517608642578,382.8699951171875,0.52
2025-11-14,668.125732421875,87.23457336425781,375.9599914550781,0.52
2025-11-17,668.125732421875,87.23457336425781,375.9599914550781,0.53
2025-11-17,661.901123046875,87.45052337646484,371.6499938964844,0.53
2025-11-18,661.901123046875,87.45052337646484,371.6499938964844,0.54
2025-11-18,656.3428344726562,87.42106628417969,374.3500061035156,0.54
2025-11-19,656.3428344726562,87.42106628417969,374.3500061035156,0.55
2025-11-19,658.87841796875,87.24437713623047,374.9599914550781,0.55
2025-11-20,658.87841796875,87.24437713623047,374.9599914550781,0.55
2025-11-20,648.8355712890625,87.58794403076172,374.8500061035156,0.55
2025-11-21,648.8355712890625,87.58794403076172,374.8500061035156,0.55
2025-11-21,655.2987670898438,87.85297393798828,374.2699890136719,0.55
2025-11-24,655.2987670898438,87.85297393798828,374.2699890136719,0.58
2025-11-24,664.9437866210938,88.35359191894531,380.20001220703125,0.58
2025-11-25,664.9437866210938,88.35359191894531,380.20001220703125,0.58
2025-11-25,671.1981811523438,88.57935333251953,380.0799865722656,0.58
2025-11-26,671.1981811523438,88.57935333251953,380.0799865722656,0.55
2025-11-26,675.8318481445312,88.97199249267578,383.1199951171875,0.55
2025-11-28,675.8318481445312,88.97199249267578,383.1199951171875,0.55
2025-11-28,679.5208129882812,88.5499038696289,387.8800048828125,0.55
2025-12-01,679.5208129882812,88.5499038696289,387.8800048828125,0.55
2025-12-01,676.4185180664062,87.44757843017578,389.75,0.55
2025-12-02,676.4185180664062,87.44757843017578,389.75,0.58
2025-12-02,677.67138671875,87.48696899414062,387.239990234375,0.58
2025-12-03,677.67138671875,87.48696899414062,387.239990234375,0.57
2025-12-03,680.0180053710938,87.7332534790039,386.8800048828125,0.57
2025-12-04,680.0180053710938,87.7332534790039,386.8800048828125,0.59
2025-12-04,680.51513671875,87.26040649414062,387.1300048828125,0.59
2025-12-05,680.51513671875,87.26040649414062,387.1300048828125,0.58
2025-12-05,681.8078002929688,86.85650634765625,386.44000244140625,0.58
2025-12-08,681.8078002929688,86.85650634765625,386.44000244140625,0.6
2025-12-08,679.7594604492188,86.57083129882812,385.4200134277344,0.6
2025-12-09,679.7594604492188,86.57083129882812,385.4200134277344,0.57
2025-12-09,679.1727294921875,86.65949249267578,387.3999938964844,0.57
2025-12-10,679.1727294921875,86.65949249267578,387.3999938964844,0.59
2025-12-10,683.6771850585938,86.99442291259766,389.04998779296875,0.59
2025-12-11,683.6771850585938,86.99442291259766,389.04998779296875,0.62
2025-12-11,685.26806640625,86.87621307373047,393.239990234375,0.62
2025-12-12,685.26806640625,86.87621307373047,393.239990234375,0.67
2025-12-12,677.9000244140625,86.03887176513672,395.44000244140625,0.67
2025-12-15,677.9000244140625,86.03887176513672,395.44000244140625,0.67
2025-12-15,676.8758544921875,86.09798431396484,395.79998779296875,0.67
2025-12-16,676.8758544921875,86.09798431396484,395.79998779296875,0.67
2025-12-16,675.0264282226562,86.57083129882812,395.8900146484375,0.67
2025-12-17,675.0264282226562,86.57083129882812,395.8900146484375,0.67
2025-12-17,667.5986938476562,86.49202728271484,399.2900085449219,0.67
2025-12-18,667.5986938476562,86.49202728271484,399.2900085449219,0.66
2025-12-18,672.6399536132812,86.90576934814453,398.57000732421875,0.66
2025-12-19,672.6399536132812,86.90576934814453,398.57000732421875,0.68
2025-12-19,678.7363891601562,86.58140563964844,399.0199890136719,0.68
2025-12-22,678.7363891601562,86.58140563964844,399.0199890136719,0.73
2025-12-22,682.96484375,86.39350128173828,408.2300109863281,0.73
2025-12-23,682.96484375,86.39350128173828,408.2300109863281,0.7
2025-12-23,686.0863037109375,86.53194427490234,413.6400146484375,0.7
2025-12-24,686.0863037109375,86.53194427490234,413.6400146484375,0.68
2025-12-24,688.4996948242188,87.05609130859375,411.92999267578125,0.68
2025-12-26,688.4996948242188,87.05609130859375,411.92999267578125,0.68
2025-12-26,688.4298706054688,86.769287109375,416.739990234375,0.68
2025-12-29,688.4298706054688,86.769287109375,416.739990234375,0.67
2025-12-29,685.9765625,87.09564971923828,398.6000061035156,0.67
2025-12-30,685.9765625,87.09564971923828,398.6000061035156,0.69
2025-12-30,685.138916015625,86.8879623413086,398.8900146484375,0.69
2025-12-31,685.138916015625,86.8879623413086,398.8900146484375,0.71
2025-12-31,680.062744140625,86.19571685791016,396.30999755859375,0.71
2026-01-02,680.062744140625,86.19571685791016,396.30999755859375,0.72
2026-01-02,681.309326171875,86.06715393066406,398.2799987792969,0.72
2026-01-05,681.309326171875,86.06715393066406,398.2799987792969,0.71
2026-01-05,685.846923828125,86.49239349365234,408.760009765625,0.71
2026-01-06,685.846923828125,86.49239349365234,408.760009765625,0.71
2026-01-06,689.92578125,86.31437683105469,413.17999267578125,0.71
2026-01-07,689.92578125,86.31437683105469,413.17999267578125,0.68
2026-01-07,687.701904296875,86.81874084472656,409.2300109863281,0.68
2026-01-08,687.701904296875,86.81874084472656,409.2300109863281,0.7
2026-01-08,687.632080078125,86.38360595703125,411.489990234375,0.7
2026-01-09,687.632080078125,86.38360595703125,411.489990234375,0.64
2026-01-09,692.1796264648438,86.95719146728516,414.4700012207031,0.64
2026-01-12,692.1796264648438,86.95719146728516,414.4700012207031,0.65
2026-01-12,693.2666625976562,86.70006561279297,422.2300109863281,0.65
2026-01-13,693.2666625976562,86.70006561279297,422.2300109863281,0.65
2026-01-13,691.8804931640625,86.8484115600586,421.6300048828125,0.65
2026-01-14,691.8804931640625,86.8484115600586,421.6300048828125,0.64
2026-01-14,688.479736328125,87.35277557373047,425.94000244140625,0.64
2026-01-15,688.479736328125,87.35277557373047,425.94000244140625,0.61
2026-01-15,690.3546142578125,87.33299255371094,423.3299865722656,0.61
2026-01-16,690.3546142578125,87.33299255371094,423.3299865722656,0.65
2026-01-16,689.7761840820312,86.82862854003906,421.2900085449219,0.65
2026-01-20,689.7761840820312,86.82862854003906,421.2900085449219,0.7
2026-01-20,675.7345581054688,85.69136047363281,437.2300109863281,0.7
2026-01-21,675.7345581054688,85.69136047363281,437.2300109863281,0.66
2026-01-21,683.5332641601562,86.34405517578125,443.6000061035156,0.66
2026-01-22,683.5332641601562,86.34405517578125,443.6000061035156,0.65
2026-01-22,687.103515625,86.7198486328125,451.7900085449219,0.65
2026-01-23,687.103515625,86.7198486328125,451.7900085449219,0.64
2026-01-23,687.352783203125,86.95719146728516,458.0,0.64
2026-01-26,687.352783203125,86.95719146728516,458.0,0.66
2026-01-26,690.84326171875,87.37254333496094,464.70001220703125,0.66
2026-01-27,690.84326171875,87.37254333496094,464.70001220703125,0.71
2026-01-27,693.5957641601562,86.82862854003906,476.1000061035156,0.71
2026-01-28,693.5957641601562,86.82862854003906,476.1000061035156,0.7
2026-01-28,693.5259399414062,86.63084411621094,494.55999755859375,0.7
2026-01-29,693.5259399414062,86.63084411621094,494.55999755859375,0.71
2026-01-29,692.1497192382812,86.65061950683594,495.8999938964844,0.71
2026-01-30,692.1497192382812,86.65061950683594,495.8999938964844,0.74
2026-01-30,690.0853271484375,86.1660385131836,444.95001220703125,0.74
2026-02-02,690.0853271484375,86.1660385131836,444.95001220703125,0.72
2026-02-02,693.5159912109375,85.91985321044922,427.1300048828125,0.72
2026-02-03,693.5159912109375,85.91985321044922,427.1300048828125,0.71
2026-02-03,687.6520385742188,86.12832641601562,454.2900085449219,0.71
2026-02-04,687.6520385742188,86.12832641601562,454.2900085449219,0.72
2026-02-04,684.3211059570312,85.90991973876953,453.9700012207031,0.72
2026-02-05,684.3211059570312,85.90991973876953,453.9700012207031,0.74
2026-02-05,675.7744750976562,86.84307861328125,441.8800048828125,0.74
2026-02-06,675.7744750976562,86.84307861328125,441.8800048828125,0.72
2026-02-06,688.739013671875,86.90264129638672,455.4599914550781,0.72
2026-02-09,688.739013671875,86.90264129638672,455.4599914550781,0.74
2026-02-09,692.0599975585938,86.8827896118164,467.0299987792969,0.74
2026-02-10,692.0599975585938,86.8827896118164,467.0299987792969,0.71
2026-02-10,690.2349243164062,87.88543701171875,462.3999938964844,0.71
2026-02-11,690.2349243164062,87.88543701171875,462.3999938964844,0.66
2026-02-11,690.075439453125,87.41885375976562,467.6300048828125,0.66
2026-02-12,690.075439453125,87.41885375976562,467.6300048828125,0.62
2026-02-12,679.41455078125,88.5803451538086,451.3900146484375,0.62
2026-02-13,679.41455078125,88.5803451538086,451.3900146484375,0.64
2026-02-13,679.8931884765625,89.0667724609375,462.6199951171875,0.64
2026-02-17,679.8931884765625,89.0667724609375,462.6199951171875,0.62
2026-02-17,680.9901733398438,89.21568298339844,448.20001220703125,0.62
2026-02-18,680.9901733398438,89.21568298339844,448.20001220703125,0.62
2026-02-18,684.4208374023438,88.87815856933594,458.2799987792969,0.62
2026-02-19,684.4208374023438,88.87815856933594,458.2799987792969,0.61
2026-02-19,682.61572265625,88.9675064086914,459.55999755859375,0.61
2026-02-20,682.61572265625,88.9675064086914,459.55999755859375,0.6
2026-02-20,687.5523071289062,88.759033203125,468.6199951171875,0.6
2026-02-23,687.5523071289062,88.759033203125,468.6199951171875,0.6
2026-02-23,680.531494140625,89.08662414550781,481.2799987792969,0.6
2026-02-24,680.531494140625,89.08662414550781,481.2799987792969,0.61
2026-02-24,685.4779052734375,89.2454605102539,474.6099853515625,0.61
2026-02-25,685.4779052734375,89.2454605102539,474.6099853515625,0.6
2026-02-25,691.26220703125,89.2553939819336,473.4200134277344,0.6
2026-02-26,691.26220703125,89.2553939819336,473.4200134277344,0.6
2026-02-26,687.422607421875,89.61276245117188,477.4800109863281,0.6
2026-02-27,687.422607421875,89.61276245117188,477.4800109863281,0.59
2026-02-27,684.1216430664062,90.15876007080078,483.75,0.59
2026-03-02,684.1216430664062,90.15876007080078,483.75,0.58
2026-03-02,684.5106201171875,89.25337982177734,490.0,0.58
2026-03-03,684.5106201171875,89.25337982177734,490.0,0.55
2026-03-03,678.4771118164062,89.0740966796875,468.1400146484375,0.55
2026-03-04,678.4771118164062,89.0740966796875,468.1400146484375,0.55
2026-03-04,683.2639770507812,88.79521179199219,471.79998779296875,0.55
2026-03-05,683.2639770507812,88.79521179199219,471.79998779296875,0.56
2026-03-05,679.4544067382812,88.4366455078125,466.1300048828125,0.56
2026-03-06,679.4544067382812,88.4366455078125,466.1300048828125,0.59
2026-03-06,670.5487060546875,88.10795593261719,473.510009765625,0.59
2026-03-09,670.5487060546875,88.10795593261719,473.510009765625,0.56
2026-03-09,676.4227294921875,88.87489318847656,472.5299987792969,0.56
2026-03-10,676.4227294921875,88.87489318847656,472.5299987792969,0.58
2026-03-10,675.3356323242188,87.92867279052734,477.8599853515625,0.58
2026-03-11,675.3356323242188,87.92867279052734,477.8599853515625,0.57
2026-03-11,674.4879760742188,86.793212890625,476.239990234375,0.57
2026-03-12,674.4879760742188,86.793212890625,476.239990234375,0.51
2026-03-12,664.2459106445312,86.62388610839844,466.8800048828125,0.51
2026-03-13,664.2459106445312,86.62388610839844,466.8800048828125,0.55
2026-03-13,660.4862060546875,86.19560241699219,460.8399963378906,0.55
2026-03-16,660.4862060546875,86.19560241699219,460.8399963378906,0.55
2026-03-16,667.2078857421875,86.86293029785156,460.42999267578125,0.55
2026-03-17,667.2078857421875,86.86293029785156,460.42999267578125,0.52
2026-03-17,668.9630126953125,87.10197448730469,459.2699890136719,0.52
2026-03-18,668.9630126953125,87.10197448730469,459.2699890136719,0.5
2026-03-18,659.6285400390625,86.61392211914062,444.739990234375,0.5
2026-03-19,659.6285400390625,86.61392211914062,444.739990234375,0.46
2026-03-19,658.0029907226562,87.14181518554688,426.4100036621094,0.46
2026-03-20,658.0029907226562,87.14181518554688,426.4100036621094,0.51
2026-03-20,648.5700073242188,85.4884262084961,413.3800048828125,0.51
2026-03-23,648.5700073242188,85.4884262084961,413.3800048828125,0.51
2026-03-23,655.3800048828125,86.04619598388672,404.0400085449219,0.51
2026-03-24,655.3800048828125,86.04619598388672,404.0400085449219,0.49
2026-03-24,653.1799926757812,85.66770935058594,404.1300048828125,0.49
2026-03-25,653.1799926757812,85.66770935058594,404.1300048828125,0.49
2026-03-25,656.8200073242188,86.49440002441406,416.2900085449219,0.49
2026-03-26,656.8200073242188,86.49440002441406,416.2900085449219,0.46
2026-03-26,645.0900268554688,85.7673110961914,400.6400146484375,0.46
2026-03-27,645.0900268554688,85.7673110961914,400.6400146484375,0.56
2026-03-27,634.0900268554688,85.29917907714844,414.70001220703125,0.56
2026-03-30,634.0900268554688,85.29917907714844,414.70001220703125,0.53
2026-03-30,631.969970703125,86.43463897705078,414.5799865722656,0.53
2026-03-31,631.969970703125,86.43463897705078,414.5799865722656,0.51
2026-03-31,650.3400268554688,86.34500122070312,430.2900085449219,0.51
2026-04-01,650.3400268554688,86.34500122070312,430.2900085449219,0.52
2026-04-01,655.239990234375,86.26000213623047,437.82000732421875,0.52
2026-04-02,655.239990234375,86.26000213623047,437.82000732421875,0.52
2026-04-02,655.8300170898438,86.79000091552734,429.4100036621094,0.52
2026-04-03,655.8300170898438,86.79000091552734,429.4100036621094,0.51
2026-04-06,655.8300170898438,86.79000091552734,429.4100036621094,0.5
2026-04-06,658.9299926757812,86.6500015258789,427.6499938964844,0.5
2026-04-07,658.9299926757812,86.6500015258789,427.6499938964844,0.52
